date,region,channel,marketing_spend_inr,impressions,clicks,conversions,attributed_quantity_kg,attributed_revenue_inr
2025-01-01,Mumbai,D2C,5903.53,56919,2428,176,41.37,17748.67
2025-01-01,Mumbai,B2B,501.9,2509,100,5,0.0,0.0
2025-01-01,Pune,D2C,5501.45,61697,1579,219,57.09,27444.64
2025-01-01,Pune,B2B,615.82,3079,123,6,0.0,0.0
2025-01-01,Bengaluru,D2C,4690.71,41802,1371,180,63.72,25532.13
2025-01-01,Bengaluru,B2B,567.31,2836,113,5,0.0,0.0
2025-01-01,Chennai,D2C,2344.82,19882,599,86,32.04,14476.84
2025-01-01,Chennai,B2B,534.55,2672,106,5,0.0,0.0
2025-01-01,Panaji,D2C,4056.94,48073,1324,132,41.43,17751.73
2025-01-01,Panaji,B2B,640.4,3201,128,6,0.0,0.0
2025-01-02,Mumbai,D2C,5102.35,41869,1187,167,44.27,18350.03
2025-01-02,Mumbai,B2B,456.74,2283,91,4,0.0,0.0
2025-01-02,Pune,D2C,5339.82,57074,2445,180,63.14,27579.89
2025-01-02,Pune,B2B,499.26,2496,99,4,0.0,0.0
2025-01-02,Bengaluru,D2C,6405.21,53554,2413,198,47.48,19185.62
2025-01-02,Bengaluru,B2B,639.23,3196,127,6,0.0,0.0
2025-01-02,Chennai,D2C,20119.81,202171,5417,620,83.29,39070.17
2025-01-02,Chennai,B2B,587.36,2936,117,5,0.0,0.0
2025-01-02,Panaji,D2C,5620.55,52632,1231,175,70.37,29964.14
2025-01-02,Panaji,B2B,483.91,2419,96,4,0.0,0.0
2025-01-03,Mumbai,D2C,6043.86,61155,1666,98,73.75,36139.08
2025-01-03,Mumbai,B2B,552.64,2763,110,5,0.0,0.0
2025-01-03,Pune,D2C,3559.96,38817,1821,252,53.1,24648.48
2025-01-03,Pune,B2B,619.07,3095,123,6,0.0,0.0
2025-01-03,Bengaluru,D2C,15678.86,131794,5259,265,72.68,33058.13
2025-01-03,Bengaluru,B2B,584.74,2923,116,5,0.0,0.0
2025-01-03,Chennai,D2C,6049.35,65627,1779,146,67.92,31579.8
2025-01-03,Chennai,B2B,632.51,3162,126,6,0.0,0.0
2025-01-03,Panaji,D2C,5424.49,45428,1409,107,45.81,22781.66
2025-01-03,Panaji,B2B,594.05,2970,118,5,0.0,0.0
2025-01-04,Mumbai,D2C,5878.67,65719,2305,248,57.22,24004.15
2025-01-04,Mumbai,B2B,476.04,2380,95,4,0.0,0.0
2025-01-04,Pune,D2C,12110.95,128156,3244,467,107.51,52842.02
2025-01-04,Pune,B2B,597.72,2988,119,5,0.0,0.0
2025-01-04,Bengaluru,D2C,4875.87,57800,2635,209,48.36,23459.56
2025-01-04,Bengaluru,B2B,574.03,2870,114,5,0.0,0.0
2025-01-04,Chennai,D2C,4073.95,47847,1956,209,35.02,16159.46
2025-01-04,Chennai,B2B,448.7,2243,89,4,0.0,0.0
2025-01-04,Panaji,D2C,6057.42,65347,2684,230,50.34,24210.21
2025-01-04,Panaji,B2B,505.14,2525,101,5,0.0,0.0
2025-01-05,Mumbai,D2C,5304.45,53285,1867,242,60.08,28251.67
2025-01-05,Mumbai,B2B,525.72,2628,105,5,0.0,0.0
2025-01-05,Pune,D2C,5232.3,49719,1134,122,37.47,16731.36
2025-01-05,Pune,B2B,517.62,2588,103,5,0.0,0.0
2025-01-05,Bengaluru,D2C,3211.5,26083,550,72,38.54,15906.14
2025-01-05,Bengaluru,B2B,535.73,2678,107,5,0.0,0.0
2025-01-05,Chennai,D2C,6560.38,68828,1552,85,62.02,28159.63
2025-01-05,Chennai,B2B,512.86,2564,102,5,0.0,0.0
2025-01-05,Panaji,D2C,6363.44,64049,1901,246,50.69,22500.2
2025-01-05,Panaji,B2B,582.88,2914,116,5,0.0,0.0
2025-01-06,Mumbai,D2C,4228.18,36471,1003,105,55.75,25978.43
2025-01-06,Mumbai,B2B,666.13,3330,133,6,0.0,0.0
2025-01-06,Pune,D2C,5377.3,52043,1427,122,64.45,25873.36
2025-01-06,Pune,B2B,665.14,3325,133,6,0.0,0.0
2025-01-06,Bengaluru,D2C,4762.61,47466,1623,109,49.48,21762.15
2025-01-06,Bengaluru,B2B,687.2,3436,137,6,0.0,0.0
2025-01-06,Chennai,D2C,19629.2,186447,7229,725,130.05,60586.81
2025-01-06,Chennai,B2B,632.33,3161,126,6,0.0,0.0
2025-01-06,Panaji,D2C,4797.54,56423,2102,186,56.91,25372.18
2025-01-06,Panaji,B2B,506.09,2530,101,5,0.0,0.0
2025-01-07,Mumbai,D2C,5686.85,67359,3176,220,40.32,16534.71
2025-01-07,Mumbai,B2B,507.1,2535,101,5,0.0,0.0
2025-01-07,Pune,D2C,4513.57,51362,1063,139,43.06,17732.6
2025-01-07,Pune,B2B,520.76,2603,104,5,0.0,0.0
2025-01-07,Bengaluru,D2C,5952.01,65116,2871,224,45.42,21576.96
2025-01-07,Bengaluru,B2B,645.26,3226,129,6,0.0,0.0
2025-01-07,Chennai,D2C,3212.33,30077,1441,195,40.5,19239.05
2025-01-07,Chennai,B2B,377.94,1889,75,3,0.0,0.0
2025-01-07,Panaji,D2C,4592.08,46017,2061,169,64.22,28189.64
2025-01-07,Panaji,B2B,526.16,2630,105,5,0.0,0.0
2025-01-08,Mumbai,D2C,4728.96,55813,2076,234,49.8,21381.45
2025-01-08,Mumbai,B2B,438.69,2193,87,4,0.0,0.0
2025-01-08,Pune,D2C,6204.92,69286,3027,178,58.86,23882.28
2025-01-08,Pune,B2B,380.33,1901,76,3,0.0,0.0
2025-01-08,Bengaluru,D2C,2909.98,27364,643,41,47.51,21941.93
2025-01-08,Bengaluru,B2B,677.04,3385,135,6,0.0,0.0
2025-01-08,Chennai,D2C,4566.7,49434,1109,64,67.13,29362.69
2025-01-08,Chennai,B2B,520.38,2601,104,5,0.0,0.0
2025-01-08,Panaji,D2C,6154.35,73507,3131,274,42.5,20302.95
2025-01-08,Panaji,B2B,452.26,2261,90,4,0.0,0.0
2025-01-09,Mumbai,D2C,2962.92,25021,870,44,39.97,16213.7
2025-01-09,Mumbai,B2B,657.0,3285,131,6,0.0,0.0
2025-01-09,Pune,D2C,6271.14,74304,2321,182,73.99,31249.4
2025-01-09,Pune,B2B,577.09,2885,115,5,0.0,0.0
2025-01-09,Bengaluru,D2C,5069.65,42053,1539,226,54.22,25102.18
2025-01-09,Bengaluru,B2B,598.35,2991,119,5,0.0,0.0
2025-01-09,Chennai,D2C,4568.06,47221,2221,121,43.29,21429.58
2025-01-09,Chennai,B2B,686.0,3429,137,6,0.0,0.0
2025-01-09,Panaji,D2C,4889.07,44537,1142,110,47.31,21687.32
2025-01-09,Panaji,B2B,597.63,2988,119,5,0.0,0.0
2025-01-10,Mumbai,D2C,3087.29,33154,824,116,50.63,25062.42
2025-01-10,Mumbai,B2B,536.25,2681,107,5,0.0,0.0
2025-01-10,Pune,D2C,5741.96,67358,3097,168,38.89,17018.69
2025-01-10,Pune,B2B,647.67,3238,129,6,0.0,0.0
2025-01-10,Bengaluru,D2C,5295.48,62908,2847,381,53.44,23592.1
2025-01-10,Bengaluru,B2B,390.27,1951,78,3,0.0,0.0
2025-01-10,Chennai,D2C,4891.37,55035,2751,411,54.39,25939.55
2025-01-10,Chennai,B2B,494.45,2472,98,4,0.0,0.0
2025-01-10,Panaji,D2C,4686.98,55382,2114,154,57.22,26426.58
2025-01-10,Panaji,B2B,340.09,1700,68,3,0.0,0.0
2025-01-11,Mumbai,D2C,4172.11,42059,1815,185,59.82,27228.56
2025-01-11,Mumbai,B2B,469.61,2348,93,4,0.0,0.0
2025-01-11,Pune,D2C,6026.58,51443,1073,134,62.89,29585.45
2025-01-11,Pune,B2B,516.61,2583,103,5,0.0,0.0
2025-01-11,Bengaluru,D2C,13699.05,128803,4855,433,84.12,41255.32
2025-01-11,Bengaluru,B2B,465.77,2328,93,4,0.0,0.0
2025-01-11,Chennai,D2C,5200.13,49849,1927,262,70.29,29150.56
2025-01-11,Chennai,B2B,282.91,1414,56,2,0.0,0.0
2025-01-11,Panaji,D2C,4985.28,49037,2422,240,46.91,21734.94
2025-01-11,Panaji,B2B,579.64,2898,115,5,0.0,0.0
2025-01-12,Mumbai,D2C,4877.09,41514,1019,65,57.3,23960.58
2025-01-12,Mumbai,B2B,492.47,2462,98,4,0.0,0.0
2025-01-12,Pune,D2C,5747.37,61325,1543,106,39.45,16448.47
2025-01-12,Pune,B2B,470.93,2354,94,4,0.0,0.0
2025-01-12,Bengaluru,D2C,4184.5,35495,1200,84,44.13,19871.67
2025-01-12,Bengaluru,B2B,444.1,2220,88,4,0.0,0.0
2025-01-12,Chennai,D2C,4898.05,51486,1156,158,67.22,27297.41
2025-01-12,Chennai,B2B,504.21,2521,100,5,0.0,0.0
2025-01-12,Panaji,D2C,5851.35,51129,1343,116,56.78,26221.83
2025-01-12,Panaji,B2B,437.96,2189,87,4,0.0,0.0
2025-01-13,Mumbai,D2C,4373.48,35629,982,119,62.67,28273.4
2025-01-13,Mumbai,B2B,280.79,1403,56,2,0.0,0.0
2025-01-13,Pune,D2C,4027.73,40802,1112,85,43.7,17569.43
2025-01-13,Pune,B2B,507.95,2539,101,5,0.0,0.0
2025-01-13,Bengaluru,D2C,3938.74,33396,1560,170,52.69,25234.0
2025-01-13,Bengaluru,B2B,434.56,2172,86,4,0.0,0.0
2025-01-13,Chennai,D2C,4126.03,42693,1808,168,36.21,15513.51
2025-01-13,Chennai,B2B,499.67,2498,99,4,0.0,0.0
2025-01-13,Panaji,D2C,6395.73,60275,2989,330,49.47,20292.57
2025-01-13,Panaji,B2B,369.04,1845,73,3,0.0,0.0
2025-01-14,Mumbai,D2C,4541.89,39724,1134,76,63.91,26078.76
2025-01-14,Mumbai,B2B,437.4,2187,87,4,0.0,0.0
2025-01-14,Pune,D2C,2497.24,21097,673,98,46.61,22453.3
2025-01-14,Pune,B2B,568.46,2842,113,5,0.0,0.0
2025-01-14,Bengaluru,D2C,4276.0,50104,1838,196,41.85,19960.15
2025-01-14,Bengaluru,B2B,446.74,2233,89,4,0.0,0.0
2025-01-14,Chennai,D2C,4435.44,44489,1213,74,53.63,23001.19
2025-01-14,Chennai,B2B,399.8,1998,79,3,0.0,0.0
2025-01-14,Panaji,D2C,3860.86,39111,843,70,35.24,14320.91
2025-01-14,Panaji,B2B,526.77,2633,105,5,0.0,0.0
2025-01-15,Mumbai,D2C,4398.03,48558,1838,178,46.81,20359.22
2025-01-15,Mumbai,B2B,576.03,2880,115,5,0.0,0.0
2025-01-15,Pune,D2C,5169.73,42732,1804,193,66.21,27411.3
2025-01-15,Pune,B2B,508.94,2544,101,5,0.0,0.0
2025-01-15,Bengaluru,D2C,4405.48,38138,1694,197,50.55,22032.07
2025-01-15,Bengaluru,B2B,558.83,2794,111,5,0.0,0.0
2025-01-15,Chennai,D2C,4729.8,46146,1444,139,44.75,21245.63
2025-01-15,Chennai,B2B,594.76,2973,118,5,0.0,0.0
2025-01-15,Panaji,D2C,3419.75,32609,1183,166,47.49,19551.8
2025-01-15,Panaji,B2B,501.61,2508,100,5,0.0,0.0
2025-01-16,Mumbai,D2C,5165.19,44199,1936,216,55.1,26967.49
2025-01-16,Mumbai,B2B,556.89,2784,111,5,0.0,0.0
2025-01-16,Pune,D2C,4512.6,40586,1717,91,52.73,25112.16
2025-01-16,Pune,B2B,540.38,2701,108,5,0.0,0.0
2025-01-16,Bengaluru,D2C,4652.47,39278,1782,111,47.65,22860.94
2025-01-16,Bengaluru,B2B,582.91,2914,116,5,0.0,0.0
2025-01-16,Chennai,D2C,4572.59,49750,1951,232,52.16,22177.49
2025-01-16,Chennai,B2B,444.74,2223,88,4,0.0,0.0
2025-01-16,Panaji,D2C,3941.61,40730,1304,125,61.13,25388.38
2025-01-16,Panaji,B2B,448.71,2243,89,4,0.0,0.0
2025-01-17,Mumbai,D2C,5180.53,41819,1930,276,56.33,26454.33
2025-01-17,Mumbai,B2B,764.36,3821,152,7,0.0,0.0
2025-01-17,Pune,D2C,5216.86,53760,2053,189,62.71,30943.32
2025-01-17,Pune,B2B,544.21,2721,108,5,0.0,0.0
2025-01-17,Bengaluru,D2C,4909.77,58619,2647,165,67.3,32772.68
2025-01-17,Bengaluru,B2B,578.11,2890,115,5,0.0,0.0
2025-01-17,Chennai,D2C,7538.69,61960,1862,242,43.61,18900.08
2025-01-17,Chennai,B2B,552.4,2761,110,5,0.0,0.0
2025-01-17,Panaji,D2C,5852.25,54925,1670,206,55.55,23466.55
2025-01-17,Panaji,B2B,267.93,1339,53,2,0.0,0.0
2025-01-18,Mumbai,D2C,3874.58,38720,1261,178,42.4,19422.55
2025-01-18,Mumbai,B2B,485.1,2425,97,4,0.0,0.0
2025-01-18,Pune,D2C,3982.81,34230,1110,64,63.01,28368.72
2025-01-18,Pune,B2B,551.67,2758,110,5,0.0,0.0
2025-01-18,Bengaluru,D2C,4322.43,38208,1793,126,39.14,15799.46
2025-01-18,Bengaluru,B2B,514.93,2574,102,5,0.0,0.0
2025-01-18,Chennai,D2C,7569.93,84042,2823,289,62.68,27582.67
2025-01-18,Chennai,B2B,389.29,1946,77,3,0.0,0.0
2025-01-18,Panaji,D2C,3822.47,43756,2117,184,39.28,18242.85
2025-01-18,Panaji,B2B,520.37,2601,104,5,0.0,0.0
2025-01-19,Mumbai,D2C,4638.11,50387,2003,105,41.61,17605.67
2025-01-19,Mumbai,B2B,493.04,2465,98,4,0.0,0.0
2025-01-19,Pune,D2C,5098.75,54102,1468,87,44.38,20959.62
2025-01-19,Pune,B2B,486.97,2434,97,4,0.0,0.0
2025-01-19,Bengaluru,D2C,5234.65,55865,1460,115,68.6,27529.51
2025-01-19,Bengaluru,B2B,525.28,2626,105,5,0.0,0.0
2025-01-19,Chennai,D2C,3330.22,37530,1135,86,39.81,18273.82
2025-01-19,Chennai,B2B,676.47,3382,135,6,0.0,0.0
2025-01-19,Panaji,D2C,5756.35,58761,1944,154,73.92,35210.28
2025-01-19,Panaji,B2B,358.7,1793,71,3,0.0,0.0
2025-01-20,Mumbai,D2C,5971.82,57931,1197,92,59.57,27600.18
2025-01-20,Mumbai,B2B,496.9,2484,99,4,0.0,0.0
2025-01-20,Pune,D2C,4377.15,52252,1869,125,42.09,16912.57
2025-01-20,Pune,B2B,458.19,2290,91,4,0.0,0.0
2025-01-20,Bengaluru,D2C,3370.41,35745,1604,113,29.35,12140.43
2025-01-20,Bengaluru,B2B,555.19,2775,111,5,0.0,0.0
2025-01-20,Chennai,D2C,6620.53,57608,2732,251,56.27,25428.26
2025-01-20,Chennai,B2B,657.05,3285,131,6,0.0,0.0
2025-01-20,Panaji,D2C,4651.99,41781,1323,104,46.23,21817.16
2025-01-20,Panaji,B2B,519.86,2599,103,5,0.0,0.0
2025-01-21,Mumbai,D2C,5573.97,59388,2856,352,45.35,18282.67
2025-01-21,Mumbai,B2B,324.64,1623,64,3,0.0,0.0
2025-01-21,Pune,D2C,5607.57,55994,2122,177,66.31,27229.3
2025-01-21,Pune,B2B,348.08,1740,69,3,0.0,0.0
2025-01-21,Bengaluru,D2C,5179.85,55702,1840,137,65.46,31417.67
2025-01-21,Bengaluru,B2B,466.51,2332,93,4,0.0,0.0
2025-01-21,Chennai,D2C,3912.22,36946,840,119,35.55,17599.44
2025-01-21,Chennai,B2B,592.95,2964,118,5,0.0,0.0
2025-01-21,Panaji,D2C,3680.65,42297,1775,231,50.32,23610.53
2025-01-21,Panaji,B2B,477.38,2386,95,4,0.0,0.0
2025-01-22,Mumbai,D2C,4546.26,40392,2004,289,35.04,16489.35
2025-01-22,Mumbai,B2B,563.29,2816,112,5,0.0,0.0
2025-01-22,Pune,D2C,17455.45,188338,5446,775,130.21,64377.92
2025-01-22,Pune,B2B,513.38,2566,102,5,0.0,0.0
2025-01-22,Bengaluru,D2C,6129.07,56855,2550,136,62.48,26431.08
2025-01-22,Bengaluru,B2B,491.96,2459,98,4,0.0,0.0
2025-01-22,Chennai,D2C,3957.52,32694,963,100,56.33,24325.85
2025-01-22,Chennai,B2B,627.79,3138,125,6,0.0,0.0
2025-01-22,Panaji,D2C,5867.77,52409,1086,148,39.12,19067.54
2025-01-22,Panaji,B2B,528.3,2641,105,5,0.0,0.0
2025-01-23,Mumbai,D2C,5713.4,68513,2091,264,52.98,23736.13
2025-01-23,Mumbai,B2B,504.7,2523,100,5,0.0,0.0
2025-01-23,Pune,D2C,5919.83,65550,2132,196,66.85,28334.17
2025-01-23,Pune,B2B,531.39,2656,106,5,0.0,0.0
2025-01-23,Bengaluru,D2C,4699.64,43167,1165,63,34.89,17401.98
2025-01-23,Bengaluru,B2B,419.52,2097,83,4,0.0,0.0
2025-01-23,Chennai,D2C,3066.32,27207,1319,169,30.16,13324.63
2025-01-23,Chennai,B2B,379.26,1896,75,3,0.0,0.0
2025-01-23,Panaji,D2C,7309.72,87458,2357,340,70.52,32493.69
2025-01-23,Panaji,B2B,433.61,2168,86,4,0.0,0.0
2025-01-24,Mumbai,D2C,3430.04,30465,779,99,39.54,16043.12
2025-01-24,Mumbai,B2B,507.4,2536,101,5,0.0,0.0
2025-01-24,Pune,D2C,4626.6,49893,1228,161,41.64,17589.11
2025-01-24,Pune,B2B,382.64,1913,76,3,0.0,0.0
2025-01-24,Bengaluru,D2C,7357.38,61551,2851,218,48.44,23682.15
2025-01-24,Bengaluru,B2B,593.78,2968,118,5,0.0,0.0
2025-01-24,Chennai,D2C,5543.5,46276,1492,130,46.9,22151.56
2025-01-24,Chennai,B2B,608.36,3041,121,6,0.0,0.0
2025-01-24,Panaji,D2C,4159.09,44639,994,134,48.21,21601.7
2025-01-24,Panaji,B2B,499.17,2495,99,4,0.0,0.0
2025-01-25,Mumbai,D2C,6205.63,66475,2457,188,74.0,35498.7
2025-01-25,Mumbai,B2B,534.31,2671,106,5,0.0,0.0
2025-01-25,Pune,D2C,5933.0,64274,2899,347,64.71,29885.75
2025-01-25,Pune,B2B,542.17,2710,108,5,0.0,0.0
2025-01-25,Bengaluru,D2C,4350.81,49979,1043,138,37.23,16139.86
2025-01-25,Bengaluru,B2B,548.06,2740,109,5,0.0,0.0
2025-01-25,Chennai,D2C,4310.46,48831,1720,87,42.25,19506.36
2025-01-25,Chennai,B2B,549.5,2747,109,5,0.0,0.0
2025-01-25,Panaji,D2C,5024.64,52939,1916,245,39.23,18679.42
2025-01-25,Panaji,B2B,509.0,2544,101,5,0.0,0.0
2025-01-26,Mumbai,D2C,5538.02,58318,2796,168,72.08,33791.32
2025-01-26,Mumbai,B2B,504.8,2523,100,5,0.0,0.0
2025-01-26,Pune,D2C,4813.63,39805,1491,126,56.23,22749.13
2025-01-26,Pune,B2B,459.53,2297,91,4,0.0,0.0
2025-01-26,Bengaluru,D2C,16101.31,130235,3869,382,112.32,52604.8
2025-01-26,Bengaluru,B2B,447.42,2237,89,4,0.0,0.0
2025-01-26,Chennai,D2C,3299.01,32015,1073,71,51.54,24193.22
2025-01-26,Chennai,B2B,459.35,2296,91,4,0.0,0.0
2025-01-26,Panaji,D2C,6121.85,72259,1772,165,76.04,33606.04
2025-01-26,Panaji,B2B,631.05,3155,126,6,0.0,0.0
2025-01-27,Mumbai,D2C,3772.74,45031,1453,202,37.77,15914.38
2025-01-27,Mumbai,B2B,666.01,3330,133,6,0.0,0.0
2025-01-27,Pune,D2C,5074.21,58137,1988,291,42.22,20557.54
2025-01-27,Pune,B2B,477.06,2385,95,4,0.0,0.0
2025-01-27,Bengaluru,D2C,5707.72,63036,2444,154,39.0,19192.97
2025-01-27,Bengaluru,B2B,572.25,2861,114,5,0.0,0.0
2025-01-27,Chennai,D2C,6249.2,52925,1257,149,56.53,23747.33
2025-01-27,Chennai,B2B,549.14,2745,109,5,0.0,0.0
2025-01-27,Panaji,D2C,4259.17,38656,1698,137,47.49,19049.38
2025-01-27,Panaji,B2B,498.57,2492,99,4,0.0,0.0
2025-01-28,Mumbai,D2C,4826.97,50200,1443,172,64.62,30886.09
2025-01-28,Mumbai,B2B,431.18,2155,86,4,0.0,0.0
2025-01-28,Pune,D2C,4975.82,44624,2213,142,52.87,24414.07
2025-01-28,Pune,B2B,442.9,2214,88,4,0.0,0.0
2025-01-28,Bengaluru,D2C,16574.67,154241,5480,322,86.94,35065.33
2025-01-28,Bengaluru,B2B,678.16,3390,135,6,0.0,0.0
2025-01-28,Chennai,D2C,4820.99,49512,2014,261,41.67,17363.91
2025-01-28,Chennai,B2B,426.81,2134,85,4,0.0,0.0
2025-01-28,Panaji,D2C,5275.51,42870,2061,113,55.97,26358.62
2025-01-28,Panaji,B2B,420.15,2100,84,4,0.0,0.0
2025-01-29,Mumbai,D2C,5393.26,50469,2243,130,69.58,31640.59
2025-01-29,Mumbai,B2B,568.14,2840,113,5,0.0,0.0
2025-01-29,Pune,D2C,4802.05,48527,2035,118,36.74,15603.65
2025-01-29,Pune,B2B,631.73,3158,126,6,0.0,0.0
2025-01-29,Bengaluru,D2C,3968.42,42203,1474,155,54.15,22897.47
2025-01-29,Bengaluru,B2B,447.07,2235,89,4,0.0,0.0
2025-01-29,Chennai,D2C,3872.17,32095,671,50,45.51,22154.13
2025-01-29,Chennai,B2B,556.43,2782,111,5,0.0,0.0
2025-01-29,Panaji,D2C,5932.88,55672,1733,257,40.06,19496.01
2025-01-29,Panaji,B2B,587.32,2936,117,5,0.0,0.0
2025-01-30,Mumbai,D2C,3438.19,34198,1580,221,41.68,17826.71
2025-01-30,Mumbai,B2B,700.17,3500,140,7,0.0,0.0
2025-01-30,Pune,D2C,5800.5,60858,2370,292,43.09,20320.8
2025-01-30,Pune,B2B,517.93,2589,103,5,0.0,0.0
2025-01-30,Bengaluru,D2C,5323.8,47855,2207,208,55.26,24090.8
2025-01-30,Bengaluru,B2B,470.85,2354,94,4,0.0,0.0
2025-01-30,Chennai,D2C,3844.43,45662,1266,146,41.08,19610.96
2025-01-30,Chennai,B2B,531.92,2659,106,5,0.0,0.0
2025-01-30,Panaji,D2C,3444.1,29891,1063,88,53.67,23778.51
2025-01-30,Panaji,B2B,472.76,2363,94,4,0.0,0.0
2025-01-31,Mumbai,D2C,5648.92,48965,1225,65,65.25,30432.91
2025-01-31,Mumbai,B2B,360.8,1804,72,3,0.0,0.0
2025-01-31,Pune,D2C,6214.51,64266,2959,208,43.83,18713.25
2025-01-31,Pune,B2B,491.05,2455,98,4,0.0,0.0
2025-01-31,Bengaluru,D2C,5048.39,41181,974,92,68.7,29653.22
2025-01-31,Bengaluru,B2B,431.25,2156,86,4,0.0,0.0
2025-01-31,Chennai,D2C,4411.24,52698,2579,130,64.82,30069.33
2025-01-31,Chennai,B2B,500.93,2504,100,5,0.0,0.0
2025-01-31,Panaji,D2C,4866.42,48447,1938,123,35.93,15476.39
2025-01-31,Panaji,B2B,608.59,3042,121,6,0.0,0.0
2025-02-01,Mumbai,D2C,4061.53,48249,1100,128,46.01,22395.99
2025-02-01,Mumbai,B2B,564.43,2822,112,5,0.0,0.0
2025-02-01,Pune,D2C,5547.22,65337,2645,263,60.25,29334.34
2025-02-01,Pune,B2B,408.28,2041,81,4,0.0,0.0
2025-02-01,Bengaluru,D2C,4551.08,48960,1972,141,55.96,24586.13
2025-02-01,Bengaluru,B2B,506.75,2533,101,5,0.0,0.0
2025-02-01,Chennai,D2C,4228.37,50730,1087,160,45.74,22280.17
2025-02-01,Chennai,B2B,529.66,2648,105,5,0.0,0.0
2025-02-01,Panaji,D2C,5340.6,61492,1975,163,60.93,29295.83
2025-02-01,Panaji,B2B,643.52,3217,128,6,0.0,0.0
2025-02-02,Mumbai,D2C,5721.47,64488,1522,158,38.04,16449.85
2025-02-02,Mumbai,B2B,563.54,2817,112,5,0.0,0.0
2025-02-02,Pune,D2C,3721.98,35560,1189,87,41.89,17707.9
2025-02-02,Pune,B2B,335.63,1678,67,3,0.0,0.0
2025-02-02,Bengaluru,D2C,5169.69,54167,1836,161,66.99,30272.15
2025-02-02,Bengaluru,B2B,429.99,2149,85,4,0.0,0.0
2025-02-02,Chennai,D2C,4545.76,43279,1383,149,51.7,23822.61
2025-02-02,Chennai,B2B,498.01,2490,99,4,0.0,0.0
2025-02-02,Panaji,D2C,5679.97,67149,1379,95,37.97,17645.43
2025-02-02,Panaji,B2B,557.55,2787,111,5,0.0,0.0
2025-02-03,Mumbai,D2C,4747.31,39122,1879,160,37.94,17021.36
2025-02-03,Mumbai,B2B,539.21,2696,107,5,0.0,0.0
2025-02-03,Pune,D2C,4129.43,46299,1674,135,51.74,24401.61
2025-02-03,Pune,B2B,401.57,2007,80,4,0.0,0.0
2025-02-03,Bengaluru,D2C,4396.68,38359,1550,105,50.56,23811.22
2025-02-03,Bengaluru,B2B,341.32,1706,68,3,0.0,0.0
2025-02-03,Chennai,D2C,5160.48,61160,2110,275,55.68,22514.28
2025-02-03,Chennai,B2B,406.28,2031,81,4,0.0,0.0
2025-02-03,Panaji,D2C,5471.96,61705,2870,208,44.83,20670.62
2025-02-03,Panaji,B2B,513.92,2569,102,5,0.0,0.0
2025-02-04,Mumbai,D2C,6149.42,57888,1569,200,49.98,24105.37
2025-02-04,Mumbai,B2B,469.91,2349,93,4,0.0,0.0
2025-02-04,Pune,D2C,6819.57,71574,2401,260,48.23,22844.86
2025-02-04,Pune,B2B,417.18,2085,83,4,0.0,0.0
2025-02-04,Bengaluru,D2C,4645.89,37606,1476,163,52.71,22307.46
2025-02-04,Bengaluru,B2B,545.35,2726,109,5,0.0,0.0
2025-02-04,Chennai,D2C,6459.49,77198,1859,222,56.43,24989.76
2025-02-04,Chennai,B2B,331.47,1657,66,3,0.0,0.0
2025-02-04,Panaji,D2C,5976.38,50880,1176,143,61.01,26076.76
2025-02-04,Panaji,B2B,610.4,3052,122,6,0.0,0.0
2025-02-05,Mumbai,D2C,3899.22,32276,1148,65,56.21,23797.91
2025-02-05,Mumbai,B2B,428.87,2144,85,4,0.0,0.0
2025-02-05,Pune,D2C,6031.06,61105,1816,151,64.83,32375.06
2025-02-05,Pune,B2B,510.85,2554,102,5,0.0,0.0
2025-02-05,Bengaluru,D2C,5695.0,56157,1224,130,73.87,30841.42
2025-02-05,Bengaluru,B2B,694.65,3473,138,6,0.0,0.0
2025-02-05,Chennai,D2C,4009.31,33624,1126,141,42.66,19902.15
2025-02-05,Chennai,B2B,562.94,2814,112,5,0.0,0.0
2025-02-05,Panaji,D2C,4466.09,53458,2555,265,61.55,27826.7
2025-02-05,Panaji,B2B,359.29,1796,71,3,0.0,0.0
2025-02-06,Mumbai,D2C,4250.82,36178,1620,207,55.7,22482.88
2025-02-06,Mumbai,B2B,522.53,2612,104,5,0.0,0.0
2025-02-06,Pune,D2C,3929.41,32812,1578,166,40.92,17991.73
2025-02-06,Pune,B2B,411.03,2055,82,4,0.0,0.0
2025-02-06,Bengaluru,D2C,7155.74,83561,2917,435,78.31,32955.8
2025-02-06,Bengaluru,B2B,386.85,1934,77,3,0.0,0.0
2025-02-06,Chennai,D2C,4561.41,52329,2311,298,44.06,17979.66
2025-02-06,Chennai,B2B,616.63,3083,123,6,0.0,0.0
2025-02-06,Panaji,D2C,3812.09,35774,1762,201,56.26,23250.37
2025-02-06,Panaji,B2B,464.7,2323,92,4,0.0,0.0
2025-02-07,Mumbai,D2C,7464.88,64939,2277,204,49.52,21629.38
2025-02-07,Mumbai,B2B,469.99,2349,93,4,0.0,0.0
2025-02-07,Pune,D2C,5507.76,50931,1791,168,41.03,19040.4
2025-02-07,Pune,B2B,505.4,2526,101,5,0.0,0.0
2025-02-07,Bengaluru,D2C,5540.11,47689,1041,133,54.33,22047.15
2025-02-07,Bengaluru,B2B,371.75,1858,74,3,0.0,0.0
2025-02-07,Chennai,D2C,4436.35,40872,941,112,35.38,15953.19
2025-02-07,Chennai,B2B,458.91,2294,91,4,0.0,0.0
2025-02-07,Panaji,D2C,3465.7,35031,1148,72,55.53,24710.72
2025-02-07,Panaji,B2B,591.24,2956,118,5,0.0,0.0
2025-02-08,Mumbai,D2C,4492.89,50815,2134,270,33.88,14963.8
2025-02-08,Mumbai,B2B,382.9,1914,76,3,0.0,0.0
2025-02-08,Pune,D2C,4608.44,50882,1226,126,41.25,16548.9
2025-02-08,Pune,B2B,498.48,2492,99,4,0.0,0.0
2025-02-08,Bengaluru,D2C,4005.89,39327,1782,106,47.1,19545.47
2025-02-08,Bengaluru,B2B,496.91,2484,99,4,0.0,0.0
2025-02-08,Chennai,D2C,6168.22,58619,1866,179,70.1,34291.47
2025-02-08,Chennai,B2B,413.71,2068,82,4,0.0,0.0
2025-02-08,Panaji,D2C,6142.33,55395,2505,134,74.52,33248.44
2025-02-08,Panaji,B2B,387.92,1939,77,3,0.0,0.0
2025-02-09,Mumbai,D2C,6410.57,67610,2597,147,60.79,25227.4
2025-02-09,Mumbai,B2B,621.45,3107,124,6,0.0,0.0
2025-02-09,Pune,D2C,5088.65,41557,936,113,38.24,15567.85
2025-02-09,Pune,B2B,672.21,3361,134,6,0.0,0.0
2025-02-09,Bengaluru,D2C,4197.51,39451,1705,198,38.39,16025.79
2025-02-09,Bengaluru,B2B,629.88,3149,125,6,0.0,0.0
2025-02-09,Chennai,D2C,5282.54,47860,987,57,71.51,30718.07
2025-02-09,Chennai,B2B,429.21,2146,85,4,0.0,0.0
2025-02-09,Panaji,D2C,5607.13,49470,1169,130,66.44,30855.48
2025-02-09,Panaji,B2B,631.12,3155,126,6,0.0,0.0
2025-02-10,Mumbai,D2C,4416.64,49443,1423,210,53.23,24391.68
2025-02-10,Mumbai,B2B,503.86,2519,100,5,0.0,0.0
2025-02-10,Pune,D2C,5745.8,48910,1474,210,46.41,20292.79
2025-02-10,Pune,B2B,559.34,2796,111,5,0.0,0.0
2025-02-10,Bengaluru,D2C,3262.27,38404,1045,64,34.2,16712.08
2025-02-10,Bengaluru,B2B,305.21,1526,61,3,0.0,0.0
2025-02-10,Chennai,D2C,3659.45,41884,1901,269,37.88,18010.26
2025-02-10,Chennai,B2B,591.3,2956,118,5,0.0,0.0
2025-02-10,Panaji,D2C,6213.73,69008,2738,185,60.9,30354.19
2025-02-10,Panaji,B2B,486.0,2429,97,4,0.0,0.0
2025-02-11,Mumbai,D2C,4905.63,55292,1460,146,64.46,30508.39
2025-02-11,Mumbai,B2B,491.41,2457,98,4,0.0,0.0
2025-02-11,Pune,D2C,7300.41,67092,2479,294,80.03,37104.54
2025-02-11,Pune,B2B,607.54,3037,121,6,0.0,0.0
2025-02-11,Bengaluru,D2C,4377.62,35184,964,118,65.89,27010.57
2025-02-11,Bengaluru,B2B,547.81,2739,109,5,0.0,0.0
2025-02-11,Chennai,D2C,6287.98,64265,2698,301,47.1,20515.29
2025-02-11,Chennai,B2B,457.72,2288,91,4,0.0,0.0
2025-02-11,Panaji,D2C,15833.95,174869,3682,458,75.66,37510.74
2025-02-11,Panaji,B2B,645.48,3227,129,6,0.0,0.0
2025-02-12,Mumbai,D2C,3550.14,32740,1515,226,40.76,18134.34
2025-02-12,Mumbai,B2B,389.37,1946,77,3,0.0,0.0
2025-02-12,Pune,D2C,5589.06,53465,1731,206,37.5,17323.6
2025-02-12,Pune,B2B,533.87,2669,106,5,0.0,0.0
2025-02-12,Bengaluru,D2C,6166.55,63841,2197,250,41.81,19148.95
2025-02-12,Bengaluru,B2B,442.7,2213,88,4,0.0,0.0
2025-02-12,Chennai,D2C,6861.32,73456,3243,249,75.59,34001.06
2025-02-12,Chennai,B2B,688.66,3443,137,6,0.0,0.0
2025-02-12,Panaji,D2C,6115.9,68219,2423,227,44.87,19419.66
2025-02-12,Panaji,B2B,435.07,2175,87,4,0.0,0.0
2025-02-13,Mumbai,D2C,4156.74,43200,1817,272,62.32,28930.89
2025-02-13,Mumbai,B2B,486.48,2432,97,4,0.0,0.0
2025-02-13,Pune,D2C,6861.81,58142,1877,251,57.32,26203.96
2025-02-13,Pune,B2B,392.33,1961,78,3,0.0,0.0
2025-02-13,Bengaluru,D2C,3746.65,34986,727,38,56.06,23954.41
2025-02-13,Bengaluru,B2B,534.86,2674,106,5,0.0,0.0
2025-02-13,Chennai,D2C,3104.04,28051,922,126,51.31,21479.15
2025-02-13,Chennai,B2B,517.03,2585,103,5,0.0,0.0
2025-02-13,Panaji,D2C,4807.89,41030,919,112,51.88,23019.05
2025-02-13,Panaji,B2B,639.05,3195,127,6,0.0,0.0
2025-02-14,Mumbai,D2C,5900.18,61603,1482,185,63.64,31542.67
2025-02-14,Mumbai,B2B,577.81,2889,115,5,0.0,0.0
2025-02-14,Pune,D2C,4023.62,46774,1285,99,55.8,24830.05
2025-02-14,Pune,B2B,410.75,2053,82,4,0.0,0.0
2025-02-14,Bengaluru,D2C,4473.92,52012,1257,129,47.19,20516.09
2025-02-14,Bengaluru,B2B,498.6,2492,99,4,0.0,0.0
2025-02-14,Chennai,D2C,5247.08,61638,1329,122,45.64,21591.87
2025-02-14,Chennai,B2B,508.73,2543,101,5,0.0,0.0
2025-02-14,Panaji,D2C,3889.6,38334,1884,208,42.08,17312.98
2025-02-14,Panaji,B2B,556.71,2783,111,5,0.0,0.0
2025-02-15,Mumbai,D2C,4573.24,52146,1920,196,37.69,18319.59
2025-02-15,Mumbai,B2B,445.82,2229,89,4,0.0,0.0
2025-02-15,Pune,D2C,4704.46,47863,1074,102,50.92,21210.86
2025-02-15,Pune,B2B,515.23,2576,103,5,0.0,0.0
2025-02-15,Bengaluru,D2C,4551.62,48264,1755,98,51.02,24522.76
2025-02-15,Bengaluru,B2B,701.0,3505,140,7,0.0,0.0
2025-02-15,Chennai,D2C,4352.76,38328,1063,70,43.88,20872.99
2025-02-15,Chennai,B2B,494.11,2470,98,4,0.0,0.0
2025-02-15,Panaji,D2C,3553.87,40934,1887,139,43.26,21563.75
2025-02-15,Panaji,B2B,509.5,2547,101,5,0.0,0.0
2025-02-16,Mumbai,D2C,4938.96,50154,1752,106,58.22,28073.01
2025-02-16,Mumbai,B2B,426.41,2132,85,4,0.0,0.0
2025-02-16,Pune,D2C,6309.47,55618,1985,156,71.21,32594.83
2025-02-16,Pune,B2B,443.19,2215,88,4,0.0,0.0
2025-02-16,Bengaluru,D2C,6188.15,72156,2596,170,66.7,31972.85
2025-02-16,Bengaluru,B2B,553.67,2768,110,5,0.0,0.0
2025-02-16,Chennai,D2C,5833.81,53132,2630,168,45.9,19207.52
2025-02-16,Chennai,B2B,457.22,2286,91,4,0.0,0.0
2025-02-16,Panaji,D2C,5297.98,51715,1988,115,68.51,32908.5
2025-02-16,Panaji,B2B,576.09,2880,115,5,0.0,0.0
2025-02-17,Mumbai,D2C,5521.3,65904,2638,299,43.32,21147.72
2025-02-17,Mumbai,B2B,500.58,2502,100,5,0.0,0.0
2025-02-17,Pune,D2C,11432.97,117062,4193,511,101.06,41225.65
2025-02-17,Pune,B2B,474.47,2372,94,4,0.0,0.0
2025-02-17,Bengaluru,D2C,4194.63,47299,1713,207,42.56,19030.44
2025-02-17,Bengaluru,B2B,559.64,2798,111,5,0.0,0.0
2025-02-17,Chennai,D2C,4834.6,48234,2163,180,40.81,19228.12
2025-02-17,Chennai,B2B,630.6,3152,126,6,0.0,0.0
2025-02-17,Panaji,D2C,4434.72,43466,1845,212,53.97,23490.54
2025-02-17,Panaji,B2B,458.93,2294,91,4,0.0,0.0
2025-02-18,Mumbai,D2C,4896.98,51597,1227,144,46.36,21727.84
2025-02-18,Mumbai,B2B,622.51,3112,124,6,0.0,0.0
2025-02-18,Pune,D2C,4597.93,41919,1646,196,51.29,22079.83
2025-02-18,Pune,B2B,552.43,2762,110,5,0.0,0.0
2025-02-18,Bengaluru,D2C,6028.68,69238,2975,383,64.64,27537.87
2025-02-18,Bengaluru,B2B,368.33,1841,73,3,0.0,0.0
2025-02-18,Chennai,D2C,5272.7,44522,1487,142,67.7,30779.04
2025-02-18,Chennai,B2B,565.04,2825,113,5,0.0,0.0
2025-02-18,Panaji,D2C,5252.94,50901,1082,134,69.51,29749.84
2025-02-18,Panaji,B2B,493.66,2468,98,4,0.0,0.0
2025-02-19,Mumbai,D2C,4564.78,50284,2219,114,66.31,31341.05
2025-02-19,Mumbai,B2B,575.06,2875,115,5,0.0,0.0
2025-02-19,Pune,D2C,5888.66,67666,1581,190,59.11,24216.57
2025-02-19,Pune,B2B,447.32,2236,89,4,0.0,0.0
2025-02-19,Bengaluru,D2C,3114.8,28621,829,103,29.25,14340.3
2025-02-19,Bengaluru,B2B,470.37,2351,94,4,0.0,0.0
2025-02-19,Chennai,D2C,5428.31,62801,1605,92,45.66,21892.88
2025-02-19,Chennai,B2B,589.91,2949,117,5,0.0,0.0
2025-02-19,Panaji,D2C,5083.12,58063,2069,116,65.28,30024.35
2025-02-19,Panaji,B2B,453.29,2266,90,4,0.0,0.0
2025-02-20,Mumbai,D2C,5265.16,60633,2252,229,51.9,22403.62
2025-02-20,Mumbai,B2B,564.19,2820,112,5,0.0,0.0
2025-02-20,Pune,D2C,6474.06,74905,2494,276,65.63,30134.73
2025-02-20,Pune,B2B,464.8,2323,92,4,0.0,0.0
2025-02-20,Bengaluru,D2C,3985.58,33546,1057,104,52.15,25818.83
2025-02-20,Bengaluru,B2B,578.29,2891,115,5,0.0,0.0
2025-02-20,Chennai,D2C,6479.08,68266,1510,113,54.81,24513.57
2025-02-20,Chennai,B2B,561.11,2805,112,5,0.0,0.0
2025-02-20,Panaji,D2C,4779.81,49916,1418,100,52.42,20998.86
2025-02-20,Panaji,B2B,293.21,1466,58,2,0.0,0.0
2025-02-21,Mumbai,D2C,6084.48,61153,1761,252,54.49,22268.82
2025-02-21,Mumbai,B2B,442.25,2211,88,4,0.0,0.0
2025-02-21,Pune,D2C,4113.78,41259,1907,189,54.59,27255.98
2025-02-21,Pune,B2B,526.87,2634,105,5,0.0,0.0
2025-02-21,Bengaluru,D2C,4600.89,44570,1440,202,58.13,26786.35
2025-02-21,Bengaluru,B2B,434.71,2173,86,4,0.0,0.0
2025-02-21,Chennai,D2C,5921.25,66820,1339,152,40.44,17218.72
2025-02-21,Chennai,B2B,445.76,2228,89,4,0.0,0.0
2025-02-21,Panaji,D2C,5144.87,43515,1371,131,49.1,20234.04
2025-02-21,Panaji,B2B,438.52,2192,87,4,0.0,0.0
2025-02-22,Mumbai,D2C,6521.4,54262,1662,239,67.37,31521.57
2025-02-22,Mumbai,B2B,450.91,2254,90,4,0.0,0.0
2025-02-22,Pune,D2C,18528.53,195371,9260,1030,127.52,60241.75
2025-02-22,Pune,B2B,326.6,1633,65,3,0.0,0.0
2025-02-22,Bengaluru,D2C,5058.35,40703,1329,105,52.84,24187.63
2025-02-22,Bengaluru,B2B,425.52,2127,85,4,0.0,0.0
2025-02-22,Chennai,D2C,3040.61,32258,1463,174,39.42,18422.91
2025-02-22,Chennai,B2B,573.26,2866,114,5,0.0,0.0
2025-02-22,Panaji,D2C,4056.15,39692,1744,230,59.15,29082.94
2025-02-22,Panaji,B2B,390.54,1952,78,3,0.0,0.0
2025-02-23,Mumbai,D2C,3180.69,30167,1147,138,47.61,20827.69
2025-02-23,Mumbai,B2B,430.68,2153,86,4,0.0,0.0
2025-02-23,Pune,D2C,4746.75,54874,1666,109,35.32,16411.34
2025-02-23,Pune,B2B,378.55,1892,75,3,0.0,0.0
2025-02-23,Bengaluru,D2C,3587.33,34576,1014,119,48.09,20988.69
2025-02-23,Bengaluru,B2B,621.33,3106,124,6,0.0,0.0
2025-02-23,Chennai,D2C,6891.39,68516,1426,143,81.52,35740.42
2025-02-23,Chennai,B2B,453.79,2268,90,4,0.0,0.0
2025-02-23,Panaji,D2C,11705.56,129052,4356,343,102.79,42308.62
2025-02-23,Panaji,B2B,463.82,2319,92,4,0.0,0.0
2025-02-24,Mumbai,D2C,4906.57,51086,2288,339,45.12,22386.82
2025-02-24,Mumbai,B2B,522.9,2614,104,5,0.0,0.0
2025-02-24,Pune,D2C,3460.33,35176,866,91,45.35,21592.88
2025-02-24,Pune,B2B,351.37,1756,70,3,0.0,0.0
2025-02-24,Bengaluru,D2C,4780.84,43206,1116,62,46.41,19818.59
2025-02-24,Bengaluru,B2B,622.77,3113,124,6,0.0,0.0
2025-02-24,Chennai,D2C,5061.12,52240,1262,119,57.85,25966.65
2025-02-24,Chennai,B2B,549.4,2746,109,5,0.0,0.0
2025-02-24,Panaji,D2C,5291.86,55472,1444,129,37.81,16921.07
2025-02-24,Panaji,B2B,589.95,2949,117,5,0.0,0.0
2025-02-25,Mumbai,D2C,3475.48,40446,1685,174,55.12,22768.29
2025-02-25,Mumbai,B2B,524.09,2620,104,5,0.0,0.0
2025-02-25,Pune,D2C,4638.24,42222,1955,282,39.12,17457.61
2025-02-25,Pune,B2B,528.01,2640,105,5,0.0,0.0
2025-02-25,Bengaluru,D2C,4986.53,51635,1614,126,42.48,20229.55
2025-02-25,Bengaluru,B2B,539.05,2695,107,5,0.0,0.0
2025-02-25,Chennai,D2C,5240.47,54024,2483,367,50.95,24595.38
2025-02-25,Chennai,B2B,258.03,1290,51,2,0.0,0.0
2025-02-25,Panaji,D2C,5414.7,47659,1109,150,52.95,25664.53
2025-02-25,Panaji,B2B,649.19,3245,129,6,0.0,0.0
2025-02-26,Mumbai,D2C,4864.75,51110,2442,126,51.5,24143.29
2025-02-26,Mumbai,B2B,600.36,3001,120,6,0.0,0.0
2025-02-26,Pune,D2C,5951.96,54743,1683,219,49.33,20770.35
2025-02-26,Pune,B2B,610.12,3050,122,6,0.0,0.0
2025-02-26,Bengaluru,D2C,13393.16,146674,6603,819,66.13,31434.59
2025-02-26,Bengaluru,B2B,585.66,2928,117,5,0.0,0.0
2025-02-26,Chennai,D2C,5697.1,64854,2490,146,56.14,22892.92
2025-02-26,Chennai,B2B,618.25,3091,123,6,0.0,0.0
2025-02-26,Panaji,D2C,3359.73,31565,736,96,56.45,22987.05
2025-02-26,Panaji,B2B,336.74,1683,67,3,0.0,0.0
2025-02-27,Mumbai,D2C,5030.19,41788,1463,189,60.54,24518.68
2025-02-27,Mumbai,B2B,560.86,2804,112,5,0.0,0.0
2025-02-27,Pune,D2C,4838.64,43206,1228,160,67.1,29557.73
2025-02-27,Pune,B2B,429.04,2145,85,4,0.0,0.0
2025-02-27,Bengaluru,D2C,4721.61,42041,1648,243,55.09,24007.71
2025-02-27,Bengaluru,B2B,563.34,2816,112,5,0.0,0.0
2025-02-27,Chennai,D2C,4145.33,41504,1389,150,52.31,21297.51
2025-02-27,Chennai,B2B,533.5,2667,106,5,0.0,0.0
2025-02-27,Panaji,D2C,3894.65,43971,1939,204,47.43,19651.61
2025-02-27,Panaji,B2B,578.22,2891,115,5,0.0,0.0
2025-02-28,Mumbai,D2C,4261.2,38934,934,105,34.41,16341.16
2025-02-28,Mumbai,B2B,588.99,2944,117,5,0.0,0.0
2025-02-28,Pune,D2C,4373.81,47359,1036,138,33.19,14096.78
2025-02-28,Pune,B2B,501.54,2507,100,5,0.0,0.0
2025-02-28,Bengaluru,D2C,4141.55,39100,1099,147,42.26,20238.11
2025-02-28,Bengaluru,B2B,612.56,3062,122,6,0.0,0.0
2025-02-28,Chennai,D2C,4840.41,46028,2251,132,58.69,26372.18
2025-02-28,Chennai,B2B,594.5,2972,118,5,0.0,0.0
2025-02-28,Panaji,D2C,6568.78,52664,1317,159,67.53,33535.03
2025-02-28,Panaji,B2B,367.19,1835,73,3,0.0,0.0
2025-03-01,Mumbai,D2C,3944.61,43892,1726,94,42.71,21170.38
2025-03-01,Mumbai,B2B,605.85,3029,121,6,0.0,0.0
2025-03-01,Pune,D2C,2167.48,19150,594,51,24.5,11679.03
2025-03-01,Pune,B2B,501.69,2508,100,5,0.0,0.0
2025-03-01,Bengaluru,D2C,6235.12,55168,2191,213,74.23,31293.95
2025-03-01,Bengaluru,B2B,467.99,2339,93,4,0.0,0.0
2025-03-01,Chennai,D2C,5970.94,51030,2018,249,50.83,23609.91
2025-03-01,Chennai,B2B,660.23,3301,132,6,0.0,0.0
2025-03-01,Panaji,D2C,6548.0,75700,2166,187,42.81,17601.49
2025-03-01,Panaji,B2B,423.86,2119,84,4,0.0,0.0
2025-03-02,Mumbai,D2C,3256.15,26240,823,68,29.08,11994.82
2025-03-02,Mumbai,B2B,511.9,2559,102,5,0.0,0.0
2025-03-02,Pune,D2C,4781.96,48411,1832,93,50.62,25126.41
2025-03-02,Pune,B2B,236.12,1180,47,2,0.0,0.0
2025-03-02,Bengaluru,D2C,7017.91,77870,3363,343,82.77,34146.46
2025-03-02,Bengaluru,B2B,521.63,2608,104,5,0.0,0.0
2025-03-02,Chennai,D2C,4762.3,38432,1106,140,52.38,22773.94
2025-03-02,Chennai,B2B,519.22,2596,103,5,0.0,0.0
2025-03-02,Panaji,D2C,5988.67,68200,1412,197,69.0,32983.51
2025-03-02,Panaji,B2B,364.86,1824,72,3,0.0,0.0
2025-03-03,Mumbai,D2C,2726.5,22528,604,45,38.75,18394.56
2025-03-03,Mumbai,B2B,406.37,2031,81,4,0.0,0.0
2025-03-03,Pune,D2C,4304.96,50673,2207,329,50.67,25145.56
2025-03-03,Pune,B2B,495.88,2479,99,4,0.0,0.0
2025-03-03,Bengaluru,D2C,4794.27,42109,1020,114,61.67,28234.35
2025-03-03,Bengaluru,B2B,435.0,2174,86,4,0.0,0.0
2025-03-03,Chennai,D2C,5325.71,50874,2046,155,49.08,24137.16
2025-03-03,Chennai,B2B,463.04,2315,92,4,0.0,0.0
2025-03-03,Panaji,D2C,4737.02,51306,1121,72,34.68,16061.36
2025-03-03,Panaji,B2B,316.43,1582,63,3,0.0,0.0
2025-03-04,Mumbai,D2C,3910.92,39573,1078,107,52.52,21408.2
2025-03-04,Mumbai,B2B,484.42,2422,96,4,0.0,0.0
2025-03-04,Pune,D2C,5841.53,59503,1962,106,44.55,19804.47
2025-03-04,Pune,B2B,438.24,2191,87,4,0.0,0.0
2025-03-04,Bengaluru,D2C,5447.86,64516,1671,242,73.62,34686.97
2025-03-04,Bengaluru,B2B,537.11,2685,107,5,0.0,0.0
2025-03-04,Chennai,D2C,5047.96,49207,1860,106,57.63,28707.99
2025-03-04,Chennai,B2B,533.18,2665,106,5,0.0,0.0
2025-03-04,Panaji,D2C,5548.71,65334,3188,325,73.64,35034.97
2025-03-04,Panaji,B2B,441.89,2209,88,4,0.0,0.0
2025-03-05,Mumbai,D2C,4915.11,44183,1732,202,40.76,18606.0
2025-03-05,Mumbai,B2B,375.67,1878,75,3,0.0,0.0
2025-03-05,Pune,D2C,14980.95,120389,3697,527,75.19,34847.16
2025-03-05,Pune,B2B,656.23,3281,131,6,0.0,0.0
2025-03-05,Bengaluru,D2C,4304.33,46983,1074,99,33.76,15127.74
2025-03-05,Bengaluru,B2B,391.58,1957,78,3,0.0,0.0
2025-03-05,Chennai,D2C,4203.83,40320,1918,286,33.87,16127.64
2025-03-05,Chennai,B2B,533.9,2669,106,5,0.0,0.0
2025-03-05,Panaji,D2C,3655.89,42677,2071,223,41.03,19642.56
2025-03-05,Panaji,B2B,339.67,1698,67,3,0.0,0.0
2025-03-06,Mumbai,D2C,5406.48,57452,1563,108,70.52,28927.09
2025-03-06,Mumbai,B2B,342.04,1710,68,3,0.0,0.0
2025-03-06,Pune,D2C,10421.19,84870,2143,292,65.46,32405.91
2025-03-06,Pune,B2B,503.26,2516,100,5,0.0,0.0
2025-03-06,Bengaluru,D2C,3459.75,34828,1489,116,39.79,19475.06
2025-03-06,Bengaluru,B2B,698.34,3491,139,6,0.0,0.0
2025-03-06,Chennai,D2C,6411.05,64047,1674,182,47.49,20569.03
2025-03-06,Chennai,B2B,459.46,2297,91,4,0.0,0.0
2025-03-06,Panaji,D2C,4633.77,38349,1849,186,47.97,23078.07
2025-03-06,Panaji,B2B,544.39,2721,108,5,0.0,0.0
2025-03-07,Mumbai,D2C,4521.43,50117,1986,129,63.07,28627.47
2025-03-07,Mumbai,B2B,595.77,2978,119,5,0.0,0.0
2025-03-07,Pune,D2C,13281.38,113044,4857,242,81.63,36915.43
2025-03-07,Pune,B2B,333.34,1666,66,3,0.0,0.0
2025-03-07,Bengaluru,D2C,4268.49,38082,763,93,64.25,27141.34
2025-03-07,Bengaluru,B2B,397.68,1988,79,3,0.0,0.0
2025-03-07,Chennai,D2C,6217.37,60249,1752,144,67.52,32523.07
2025-03-07,Chennai,B2B,582.06,2910,116,5,0.0,0.0
2025-03-07,Panaji,D2C,4539.74,50966,2525,316,46.94,21546.18
2025-03-07,Panaji,B2B,386.45,1932,77,3,0.0,0.0
2025-03-08,Mumbai,D2C,4401.57,47701,1193,152,52.54,26017.58
2025-03-08,Mumbai,B2B,522.86,2614,104,5,0.0,0.0
2025-03-08,Pune,D2C,3411.54,37649,868,88,44.07,19253.63
2025-03-08,Pune,B2B,579.29,2896,115,5,0.0,0.0
2025-03-08,Bengaluru,D2C,6081.94,71061,2901,356,72.59,31027.05
2025-03-08,Bengaluru,B2B,599.55,2997,119,5,0.0,0.0
2025-03-08,Chennai,D2C,4464.04,41705,2058,279,56.83,26864.12
2025-03-08,Chennai,B2B,554.0,2770,110,5,0.0,0.0
2025-03-08,Panaji,D2C,5633.61,53643,1335,171,65.09,28538.39
2025-03-08,Panaji,B2B,508.8,2543,101,5,0.0,0.0
2025-03-09,Mumbai,D2C,4939.71,53445,2379,248,69.12,28007.02
2025-03-09,Mumbai,B2B,545.48,2727,109,5,0.0,0.0
2025-03-09,Pune,D2C,6819.22,59443,2615,275,57.66,23824.59
2025-03-09,Pune,B2B,503.99,2519,100,5,0.0,0.0
2025-03-09,Bengaluru,D2C,3882.86,41510,1822,136,50.63,23144.49
2025-03-09,Bengaluru,B2B,398.79,1993,79,3,0.0,0.0
2025-03-09,Chennai,D2C,5069.75,46779,1430,160,47.49,22477.3
2025-03-09,Chennai,B2B,436.02,2180,87,4,0.0,0.0
2025-03-09,Panaji,D2C,4314.79,39450,1301,154,43.76,17752.67
2025-03-09,Panaji,B2B,484.84,2424,96,4,0.0,0.0
2025-03-10,Mumbai,D2C,5541.06,59211,2307,161,52.79,25079.81
2025-03-10,Mumbai,B2B,484.65,2423,96,4,0.0,0.0
2025-03-10,Pune,D2C,4705.74,45777,2261,128,52.09,21770.39
2025-03-10,Pune,B2B,447.2,2235,89,4,0.0,0.0
2025-03-10,Bengaluru,D2C,6513.6,63122,1918,172,51.02,21454.72
2025-03-10,Bengaluru,B2B,438.66,2193,87,4,0.0,0.0
2025-03-10,Chennai,D2C,3252.55,34564,1695,187,30.71,12516.39
2025-03-10,Chennai,B2B,487.2,2435,97,4,0.0,0.0
2025-03-10,Panaji,D2C,4916.62,51114,1978,227,44.43,17840.83
2025-03-10,Panaji,B2B,518.57,2592,103,5,0.0,0.0
2025-03-11,Mumbai,D2C,6189.91,57266,1611,176,73.41,36313.21
2025-03-11,Mumbai,B2B,601.37,3006,120,6,0.0,0.0
2025-03-11,Pune,D2C,4785.09,51700,2088,189,35.12,16095.07
2025-03-11,Pune,B2B,527.68,2638,105,5,0.0,0.0
2025-03-11,Bengaluru,D2C,4672.88,44841,2026,139,57.16,28450.28
2025-03-11,Bengaluru,B2B,337.64,1688,67,3,0.0,0.0
2025-03-11,Chennai,D2C,4135.61,48213,1592,120,46.12,21785.63
2025-03-11,Chennai,B2B,485.91,2429,97,4,0.0,0.0
2025-03-11,Panaji,D2C,5015.81,52920,1442,175,38.65,16229.11
2025-03-11,Panaji,B2B,491.32,2456,98,4,0.0,0.0
2025-03-12,Mumbai,D2C,16077.55,144593,3821,294,79.09,32131.98
2025-03-12,Mumbai,B2B,556.79,2783,111,5,0.0,0.0
2025-03-12,Pune,D2C,6705.01,71686,1608,233,75.27,36168.72
2025-03-12,Pune,B2B,469.92,2349,93,4,0.0,0.0
2025-03-12,Bengaluru,D2C,3599.58,39492,1664,169,32.05,14010.24
2025-03-12,Bengaluru,B2B,520.68,2603,104,5,0.0,0.0
2025-03-12,Chennai,D2C,5153.83,46773,1452,202,59.82,28637.12
2025-03-12,Chennai,B2B,576.65,2883,115,5,0.0,0.0
2025-03-12,Panaji,D2C,7141.38,77282,2537,239,69.69,34400.64
2025-03-12,Panaji,B2B,424.94,2124,84,4,0.0,0.0
2025-03-13,Mumbai,D2C,13562.85,124834,4379,243,86.83,42780.25
2025-03-13,Mumbai,B2B,322.65,1613,64,3,0.0,0.0
2025-03-13,Pune,D2C,5252.06,55780,1551,102,42.05,17116.42
2025-03-13,Pune,B2B,462.39,2311,92,4,0.0,0.0
2025-03-13,Bengaluru,D2C,5542.7,62391,2530,154,47.99,20682.58
2025-03-13,Bengaluru,B2B,396.11,1980,79,3,0.0,0.0
2025-03-13,Chennai,D2C,5099.61,48076,1471,195,63.89,27521.67
2025-03-13,Chennai,B2B,334.02,1670,66,3,0.0,0.0
2025-03-13,Panaji,D2C,3854.46,45345,2099,126,43.23,19685.76
2025-03-13,Panaji,B2B,363.66,1818,72,3,0.0,0.0
2025-03-14,Mumbai,D2C,3599.33,38540,1739,236,52.45,23281.78
2025-03-14,Mumbai,B2B,501.43,2507,100,5,0.0,0.0
2025-03-14,Pune,D2C,3896.98,33969,1386,101,34.88,14529.35
2025-03-14,Pune,B2B,535.9,2679,107,5,0.0,0.0
2025-03-14,Bengaluru,D2C,5112.1,42605,876,58,67.6,28671.57
2025-03-14,Bengaluru,B2B,674.46,3372,134,6,0.0,0.0
2025-03-14,Chennai,D2C,4220.34,42527,1625,121,34.36,15086.42
2025-03-14,Chennai,B2B,471.21,2356,94,4,0.0,0.0
2025-03-14,Panaji,D2C,4263.01,44613,1637,149,46.65,21182.93
2025-03-14,Panaji,B2B,430.15,2150,86,4,0.0,0.0
2025-03-15,Mumbai,D2C,6085.93,60862,1969,269,63.64,28842.78
2025-03-15,Mumbai,B2B,605.52,3027,121,6,0.0,0.0
2025-03-15,Pune,D2C,5251.84,49098,1192,142,43.71,19196.06
2025-03-15,Pune,B2B,408.31,2041,81,4,0.0,0.0
2025-03-15,Bengaluru,D2C,4867.91,47107,967,125,37.29,16686.24
2025-03-15,Bengaluru,B2B,517.68,2588,103,5,0.0,0.0
2025-03-15,Chennai,D2C,7028.63,63349,1285,157,64.37,31131.23
2025-03-15,Chennai,B2B,595.85,2979,119,5,0.0,0.0
2025-03-15,Panaji,D2C,5361.44,50046,2189,208,43.33,21035.11
2025-03-15,Panaji,B2B,533.83,2669,106,5,0.0,0.0
2025-03-16,Mumbai,D2C,4909.88,46895,2068,289,42.16,17147.98
2025-03-16,Mumbai,B2B,602.34,3011,120,6,0.0,0.0
2025-03-16,Pune,D2C,4724.3,56088,1233,141,36.91,16151.4
2025-03-16,Pune,B2B,594.07,2970,118,5,0.0,0.0
2025-03-16,Bengaluru,D2C,4705.22,48163,1427,102,46.32,20253.23
2025-03-16,Bengaluru,B2B,634.62,3173,126,6,0.0,0.0
2025-03-16,Chennai,D2C,4813.23,52420,2081,251,34.98,14752.91
2025-03-16,Chennai,B2B,438.24,2191,87,4,0.0,0.0
2025-03-16,Panaji,D2C,14373.14,161237,6962,729,63.93,30471.42
2025-03-16,Panaji,B2B,711.01,3555,142,7,0.0,0.0
2025-03-17,Mumbai,D2C,6396.6,71718,2548,163,66.83,30877.94
2025-03-17,Mumbai,B2B,541.46,2707,108,5,0.0,0.0
2025-03-17,Pune,D2C,4279.36,49476,2102,296,57.52,26445.04
2025-03-17,Pune,B2B,552.88,2764,110,5,0.0,0.0
2025-03-17,Bengaluru,D2C,5784.13,60904,1503,146,65.27,27876.0
2025-03-17,Bengaluru,B2B,531.06,2655,106,5,0.0,0.0
2025-03-17,Chennai,D2C,4369.69,38713,1267,178,49.81,20860.47
2025-03-17,Chennai,B2B,399.19,1995,79,3,0.0,0.0
2025-03-17,Panaji,D2C,5222.27,58945,2345,303,45.96,21565.49
2025-03-17,Panaji,B2B,452.07,2260,90,4,0.0,0.0
2025-03-18,Mumbai,D2C,5098.31,47404,1331,91,60.5,25523.55
2025-03-18,Mumbai,B2B,494.72,2473,98,4,0.0,0.0
2025-03-18,Pune,D2C,3474.07,39117,1695,213,35.0,14310.54
2025-03-18,Pune,B2B,561.79,2808,112,5,0.0,0.0
2025-03-18,Bengaluru,D2C,4050.58,32909,914,48,59.8,25375.33
2025-03-18,Bengaluru,B2B,643.47,3217,128,6,0.0,0.0
2025-03-18,Chennai,D2C,4461.96,41461,1946,270,44.26,21693.29
2025-03-18,Chennai,B2B,506.69,2533,101,5,0.0,0.0
2025-03-18,Panaji,D2C,4530.85,37465,855,128,44.65,21200.22
2025-03-18,Panaji,B2B,564.46,2822,112,5,0.0,0.0
2025-03-19,Mumbai,D2C,5368.6,48134,1020,92,41.4,16653.21
2025-03-19,Mumbai,B2B,531.57,2657,106,5,0.0,0.0
2025-03-19,Pune,D2C,6214.8,57493,2278,166,39.98,19049.73
2025-03-19,Pune,B2B,440.24,2201,88,4,0.0,0.0
2025-03-19,Bengaluru,D2C,19004.71,215674,8321,884,111.98,54473.22
2025-03-19,Bengaluru,B2B,562.97,2814,112,5,0.0,0.0
2025-03-19,Chennai,D2C,6633.95,73152,2433,293,56.58,23925.18
2025-03-19,Chennai,B2B,675.48,3377,135,6,0.0,0.0
2025-03-19,Panaji,D2C,5703.64,53429,1914,136,75.36,37536.45
2025-03-19,Panaji,B2B,515.92,2579,103,5,0.0,0.0
2025-03-20,Mumbai,D2C,6118.46,63464,1370,130,65.5,30638.47
2025-03-20,Mumbai,B2B,554.93,2774,110,5,0.0,0.0
2025-03-20,Pune,D2C,5558.29,55590,2263,270,61.46,26274.33
2025-03-20,Pune,B2B,483.96,2419,96,4,0.0,0.0
2025-03-20,Bengaluru,D2C,5404.1,47109,1938,185,61.3,29653.4
2025-03-20,Bengaluru,B2B,397.8,1989,79,3,0.0,0.0
2025-03-20,Chennai,D2C,5523.08,62701,2764,403,57.07,25617.36
2025-03-20,Chennai,B2B,633.09,3165,126,6,0.0,0.0
2025-03-20,Panaji,D2C,3896.82,35492,1690,183,49.72,21651.0
2025-03-20,Panaji,B2B,468.75,2343,93,4,0.0,0.0
2025-03-21,Mumbai,D2C,4192.56,48314,2245,260,39.21,19069.58
2025-03-21,Mumbai,B2B,485.1,2425,97,4,0.0,0.0
2025-03-21,Pune,D2C,4833.53,44207,1948,291,35.81,17535.29
2025-03-21,Pune,B2B,521.19,2605,104,5,0.0,0.0
2025-03-21,Bengaluru,D2C,5288.65,60235,1317,110,38.8,19303.53
2025-03-21,Bengaluru,B2B,507.48,2537,101,5,0.0,0.0
2025-03-21,Chennai,D2C,5343.07,44563,1406,80,44.25,18715.89
2025-03-21,Chennai,B2B,530.85,2654,106,5,0.0,0.0
2025-03-21,Panaji,D2C,3270.1,28351,692,101,50.3,24989.03
2025-03-21,Panaji,B2B,476.91,2384,95,4,0.0,0.0
2025-03-22,Mumbai,D2C,3297.79,30685,889,65,32.44,13806.55
2025-03-22,Mumbai,B2B,453.72,2268,90,4,0.0,0.0
2025-03-22,Pune,D2C,6369.25,56317,2493,161,53.58,26063.21
2025-03-22,Pune,B2B,386.14,1930,77,3,0.0,0.0
2025-03-22,Bengaluru,D2C,3081.9,34564,833,90,41.79,17317.72
2025-03-22,Bengaluru,B2B,484.99,2424,96,4,0.0,0.0
2025-03-22,Chennai,D2C,3573.62,29765,1005,81,54.47,22098.67
2025-03-22,Chennai,B2B,578.14,2890,115,5,0.0,0.0
2025-03-22,Panaji,D2C,3814.14,39274,1571,200,57.5,24806.35
2025-03-22,Panaji,B2B,267.8,1339,53,2,0.0,0.0
2025-03-23,Mumbai,D2C,6223.85,71935,2240,155,58.75,27857.21
2025-03-23,Mumbai,B2B,513.68,2568,102,5,0.0,0.0
2025-03-23,Pune,D2C,1675.24,15823,724,65,27.18,12106.89
2025-03-23,Pune,B2B,353.11,1765,70,3,0.0,0.0
2025-03-23,Bengaluru,D2C,4508.44,53225,1344,143,53.02,23804.65
2025-03-23,Bengaluru,B2B,534.49,2672,106,5,0.0,0.0
2025-03-23,Chennai,D2C,3766.73,35741,1424,91,48.21,20175.21
2025-03-23,Chennai,B2B,566.07,2830,113,5,0.0,0.0
2025-03-23,Panaji,D2C,4091.35,46243,1321,188,63.0,28799.79
2025-03-23,Panaji,B2B,428.5,2142,85,4,0.0,0.0
2025-03-24,Mumbai,D2C,4649.98,44033,995,105,62.91,30171.23
2025-03-24,Mumbai,B2B,400.4,2001,80,4,0.0,0.0
2025-03-24,Pune,D2C,5520.0,48978,2263,169,46.93,18774.09
2025-03-24,Pune,B2B,402.22,2011,80,4,0.0,0.0
2025-03-24,Bengaluru,D2C,5296.18,58263,1431,137,49.17,20128.04
2025-03-24,Bengaluru,B2B,537.52,2687,107,5,0.0,0.0
2025-03-24,Chennai,D2C,17487.39,160286,4203,310,126.19,56380.59
2025-03-24,Chennai,B2B,497.27,2486,99,4,0.0,0.0
2025-03-24,Panaji,D2C,6591.02,65574,2157,236,81.17,38712.25
2025-03-24,Panaji,B2B,479.42,2397,95,4,0.0,0.0
2025-03-25,Mumbai,D2C,6171.66,50125,1309,110,59.34,27384.13
2025-03-25,Mumbai,B2B,463.47,2317,92,4,0.0,0.0
2025-03-25,Pune,D2C,5021.28,41179,866,91,50.96,24658.23
2025-03-25,Pune,B2B,588.67,2943,117,5,0.0,0.0
2025-03-25,Bengaluru,D2C,10340.6,112695,2631,291,65.13,27183.72
2025-03-25,Bengaluru,B2B,469.85,2349,93,4,0.0,0.0
2025-03-25,Chennai,D2C,6221.24,68452,1626,206,48.78,22817.0
2025-03-25,Chennai,B2B,451.28,2256,90,4,0.0,0.0
2025-03-25,Panaji,D2C,5742.86,47462,976,129,57.77,27588.25
2025-03-25,Panaji,B2B,511.39,2556,102,5,0.0,0.0
2025-03-26,Mumbai,D2C,12891.82,152716,6114,876,71.84,33130.41
2025-03-26,Mumbai,B2B,379.53,1897,75,3,0.0,0.0
2025-03-26,Pune,D2C,3827.74,45123,2100,260,39.52,16919.9
2025-03-26,Pune,B2B,614.69,3073,122,6,0.0,0.0
2025-03-26,Bengaluru,D2C,5991.26,71658,2103,176,41.76,18551.66
2025-03-26,Bengaluru,B2B,603.84,3019,120,6,0.0,0.0
2025-03-26,Chennai,D2C,4179.82,49079,1255,109,62.34,25323.13
2025-03-26,Chennai,B2B,374.86,1874,74,3,0.0,0.0
2025-03-26,Panaji,D2C,3904.6,38213,1339,99,45.96,21425.13
2025-03-26,Panaji,B2B,529.84,2649,105,5,0.0,0.0
2025-03-27,Mumbai,D2C,5824.75,67668,3012,378,40.28,16140.48
2025-03-27,Mumbai,B2B,581.6,2908,116,5,0.0,0.0
2025-03-27,Pune,D2C,5635.45,54154,2520,351,71.66,30913.47
2025-03-27,Pune,B2B,388.26,1941,77,3,0.0,0.0
2025-03-27,Bengaluru,D2C,3895.59,34041,1030,95,57.14,23540.66
2025-03-27,Bengaluru,B2B,592.4,2961,118,5,0.0,0.0
2025-03-27,Chennai,D2C,5229.31,52142,1512,165,51.84,21589.73
2025-03-27,Chennai,B2B,671.27,3356,134,6,0.0,0.0
2025-03-27,Panaji,D2C,5122.84,48030,2016,233,69.12,33324.84
2025-03-27,Panaji,B2B,399.13,1995,79,3,0.0,0.0
2025-03-28,Mumbai,D2C,6909.42,66317,1976,100,75.91,36446.22
2025-03-28,Mumbai,B2B,580.99,2904,116,5,0.0,0.0
2025-03-28,Pune,D2C,5177.22,43876,2168,154,38.4,17642.05
2025-03-28,Pune,B2B,408.79,2043,81,4,0.0,0.0
2025-03-28,Bengaluru,D2C,5423.34,47129,1745,138,71.37,34392.32
2025-03-28,Bengaluru,B2B,708.08,3540,141,7,0.0,0.0
2025-03-28,Chennai,D2C,4934.03,40465,873,104,51.2,21641.64
2025-03-28,Chennai,B2B,545.07,2725,109,5,0.0,0.0
2025-03-28,Panaji,D2C,3583.57,33817,1511,199,44.22,19238.99
2025-03-28,Panaji,B2B,565.32,2826,113,5,0.0,0.0
2025-03-29,Mumbai,D2C,6153.56,54374,1225,118,58.13,28141.49
2025-03-29,Mumbai,B2B,448.14,2240,89,4,0.0,0.0
2025-03-29,Pune,D2C,4444.43,50197,1583,151,43.44,21428.4
2025-03-29,Pune,B2B,369.87,1849,73,3,0.0,0.0
2025-03-29,Bengaluru,D2C,16008.21,158519,5109,337,104.79,52091.41
2025-03-29,Bengaluru,B2B,695.72,3478,139,6,0.0,0.0
2025-03-29,Chennai,D2C,6723.47,65020,1527,169,79.47,37049.3
2025-03-29,Chennai,B2B,549.91,2749,109,5,0.0,0.0
2025-03-29,Panaji,D2C,4783.55,45983,2069,272,55.74,24377.52
2025-03-29,Panaji,B2B,436.97,2184,87,4,0.0,0.0
2025-03-30,Mumbai,D2C,4534.78,43772,1762,204,36.03,15836.54
2025-03-30,Mumbai,B2B,471.12,2355,94,4,0.0,0.0
2025-03-30,Pune,D2C,4622.96,37758,1229,82,63.89,29114.94
2025-03-30,Pune,B2B,465.04,2325,93,4,0.0,0.0
2025-03-30,Bengaluru,D2C,5014.24,59330,1578,218,68.49,33670.26
2025-03-30,Bengaluru,B2B,342.36,1711,68,3,0.0,0.0
2025-03-30,Chennai,D2C,6370.41,70135,2520,296,57.01,26972.4
2025-03-30,Chennai,B2B,642.95,3214,128,6,0.0,0.0
2025-03-30,Panaji,D2C,4701.4,47771,2165,201,47.28,23237.51
2025-03-30,Panaji,B2B,527.4,2637,105,5,0.0,0.0
2025-03-31,Mumbai,D2C,5654.68,56865,1663,178,49.83,20126.2
2025-03-31,Mumbai,B2B,452.67,2263,90,4,0.0,0.0
2025-03-31,Pune,D2C,6507.63,69529,3070,444,56.48,27014.87
2025-03-31,Pune,B2B,430.78,2153,86,4,0.0,0.0
2025-03-31,Bengaluru,D2C,5073.43,54550,1288,185,42.07,19446.39
2025-03-31,Bengaluru,B2B,466.36,2331,93,4,0.0,0.0
2025-03-31,Chennai,D2C,4284.98,41430,1027,68,46.42,22081.26
2025-03-31,Chennai,B2B,397.14,1985,79,3,0.0,0.0
2025-03-31,Panaji,D2C,12478.59,132857,5058,335,68.91,27728.63
2025-03-31,Panaji,B2B,477.53,2387,95,4,0.0,0.0
2025-04-01,Mumbai,D2C,4626.34,54155,1764,97,35.35,16168.11
2025-04-01,Mumbai,B2B,449.27,2246,89,4,0.0,0.0
2025-04-01,Pune,D2C,4641.23,37339,1628,131,35.43,16258.65
2025-04-01,Pune,B2B,491.85,2459,98,4,0.0,0.0
2025-04-01,Bengaluru,D2C,5344.38,48639,2007,154,69.61,30450.31
2025-04-01,Bengaluru,B2B,492.56,2462,98,4,0.0,0.0
2025-04-01,Chennai,D2C,4369.78,49507,2186,158,40.52,19521.92
2025-04-01,Chennai,B2B,506.99,2534,101,5,0.0,0.0
2025-04-01,Panaji,D2C,3014.54,25123,661,82,28.86,12965.7
2025-04-01,Panaji,B2B,439.0,2194,87,4,0.0,0.0
2025-04-02,Mumbai,D2C,3067.83,31045,771,82,50.0,23800.64
2025-04-02,Mumbai,B2B,432.45,2162,86,4,0.0,0.0
2025-04-02,Pune,D2C,4828.05,45597,1470,173,36.71,14811.8
2025-04-02,Pune,B2B,483.03,2415,96,4,0.0,0.0
2025-04-02,Bengaluru,D2C,6567.8,69395,1928,267,76.82,33009.7
2025-04-02,Bengaluru,B2B,414.05,2070,82,4,0.0,0.0
2025-04-02,Chennai,D2C,4530.86,48432,2168,254,61.4,26997.54
2025-04-02,Chennai,B2B,357.19,1785,71,3,0.0,0.0
2025-04-02,Panaji,D2C,5481.78,58573,1647,95,73.76,30657.99
2025-04-02,Panaji,B2B,430.41,2152,86,4,0.0,0.0
2025-04-03,Mumbai,D2C,5605.22,64260,1843,178,60.62,26740.76
2025-04-03,Mumbai,B2B,611.54,3057,122,6,0.0,0.0
2025-04-03,Pune,D2C,3163.93,36076,939,134,47.5,22912.76
2025-04-03,Pune,B2B,421.55,2107,84,4,0.0,0.0
2025-04-03,Bengaluru,D2C,19408.75,218804,4639,644,138.76,59582.52
2025-04-03,Bengaluru,B2B,529.54,2647,105,5,0.0,0.0
2025-04-03,Chennai,D2C,5663.45,64915,1498,93,74.47,34806.73
2025-04-03,Chennai,B2B,427.58,2137,85,4,0.0,0.0
2025-04-03,Panaji,D2C,4546.89,47182,1797,212,53.11,23524.41
2025-04-03,Panaji,B2B,589.47,2947,117,5,0.0,0.0
2025-04-04,Mumbai,D2C,5917.97,63733,1720,193,67.2,28349.72
2025-04-04,Mumbai,B2B,423.41,2117,84,4,0.0,0.0
2025-04-04,Pune,D2C,18218.66,199250,6025,589,130.18,56391.6
2025-04-04,Pune,B2B,532.54,2662,106,5,0.0,0.0
2025-04-04,Bengaluru,D2C,4683.23,42310,881,99,48.81,22198.22
2025-04-04,Bengaluru,B2B,497.74,2488,99,4,0.0,0.0
2025-04-04,Chennai,D2C,4454.16,52831,1136,157,52.62,24015.4
2025-04-04,Chennai,B2B,412.97,2064,82,4,0.0,0.0
2025-04-04,Panaji,D2C,4226.92,43975,1329,188,45.72,18944.97
2025-04-04,Panaji,B2B,500.05,2500,100,5,0.0,0.0
2025-04-05,Mumbai,D2C,4002.33,43190,2030,262,53.03,24814.5
2025-04-05,Mumbai,B2B,603.66,3018,120,6,0.0,0.0
2025-04-05,Pune,D2C,14653.04,133164,3533,410,98.88,45420.23
2025-04-05,Pune,B2B,525.26,2626,105,5,0.0,0.0
2025-04-05,Bengaluru,D2C,6165.03,57772,1388,82,71.9,35364.91
2025-04-05,Bengaluru,B2B,375.44,1877,75,3,0.0,0.0
2025-04-05,Chennai,D2C,4239.81,46280,2008,124,32.56,15341.74
2025-04-05,Chennai,B2B,528.71,2643,105,5,0.0,0.0
2025-04-05,Panaji,D2C,11107.47,112865,5139,749,82.51,37248.14
2025-04-05,Panaji,B2B,424.21,2121,84,4,0.0,0.0
2025-04-06,Mumbai,D2C,5099.14,53176,1683,124,39.09,16869.08
2025-04-06,Mumbai,B2B,415.83,2079,83,4,0.0,0.0
2025-04-06,Pune,D2C,4968.49,57110,2847,308,63.88,27639.8
2025-04-06,Pune,B2B,527.47,2637,105,5,0.0,0.0
2025-04-06,Bengaluru,D2C,4182.28,44870,1321,83,52.78,21790.96
2025-04-06,Bengaluru,B2B,336.74,1683,67,3,0.0,0.0
2025-04-06,Chennai,D2C,6732.05,74146,3424,342,70.98,32788.12
2025-04-06,Chennai,B2B,570.29,2851,114,5,0.0,0.0
2025-04-06,Panaji,D2C,4540.45,51760,1339,83,66.15,27175.72
2025-04-06,Panaji,B2B,326.19,1630,65,3,0.0,0.0
2025-04-07,Mumbai,D2C,7554.69,63037,1368,82,68.91,31314.09
2025-04-07,Mumbai,B2B,435.78,2178,87,4,0.0,0.0
2025-04-07,Pune,D2C,5657.36,46199,1614,191,47.1,20288.14
2025-04-07,Pune,B2B,372.96,1864,74,3,0.0,0.0
2025-04-07,Bengaluru,D2C,5836.33,60303,2527,218,62.68,27994.69
2025-04-07,Bengaluru,B2B,523.88,2619,104,5,0.0,0.0
2025-04-07,Chennai,D2C,5598.74,52821,2500,130,49.23,19970.48
2025-04-07,Chennai,B2B,407.98,2039,81,4,0.0,0.0
2025-04-07,Panaji,D2C,5766.2,61713,1967,247,55.21,24361.11
2025-04-07,Panaji,B2B,601.04,3005,120,6,0.0,0.0
2025-04-08,Mumbai,D2C,5218.03,49630,1084,90,54.39,22637.18
2025-04-08,Mumbai,B2B,402.12,2010,80,4,0.0,0.0
2025-04-08,Pune,D2C,2935.04,24832,1154,105,37.58,17510.42
2025-04-08,Pune,B2B,431.4,2157,86,4,0.0,0.0
2025-04-08,Bengaluru,D2C,6992.83,78703,3794,435,81.72,33926.95
2025-04-08,Bengaluru,B2B,422.07,2110,84,4,0.0,0.0
2025-04-08,Chennai,D2C,7444.58,71511,2155,135,60.04,24993.1
2025-04-08,Chennai,B2B,445.77,2228,89,4,0.0,0.0
2025-04-08,Panaji,D2C,4159.61,42467,1607,220,50.85,22098.39
2025-04-08,Panaji,B2B,567.64,2838,113,5,0.0,0.0
2025-04-09,Mumbai,D2C,5184.87,53214,2513,225,46.67,19338.25
2025-04-09,Mumbai,B2B,639.07,3195,127,6,0.0,0.0
2025-04-09,Pune,D2C,4778.31,39767,1916,240,54.84,26478.17
2025-04-09,Pune,B2B,385.06,1925,77,3,0.0,0.0
2025-04-09,Bengaluru,D2C,4954.14,56054,2438,189,68.31,28171.36
2025-04-09,Bengaluru,B2B,416.87,2084,83,4,0.0,0.0
2025-04-09,Chennai,D2C,16678.73,160477,5695,615,125.01,58407.54
2025-04-09,Chennai,B2B,418.65,2093,83,4,0.0,0.0
2025-04-09,Panaji,D2C,6379.16,51596,2552,149,72.46,31014.12
2025-04-09,Panaji,B2B,491.66,2458,98,4,0.0,0.0
2025-04-10,Mumbai,D2C,4825.06,45952,994,109,66.07,28961.2
2025-04-10,Mumbai,B2B,393.01,1965,78,3,0.0,0.0
2025-04-10,Pune,D2C,14119.78,159298,7134,776,80.39,38586.6
2025-04-10,Pune,B2B,355.06,1775,71,3,0.0,0.0
2025-04-10,Bengaluru,D2C,6269.17,69823,2650,242,77.51,35199.64
2025-04-10,Bengaluru,B2B,521.29,2606,104,5,0.0,0.0
2025-04-10,Chennai,D2C,3655.96,37606,960,53,48.5,23105.52
2025-04-10,Chennai,B2B,550.53,2752,110,5,0.0,0.0
2025-04-10,Panaji,D2C,3455.62,28752,956,63,34.81,14629.84
2025-04-10,Panaji,B2B,513.23,2566,102,5,0.0,0.0
2025-04-11,Mumbai,D2C,4461.76,44826,1546,136,61.42,25462.35
2025-04-11,Mumbai,B2B,486.41,2432,97,4,0.0,0.0
2025-04-11,Pune,D2C,4272.33,43985,1626,224,50.91,25252.12
2025-04-11,Pune,B2B,500.95,2504,100,5,0.0,0.0
2025-04-11,Bengaluru,D2C,21311.02,251126,11367,905,78.63,32785.95
2025-04-11,Bengaluru,B2B,559.64,2798,111,5,0.0,0.0
2025-04-11,Chennai,D2C,3362.4,40207,1629,236,33.13,14516.38
2025-04-11,Chennai,B2B,511.96,2559,102,5,0.0,0.0
2025-04-11,Panaji,D2C,12631.96,134931,5296,482,83.71,36962.57
2025-04-11,Panaji,B2B,510.21,2551,102,5,0.0,0.0
2025-04-12,Mumbai,D2C,5110.39,47329,1504,110,39.21,16385.73
2025-04-12,Mumbai,B2B,550.74,2753,110,5,0.0,0.0
2025-04-12,Pune,D2C,5620.75,55647,2652,151,48.0,20881.6
2025-04-12,Pune,B2B,604.02,3020,120,6,0.0,0.0
2025-04-12,Bengaluru,D2C,5502.71,48966,1565,142,73.37,30676.24
2025-04-12,Bengaluru,B2B,465.17,2325,93,4,0.0,0.0
2025-04-12,Chennai,D2C,4402.58,42617,1591,212,59.85,29127.94
2025-04-12,Chennai,B2B,607.79,3038,121,6,0.0,0.0
2025-04-12,Panaji,D2C,5159.72,49859,1817,164,54.58,27269.91
2025-04-12,Panaji,B2B,463.38,2316,92,4,0.0,0.0
2025-04-13,Mumbai,D2C,5398.45,46059,1140,165,69.05,33883.64
2025-04-13,Mumbai,B2B,417.16,2085,83,4,0.0,0.0
2025-04-13,Pune,D2C,6368.1,61602,1893,207,62.87,26161.61
2025-04-13,Pune,B2B,383.13,1915,76,3,0.0,0.0
2025-04-13,Bengaluru,D2C,7569.91,66921,2828,148,58.94,28173.96
2025-04-13,Bengaluru,B2B,364.18,1820,72,3,0.0,0.0
2025-04-13,Chennai,D2C,3378.61,34696,1522,187,46.79,21002.15
2025-04-13,Chennai,B2B,543.37,2716,108,5,0.0,0.0
2025-04-13,Panaji,D2C,4601.86,47846,1694,133,34.14,15349.15
2025-04-13,Panaji,B2B,438.81,2194,87,4,0.0,0.0
2025-04-14,Mumbai,D2C,17981.79,185919,8969,604,98.67,40370.59
2025-04-14,Mumbai,B2B,409.18,2045,81,4,0.0,0.0
2025-04-14,Pune,D2C,5852.6,59026,2768,192,39.11,19016.04
2025-04-14,Pune,B2B,712.06,3560,142,7,0.0,0.0
2025-04-14,Bengaluru,D2C,5936.21,66726,2194,274,73.7,33695.11
2025-04-14,Bengaluru,B2B,518.48,2592,103,5,0.0,0.0
2025-04-14,Chennai,D2C,4427.81,39794,1161,122,52.83,23386.92
2025-04-14,Chennai,B2B,421.0,2104,84,4,0.0,0.0
2025-04-14,Panaji,D2C,4274.9,37137,1319,94,41.95,18460.34
2025-04-14,Panaji,B2B,520.0,2600,104,5,0.0,0.0
2025-04-15,Mumbai,D2C,6336.92,74338,1531,100,75.07,33471.94
2025-04-15,Mumbai,B2B,618.26,3091,123,6,0.0,0.0
2025-04-15,Pune,D2C,6903.29,80954,4040,492,53.48,26094.51
2025-04-15,Pune,B2B,575.41,2877,115,5,0.0,0.0
2025-04-15,Bengaluru,D2C,4723.36,40396,1849,184,57.55,24397.93
2025-04-15,Bengaluru,B2B,545.09,2725,109,5,0.0,0.0
2025-04-15,Chennai,D2C,5791.8,55848,1468,216,62.62,30899.3
2025-04-15,Chennai,B2B,578.58,2892,115,5,0.0,0.0
2025-04-15,Panaji,D2C,6004.38,64646,3165,282,43.81,20466.04
2025-04-15,Panaji,B2B,429.95,2149,85,4,0.0,0.0
2025-04-16,Mumbai,D2C,5531.1,55409,1627,150,61.18,29030.54
2025-04-16,Mumbai,B2B,662.25,3311,132,6,0.0,0.0
2025-04-16,Pune,D2C,4498.63,39563,1721,242,45.95,21833.07
2025-04-16,Pune,B2B,358.19,1790,71,3,0.0,0.0
2025-04-16,Bengaluru,D2C,3491.81,34725,808,60,38.91,18711.19
2025-04-16,Bengaluru,B2B,384.3,1921,76,3,0.0,0.0
2025-04-16,Chennai,D2C,4622.66,52832,2268,146,57.46,28415.41
2025-04-16,Chennai,B2B,571.73,2858,114,5,0.0,0.0
2025-04-16,Panaji,D2C,3865.6,40909,1444,89,40.79,19588.07
2025-04-16,Panaji,B2B,622.98,3114,124,6,0.0,0.0
2025-04-17,Mumbai,D2C,4871.1,53617,2378,343,45.82,22259.96
2025-04-17,Mumbai,B2B,534.07,2670,106,5,0.0,0.0
2025-04-17,Pune,D2C,5401.92,57859,1595,219,42.95,17412.08
2025-04-17,Pune,B2B,427.8,2139,85,4,0.0,0.0
2025-04-17,Bengaluru,D2C,4796.27,45725,1145,153,53.63,22468.74
2025-04-17,Bengaluru,B2B,680.65,3403,136,6,0.0,0.0
2025-04-17,Chennai,D2C,5091.1,50114,2248,298,60.98,25036.43
2025-04-17,Chennai,B2B,680.65,3403,136,6,0.0,0.0
2025-04-17,Panaji,D2C,5473.05,51730,2399,293,41.15,18140.11
2025-04-17,Panaji,B2B,593.73,2968,118,5,0.0,0.0
2025-04-18,Mumbai,D2C,5072.72,46071,1265,182,46.23,22078.82
2025-04-18,Mumbai,B2B,518.73,2593,103,5,0.0,0.0
2025-04-18,Pune,D2C,11932.24,121434,5983,520,74.13,32201.15
2025-04-18,Pune,B2B,469.7,2348,93,4,0.0,0.0
2025-04-18,Bengaluru,D2C,2277.72,22827,804,51,47.31,20108.15
2025-04-18,Bengaluru,B2B,594.25,2971,118,5,0.0,0.0
2025-04-18,Chennai,D2C,5214.83,50378,1645,211,43.17,20810.7
2025-04-18,Chennai,B2B,443.82,2219,88,4,0.0,0.0
2025-04-18,Panaji,D2C,4004.6,36147,1538,155,41.79,19208.31
2025-04-18,Panaji,B2B,682.73,3413,136,6,0.0,0.0
2025-04-19,Mumbai,D2C,4997.25,46874,1014,71,50.14,21159.21
2025-04-19,Mumbai,B2B,502.11,2510,100,5,0.0,0.0
2025-04-19,Pune,D2C,5478.82,46468,1023,125,71.38,31627.05
2025-04-19,Pune,B2B,567.96,2839,113,5,0.0,0.0
2025-04-19,Bengaluru,D2C,5033.9,47818,1847,225,39.4,15899.68
2025-04-19,Bengaluru,B2B,395.82,1979,79,3,0.0,0.0
2025-04-19,Chennai,D2C,4893.51,45827,1527,179,52.78,25656.92
2025-04-19,Chennai,B2B,454.62,2273,90,4,0.0,0.0
2025-04-19,Panaji,D2C,4787.57,47554,2359,295,43.2,19604.46
2025-04-19,Panaji,B2B,650.42,3252,130,6,0.0,0.0
2025-04-20,Mumbai,D2C,5288.41,42454,1362,100,66.14,28685.12
2025-04-20,Mumbai,B2B,443.73,2218,88,4,0.0,0.0
2025-04-20,Pune,D2C,3936.21,32563,834,88,40.51,17894.64
2025-04-20,Pune,B2B,421.02,2105,84,4,0.0,0.0
2025-04-20,Bengaluru,D2C,5920.01,59033,1765,107,75.15,30512.19
2025-04-20,Bengaluru,B2B,469.86,2349,93,4,0.0,0.0
2025-04-20,Chennai,D2C,3943.67,34140,1484,92,51.33,21169.75
2025-04-20,Chennai,B2B,394.15,1970,78,3,0.0,0.0
2025-04-20,Panaji,D2C,5485.0,45588,2218,165,68.86,28707.85
2025-04-20,Panaji,B2B,453.22,2266,90,4,0.0,0.0
2025-04-21,Mumbai,D2C,6569.87,76452,3408,473,48.6,20821.65
2025-04-21,Mumbai,B2B,506.86,2534,101,5,0.0,0.0
2025-04-21,Pune,D2C,4147.8,42217,1046,124,37.6,16205.74
2025-04-21,Pune,B2B,353.72,1768,70,3,0.0,0.0
2025-04-21,Bengaluru,D2C,6445.86,68211,1682,176,43.65,19108.7
2025-04-21,Bengaluru,B2B,501.63,2508,100,5,0.0,0.0
2025-04-21,Chennai,D2C,4496.5,53160,2584,220,34.97,14615.56
2025-04-21,Chennai,B2B,490.54,2452,98,4,0.0,0.0
2025-04-21,Panaji,D2C,5557.3,61430,1428,211,51.5,24591.46
2025-04-21,Panaji,B2B,486.59,2432,97,4,0.0,0.0
2025-04-22,Mumbai,D2C,6197.19,53197,2561,363,74.29,34363.67
2025-04-22,Mumbai,B2B,352.39,1761,70,3,0.0,0.0
2025-04-22,Pune,D2C,3750.6,35345,864,94,55.56,24346.38
2025-04-22,Pune,B2B,389.2,1946,77,3,0.0,0.0
2025-04-22,Bengaluru,D2C,4721.88,43439,1706,187,58.27,25421.98
2025-04-22,Bengaluru,B2B,466.28,2331,93,4,0.0,0.0
2025-04-22,Chennai,D2C,4512.61,50558,1284,78,63.27,27477.35
2025-04-22,Chennai,B2B,553.36,2766,110,5,0.0,0.0
2025-04-22,Panaji,D2C,3890.05,40609,1105,97,33.7,13975.13
2025-04-22,Panaji,B2B,614.71,3073,122,6,0.0,0.0
2025-04-23,Mumbai,D2C,4463.83,35818,1236,77,43.68,21519.12
2025-04-23,Mumbai,B2B,473.6,2367,94,4,0.0,0.0
2025-04-23,Pune,D2C,5662.73,65336,2392,247,44.98,18739.6
2025-04-23,Pune,B2B,419.29,2096,83,4,0.0,0.0
2025-04-23,Bengaluru,D2C,4753.76,52478,1582,229,59.91,27544.53
2025-04-23,Bengaluru,B2B,559.57,2797,111,5,0.0,0.0
2025-04-23,Chennai,D2C,4759.67,52240,2485,229,46.3,22970.55
2025-04-23,Chennai,B2B,333.01,1665,66,3,0.0,0.0
2025-04-23,Panaji,D2C,4424.12,51488,1908,240,60.26,26161.94
2025-04-23,Panaji,B2B,210.01,1050,42,2,0.0,0.0
2025-04-24,Mumbai,D2C,6151.13,68743,3315,372,68.3,32817.45
2025-04-24,Mumbai,B2B,478.1,2390,95,4,0.0,0.0
2025-04-24,Pune,D2C,4667.34,44841,1803,171,59.74,26029.83
2025-04-24,Pune,B2B,609.37,3046,121,6,0.0,0.0
2025-04-24,Bengaluru,D2C,3864.53,39351,1027,81,54.35,24363.59
2025-04-24,Bengaluru,B2B,548.79,2743,109,5,0.0,0.0
2025-04-24,Chennai,D2C,4115.84,41570,1713,128,46.41,19135.79
2025-04-24,Chennai,B2B,241.16,1205,48,2,0.0,0.0
2025-04-24,Panaji,D2C,5752.68,58692,1443,177,60.69,28712.39
2025-04-24,Panaji,B2B,381.25,1906,76,3,0.0,0.0
2025-04-25,Mumbai,D2C,3139.55,25975,1218,75,37.2,17914.89
2025-04-25,Mumbai,B2B,586.42,2932,117,5,0.0,0.0
2025-04-25,Pune,D2C,3354.41,38301,1156,158,31.51,15052.11
2025-04-25,Pune,B2B,650.55,3252,130,6,0.0,0.0
2025-04-25,Bengaluru,D2C,4671.06,40460,1666,172,55.88,23451.31
2025-04-25,Bengaluru,B2B,535.93,2679,107,5,0.0,0.0
2025-04-25,Chennai,D2C,5630.15,60060,1985,288,64.5,31800.15
2025-04-25,Chennai,B2B,312.33,1561,62,3,0.0,0.0
2025-04-25,Panaji,D2C,3310.54,36099,853,68,44.09,20123.2
2025-04-25,Panaji,B2B,519.33,2596,103,5,0.0,0.0
2025-04-26,Mumbai,D2C,3849.83,40302,1978,242,59.65,28404.63
2025-04-26,Mumbai,B2B,534.66,2673,106,5,0.0,0.0
2025-04-26,Pune,D2C,3725.51,39093,1488,147,46.65,20221.15
2025-04-26,Pune,B2B,537.96,2689,107,5,0.0,0.0
2025-04-26,Bengaluru,D2C,3587.71,31367,707,66,49.66,22039.57
2025-04-26,Bengaluru,B2B,509.02,2545,101,5,0.0,0.0
2025-04-26,Chennai,D2C,5443.52,63860,3044,305,48.99,23205.22
2025-04-26,Chennai,B2B,329.79,1648,65,3,0.0,0.0
2025-04-26,Panaji,D2C,4970.26,58063,1182,124,61.36,27519.37
2025-04-26,Panaji,B2B,445.39,2226,89,4,0.0,0.0
2025-04-27,Mumbai,D2C,7390.77,73419,2413,138,47.55,23001.24
2025-04-27,Mumbai,B2B,537.71,2688,107,5,0.0,0.0
2025-04-27,Pune,D2C,4284.94,47455,1037,111,36.63,14786.14
2025-04-27,Pune,B2B,439.01,2195,87,4,0.0,0.0
2025-04-27,Bengaluru,D2C,6177.54,59840,1268,120,62.0,28338.76
2025-04-27,Bengaluru,B2B,478.74,2393,95,4,0.0,0.0
2025-04-27,Chennai,D2C,3764.72,35641,819,103,60.32,29980.81
2025-04-27,Chennai,B2B,387.78,1938,77,3,0.0,0.0
2025-04-27,Panaji,D2C,5280.53,48268,1878,179,53.85,25619.24
2025-04-27,Panaji,B2B,601.61,3008,120,6,0.0,0.0
2025-04-28,Mumbai,D2C,4036.42,33199,1147,162,51.16,23257.34
2025-04-28,Mumbai,B2B,384.51,1922,76,3,0.0,0.0
2025-04-28,Pune,D2C,4229.62,43298,1534,91,33.04,16399.5
2025-04-28,Pune,B2B,376.99,1884,75,3,0.0,0.0
2025-04-28,Bengaluru,D2C,6370.04,68366,3279,352,44.94,20589.83
2025-04-28,Bengaluru,B2B,336.71,1683,67,3,0.0,0.0
2025-04-28,Chennai,D2C,4498.75,47663,2239,251,37.94,16350.67
2025-04-28,Chennai,B2B,642.66,3213,128,6,0.0,0.0
2025-04-28,Panaji,D2C,5763.7,50352,2149,209,46.53,21481.31
2025-04-28,Panaji,B2B,612.74,3063,122,6,0.0,0.0
2025-04-29,Mumbai,D2C,4907.02,42160,2088,148,39.59,16642.08
2025-04-29,Mumbai,B2B,475.41,2377,95,4,0.0,0.0
2025-04-29,Pune,D2C,4592.62,37126,780,73,61.56,30071.74
2025-04-29,Pune,B2B,647.14,3235,129,6,0.0,0.0
2025-04-29,Bengaluru,D2C,5079.76,48521,2177,137,68.97,32770.62
2025-04-29,Bengaluru,B2B,414.08,2070,82,4,0.0,0.0
2025-04-29,Chennai,D2C,5167.04,60726,1716,142,61.13,29129.83
2025-04-29,Chennai,B2B,541.74,2708,108,5,0.0,0.0
2025-04-29,Panaji,D2C,5649.36,53945,1536,123,74.52,34598.62
2025-04-29,Panaji,B2B,581.12,2905,116,5,0.0,0.0
2025-04-30,Mumbai,D2C,6212.16,71303,1812,262,48.03,20778.89
2025-04-30,Mumbai,B2B,450.69,2253,90,4,0.0,0.0
2025-04-30,Pune,D2C,4411.85,43140,1823,132,35.15,15115.24
2025-04-30,Pune,B2B,641.82,3209,128,6,0.0,0.0
2025-04-30,Bengaluru,D2C,3728.58,35794,777,84,57.53,23885.38
2025-04-30,Bengaluru,B2B,490.16,2450,98,4,0.0,0.0
2025-04-30,Chennai,D2C,6684.35,72220,2334,234,41.18,19320.28
2025-04-30,Chennai,B2B,600.0,3000,120,6,0.0,0.0
2025-04-30,Panaji,D2C,4718.2,56222,1834,183,65.6,30943.22
2025-04-30,Panaji,B2B,509.85,2549,101,5,0.0,0.0
2025-05-01,Mumbai,D2C,6338.03,62287,2133,188,78.29,36772.44
2025-05-01,Mumbai,B2B,536.87,2684,107,5,0.0,0.0
2025-05-01,Pune,D2C,4234.19,40938,1896,133,59.42,27083.89
2025-05-01,Pune,B2B,496.55,2482,99,4,0.0,0.0
2025-05-01,Bengaluru,D2C,3138.05,35872,1045,72,31.62,13591.69
2025-05-01,Bengaluru,B2B,511.23,2556,102,5,0.0,0.0
2025-05-01,Chennai,D2C,4847.19,41999,1259,181,46.75,23320.45
2025-05-01,Chennai,B2B,650.82,3254,130,6,0.0,0.0
2025-05-01,Panaji,D2C,3670.81,36126,1491,221,31.81,13033.07
2025-05-01,Panaji,B2B,493.88,2469,98,4,0.0,0.0
2025-05-02,Mumbai,D2C,4027.85,32856,678,86,36.0,16083.17
2025-05-02,Mumbai,B2B,598.23,2991,119,5,0.0,0.0
2025-05-02,Pune,D2C,11073.67,123294,2504,315,99.62,44158.9
2025-05-02,Pune,B2B,693.44,3467,138,6,0.0,0.0
2025-05-02,Bengaluru,D2C,3291.88,38020,1780,148,46.33,22827.47
2025-05-02,Bengaluru,B2B,763.77,3818,152,7,0.0,0.0
2025-05-02,Chennai,D2C,5010.88,45673,2227,143,55.92,23946.37
2025-05-02,Chennai,B2B,556.11,2780,111,5,0.0,0.0
2025-05-02,Panaji,D2C,4324.19,35544,1327,77,37.96,16852.49
2025-05-02,Panaji,B2B,342.84,1714,68,3,0.0,0.0
2025-05-03,Mumbai,D2C,3295.13,27507,800,117,55.82,24195.66
2025-05-03,Mumbai,B2B,507.39,2536,101,5,0.0,0.0
2025-05-03,Pune,D2C,17540.84,197206,9554,564,76.91,38154.16
2025-05-03,Pune,B2B,514.65,2573,102,5,0.0,0.0
2025-05-03,Bengaluru,D2C,4679.54,45858,1870,230,68.25,29262.5
2025-05-03,Bengaluru,B2B,502.48,2512,100,5,0.0,0.0
2025-05-03,Chennai,D2C,6988.33,60635,2990,404,62.63,28828.98
2025-05-03,Chennai,B2B,728.05,3640,145,7,0.0,0.0
2025-05-03,Panaji,D2C,5244.21,52760,2622,291,49.64,23689.37
2025-05-03,Panaji,B2B,347.89,1739,69,3,0.0,0.0
2025-05-04,Mumbai,D2C,4603.68,44781,1945,191,60.86,27853.58
2025-05-04,Mumbai,B2B,386.91,1934,77,3,0.0,0.0
2025-05-04,Pune,D2C,6073.25,54036,1898,144,39.32,18276.92
2025-05-04,Pune,B2B,445.32,2226,89,4,0.0,0.0
2025-05-04,Bengaluru,D2C,2095.54,21552,989,63,35.92,17484.22
2025-05-04,Bengaluru,B2B,559.14,2795,111,5,0.0,0.0
2025-05-04,Chennai,D2C,6631.57,55504,1872,167,76.02,32263.5
2025-05-04,Chennai,B2B,562.19,2810,112,5,0.0,0.0
2025-05-04,Panaji,D2C,4249.64,50428,1679,137,49.74,23318.12
2025-05-04,Panaji,B2B,375.37,1876,75,3,0.0,0.0
2025-05-05,Mumbai,D2C,5939.58,48687,1537,131,50.7,22768.14
2025-05-05,Mumbai,B2B,409.99,2049,81,4,0.0,0.0
2025-05-05,Pune,D2C,3993.41,47520,1536,145,49.81,24823.84
2025-05-05,Pune,B2B,441.36,2206,88,4,0.0,0.0
2025-05-05,Bengaluru,D2C,5779.03,60271,1365,160,40.45,18589.65
2025-05-05,Bengaluru,B2B,388.96,1944,77,3,0.0,0.0
2025-05-05,Chennai,D2C,4175.72,33912,1536,147,39.34,16262.34
2025-05-05,Chennai,B2B,568.33,2841,113,5,0.0,0.0
2025-05-05,Panaji,D2C,4433.49,45129,1072,84,41.24,17376.99
2025-05-05,Panaji,B2B,387.98,1939,77,3,0.0,0.0
2025-05-06,Mumbai,D2C,6649.78,62951,1997,294,79.7,38256.05
2025-05-06,Mumbai,B2B,428.15,2140,85,4,0.0,0.0
2025-05-06,Pune,D2C,3862.82,42919,1963,263,42.25,19804.97
2025-05-06,Pune,B2B,410.72,2053,82,4,0.0,0.0
2025-05-06,Bengaluru,D2C,4603.6,37009,1194,99,57.45,27380.99
2025-05-06,Bengaluru,B2B,483.1,2415,96,4,0.0,0.0
2025-05-06,Chennai,D2C,5937.07,58096,2429,289,76.57,32350.25
2025-05-06,Chennai,B2B,441.09,2205,88,4,0.0,0.0
2025-05-06,Panaji,D2C,6083.92,52476,2233,238,49.71,22243.15
2025-05-06,Panaji,B2B,660.41,3302,132,6,0.0,0.0
2025-05-07,Mumbai,D2C,5860.72,60231,2346,238,40.24,17031.41
2025-05-07,Mumbai,B2B,319.61,1598,63,3,0.0,0.0
2025-05-07,Pune,D2C,3034.07,30390,902,68,40.32,16665.37
2025-05-07,Pune,B2B,491.71,2458,98,4,0.0,0.0
2025-05-07,Bengaluru,D2C,4397.04,49386,2125,130,54.5,26348.95
2025-05-07,Bengaluru,B2B,531.79,2658,106,5,0.0,0.0
2025-05-07,Chennai,D2C,6858.98,69377,1459,166,44.78,19860.95
2025-05-07,Chennai,B2B,598.22,2991,119,5,0.0,0.0
2025-05-07,Panaji,D2C,5396.2,58098,2547,168,40.56,16814.53
2025-05-07,Panaji,B2B,319.16,1595,63,3,0.0,0.0
2025-05-08,Mumbai,D2C,5078.78,42798,1689,231,65.14,30135.66
2025-05-08,Mumbai,B2B,605.39,3026,121,6,0.0,0.0
2025-05-08,Pune,D2C,4593.76,54077,2071,276,57.96,23836.67
2025-05-08,Pune,B2B,438.32,2191,87,4,0.0,0.0
2025-05-08,Bengaluru,D2C,4097.3,38366,1915,146,40.94,20185.52
2025-05-08,Bengaluru,B2B,594.69,2973,118,5,0.0,0.0
2025-05-08,Chennai,D2C,5763.33,68597,1506,199,62.49,29041.77
2025-05-08,Chennai,B2B,551.13,2755,110,5,0.0,0.0
2025-05-08,Panaji,D2C,5352.29,62339,2068,111,49.83,24050.99
2025-05-08,Panaji,B2B,412.82,2064,82,4,0.0,0.0
2025-05-09,Mumbai,D2C,4627.06,44917,1530,218,55.82,24065.66
2025-05-09,Mumbai,B2B,684.84,3424,136,6,0.0,0.0
2025-05-09,Pune,D2C,4252.96,40148,1378,117,54.86,25578.06
2025-05-09,Pune,B2B,504.36,2521,100,5,0.0,0.0
2025-05-09,Bengaluru,D2C,4008.71,34078,1351,72,50.58,24630.01
2025-05-09,Bengaluru,B2B,592.06,2960,118,5,0.0,0.0
2025-05-09,Chennai,D2C,4873.87,40491,1624,214,43.45,19209.05
2025-05-09,Chennai,B2B,596.73,2983,119,5,0.0,0.0
2025-05-09,Panaji,D2C,5310.86,44651,2113,279,64.13,25965.48
2025-05-09,Panaji,B2B,342.13,1710,68,3,0.0,0.0
2025-05-10,Mumbai,D2C,4787.5,48765,1108,139,54.75,22919.79
2025-05-10,Mumbai,B2B,617.89,3089,123,6,0.0,0.0
2025-05-10,Pune,D2C,4508.26,46665,2109,109,35.22,16103.91
2025-05-10,Pune,B2B,451.45,2257,90,4,0.0,0.0
2025-05-10,Bengaluru,D2C,4461.54,46334,1307,68,57.95,26806.6
2025-05-10,Bengaluru,B2B,599.29,2996,119,5,0.0,0.0
2025-05-10,Chennai,D2C,6557.38,57859,1769,110,45.75,21391.99
2025-05-10,Chennai,B2B,552.04,2760,110,5,0.0,0.0
2025-05-10,Panaji,D2C,3853.6,43358,1619,181,55.29,26006.41
2025-05-10,Panaji,B2B,546.58,2732,109,5,0.0,0.0
2025-05-11,Mumbai,D2C,5637.72,59544,1752,255,38.8,17768.3
2025-05-11,Mumbai,B2B,544.99,2724,108,5,0.0,0.0
2025-05-11,Pune,D2C,5520.49,49361,1719,243,45.02,18655.37
2025-05-11,Pune,B2B,418.21,2091,83,4,0.0,0.0
2025-05-11,Bengaluru,D2C,5003.88,42965,1691,123,40.91,19161.56
2025-05-11,Bengaluru,B2B,662.22,3311,132,6,0.0,0.0
2025-05-11,Chennai,D2C,6466.87,63322,2036,302,51.96,22315.57
2025-05-11,Chennai,B2B,553.93,2769,110,5,0.0,0.0
2025-05-11,Panaji,D2C,5868.51,68433,1914,267,42.27,19681.67
2025-05-11,Panaji,B2B,304.43,1522,60,3,0.0,0.0
2025-05-12,Mumbai,D2C,4950.8,53009,1539,105,45.87,18773.29
2025-05-12,Mumbai,B2B,548.91,2744,109,5,0.0,0.0
2025-05-12,Pune,D2C,6358.58,54183,2129,148,43.76,18235.01
2025-05-12,Pune,B2B,464.58,2322,92,4,0.0,0.0
2025-05-12,Bengaluru,D2C,6346.64,67963,2751,310,50.43,20369.72
2025-05-12,Bengaluru,B2B,373.88,1869,74,3,0.0,0.0
2025-05-12,Chennai,D2C,5972.62,67667,3366,223,65.37,30557.06
2025-05-12,Chennai,B2B,488.95,2444,97,4,0.0,0.0
2025-05-12,Panaji,D2C,3909.1,32946,1430,201,43.23,20017.92
2025-05-12,Panaji,B2B,579.43,2897,115,5,0.0,0.0
2025-05-13,Mumbai,D2C,3277.66,36213,1741,250,33.63,16393.08
2025-05-13,Mumbai,B2B,306.67,1533,61,3,0.0,0.0
2025-05-13,Pune,D2C,4113.62,37318,1767,200,55.19,23496.12
2025-05-13,Pune,B2B,585.15,2925,117,5,0.0,0.0
2025-05-13,Bengaluru,D2C,6449.85,72831,1970,226,56.43,25933.81
2025-05-13,Bengaluru,B2B,357.39,1786,71,3,0.0,0.0
2025-05-13,Chennai,D2C,4755.72,57056,1503,115,57.34,28470.31
2025-05-13,Chennai,B2B,543.43,2717,108,5,0.0,0.0
2025-05-13,Panaji,D2C,5005.94,42765,2109,308,41.17,17700.06
2025-05-13,Panaji,B2B,585.87,2929,117,5,0.0,0.0
2025-05-14,Mumbai,D2C,4715.24,44857,1016,85,68.03,31495.01
2025-05-14,Mumbai,B2B,450.12,2250,90,4,0.0,0.0
2025-05-14,Pune,D2C,3813.12,43024,1223,69,32.62,13442.14
2025-05-14,Pune,B2B,470.16,2350,94,4,0.0,0.0
2025-05-14,Bengaluru,D2C,5725.53,65109,2173,262,65.52,27349.06
2025-05-14,Bengaluru,B2B,513.67,2568,102,5,0.0,0.0
2025-05-14,Chennai,D2C,6364.08,60116,2166,324,58.82,28325.93
2025-05-14,Chennai,B2B,362.12,1810,72,3,0.0,0.0
2025-05-14,Panaji,D2C,6374.78,73605,2379,262,65.07,28744.87
2025-05-14,Panaji,B2B,468.49,2342,93,4,0.0,0.0
2025-05-15,Mumbai,D2C,4266.73,39595,1393,92,64.01,31052.81
2025-05-15,Mumbai,B2B,433.02,2165,86,4,0.0,0.0
2025-05-15,Pune,D2C,4734.38,40599,822,42,54.58,24319.55
2025-05-15,Pune,B2B,603.65,3018,120,6,0.0,0.0
2025-05-15,Bengaluru,D2C,4760.41,51756,1722,212,42.54,20473.43
2025-05-15,Bengaluru,B2B,500.88,2504,100,5,0.0,0.0
2025-05-15,Chennai,D2C,3643.96,38305,1719,157,37.98,18484.33
2025-05-15,Chennai,B2B,541.46,2707,108,5,0.0,0.0
2025-05-15,Panaji,D2C,4402.47,38816,1506,129,66.21,29661.8
2025-05-15,Panaji,B2B,694.82,3474,138,6,0.0,0.0
2025-05-16,Mumbai,D2C,7768.89,87037,2918,355,69.91,31404.54
2025-05-16,Mumbai,B2B,440.65,2203,88,4,0.0,0.0
2025-05-16,Pune,D2C,4838.91,56418,1696,246,53.32,24696.04
2025-05-16,Pune,B2B,362.56,1812,72,3,0.0,0.0
2025-05-16,Bengaluru,D2C,3925.04,32956,1275,120,55.7,23506.11
2025-05-16,Bengaluru,B2B,512.45,2562,102,5,0.0,0.0
2025-05-16,Chennai,D2C,4676.52,50701,1651,167,37.07,18478.82
2025-05-16,Chennai,B2B,384.16,1920,76,3,0.0,0.0
2025-05-16,Panaji,D2C,3765.15,31770,1555,104,50.56,21465.98
2025-05-16,Panaji,B2B,595.76,2978,119,5,0.0,0.0
2025-05-17,Mumbai,D2C,5931.27,62029,2901,167,51.25,21772.48
2025-05-17,Mumbai,B2B,573.19,2865,114,5,0.0,0.0
2025-05-17,Pune,D2C,5897.54,52818,1502,136,47.4,19051.25
2025-05-17,Pune,B2B,613.02,3065,122,6,0.0,0.0
2025-05-17,Bengaluru,D2C,11185.77,119922,5368,347,61.32,29375.08
2025-05-17,Bengaluru,B2B,375.27,1876,75,3,0.0,0.0
2025-05-17,Chennai,D2C,4516.01,41708,1295,164,60.85,26775.55
2025-05-17,Chennai,B2B,512.37,2561,102,5,0.0,0.0
2025-05-17,Panaji,D2C,4876.95,48454,2273,319,37.97,18743.84
2025-05-17,Panaji,B2B,558.82,2794,111,5,0.0,0.0
2025-05-18,Mumbai,D2C,5490.08,61601,2803,221,72.33,29291.19
2025-05-18,Mumbai,B2B,554.77,2773,110,5,0.0,0.0
2025-05-18,Pune,D2C,5126.41,54240,1112,162,37.4,15493.28
2025-05-18,Pune,B2B,382.24,1911,76,3,0.0,0.0
2025-05-18,Bengaluru,D2C,5037.63,53720,2400,123,54.72,24404.17
2025-05-18,Bengaluru,B2B,472.65,2363,94,4,0.0,0.0
2025-05-18,Chennai,D2C,4210.12,42155,1810,178,37.29,17332.91
2025-05-18,Chennai,B2B,499.81,2499,99,4,0.0,0.0
2025-05-18,Panaji,D2C,5134.71,44306,2165,220,38.44,17785.67
2025-05-18,Panaji,B2B,488.15,2440,97,4,0.0,0.0
2025-05-19,Mumbai,D2C,5768.33,68734,2409,230,66.59,27517.23
2025-05-19,Mumbai,B2B,437.56,2187,87,4,0.0,0.0
2025-05-19,Pune,D2C,6998.87,67692,3086,418,45.98,18809.42
2025-05-19,Pune,B2B,702.77,3513,140,7,0.0,0.0
2025-05-19,Bengaluru,D2C,5584.68,60761,1399,157,50.67,24265.41
2025-05-19,Bengaluru,B2B,462.98,2314,92,4,0.0,0.0
2025-05-19,Chennai,D2C,5661.1,61449,2839,177,70.22,32256.82
2025-05-19,Chennai,B2B,373.52,1867,74,3,0.0,0.0
2025-05-19,Panaji,D2C,4800.02,51846,2217,134,52.17,25119.97
2025-05-19,Panaji,B2B,397.08,1985,79,3,0.0,0.0
2025-05-20,Mumbai,D2C,5022.86,50945,1621,218,52.91,23658.79
2025-05-20,Mumbai,B2B,573.75,2868,114,5,0.0,0.0
2025-05-20,Pune,D2C,6208.68,59690,1790,177,61.96,26262.2
2025-05-20,Pune,B2B,496.62,2483,99,4,0.0,0.0
2025-05-20,Bengaluru,D2C,4933.11,41572,1129,163,45.83,19106.95
2025-05-20,Bengaluru,B2B,645.47,3227,129,6,0.0,0.0
2025-05-20,Chennai,D2C,9324.29,86646,3147,330,65.5,29128.17
2025-05-20,Chennai,B2B,461.43,2307,92,4,0.0,0.0
2025-05-20,Panaji,D2C,4900.8,43979,1483,186,42.21,19879.37
2025-05-20,Panaji,B2B,537.65,2688,107,5,0.0,0.0
2025-05-21,Mumbai,D2C,4943.06,46241,1706,120,61.24,24815.0
2025-05-21,Mumbai,B2B,466.37,2331,93,4,0.0,0.0
2025-05-21,Pune,D2C,4644.88,43708,1821,149,64.95,26801.32
2025-05-21,Pune,B2B,541.48,2707,108,5,0.0,0.0
2025-05-21,Bengaluru,D2C,4971.2,43666,2109,311,48.52,23886.68
2025-05-21,Bengaluru,B2B,367.15,1835,73,3,0.0,0.0
2025-05-21,Chennai,D2C,3292.16,35014,1739,133,47.97,19437.23
2025-05-21,Chennai,B2B,533.25,2666,106,5,0.0,0.0
2025-05-21,Panaji,D2C,5050.54,43460,1240,108,62.41,28331.1
2025-05-21,Panaji,B2B,648.98,3244,129,6,0.0,0.0
2025-05-22,Mumbai,D2C,4801.52,50654,2231,215,47.18,19382.18
2025-05-22,Mumbai,B2B,411.81,2059,82,4,0.0,0.0
2025-05-22,Pune,D2C,5295.99,53219,1842,207,70.82,32431.86
2025-05-22,Pune,B2B,539.3,2696,107,5,0.0,0.0
2025-05-22,Bengaluru,D2C,4363.49,38177,800,99,56.92,23541.94
2025-05-22,Bengaluru,B2B,505.69,2528,101,5,0.0,0.0
2025-05-22,Chennai,D2C,4723.98,42496,1324,99,51.17,22552.13
2025-05-22,Chennai,B2B,526.87,2634,105,5,0.0,0.0
2025-05-22,Panaji,D2C,4465.76,44870,1606,170,39.12,16421.62
2025-05-22,Panaji,B2B,515.09,2575,103,5,0.0,0.0
2025-05-23,Mumbai,D2C,5868.66,49680,2439,127,69.05,33061.29
2025-05-23,Mumbai,B2B,331.67,1658,66,3,0.0,0.0
2025-05-23,Pune,D2C,4255.44,45915,1803,231,63.19,29650.43
2025-05-23,Pune,B2B,458.56,2292,91,4,0.0,0.0
2025-05-23,Bengaluru,D2C,4533.11,40060,888,106,47.21,23229.92
2025-05-23,Bengaluru,B2B,437.37,2186,87,4,0.0,0.0
2025-05-23,Chennai,D2C,4306.69,38907,1171,105,34.49,15510.05
2025-05-23,Chennai,B2B,525.43,2627,105,5,0.0,0.0
2025-05-23,Panaji,D2C,4745.85,52637,2321,151,47.07,20585.78
2025-05-23,Panaji,B2B,403.33,2016,80,4,0.0,0.0
2025-05-24,Mumbai,D2C,5380.95,47145,1461,88,59.72,24612.23
2025-05-24,Mumbai,B2B,455.51,2277,91,4,0.0,0.0
2025-05-24,Pune,D2C,6332.08,64691,1632,143,73.33,34057.65
2025-05-24,Pune,B2B,313.9,1569,62,3,0.0,0.0
2025-05-24,Bengaluru,D2C,5890.52,68796,1571,164,66.79,31772.38
2025-05-24,Bengaluru,B2B,536.59,2682,107,5,0.0,0.0
2025-05-24,Chennai,D2C,3861.94,42019,948,91,36.48,15822.31
2025-05-24,Chennai,B2B,536.45,2682,107,5,0.0,0.0
2025-05-24,Panaji,D2C,4948.94,51856,2069,276,42.75,17616.34
2025-05-24,Panaji,B2B,475.31,2376,95,4,0.0,0.0
2025-05-25,Mumbai,D2C,4816.13,54760,1918,284,38.08,16385.24
2025-05-25,Mumbai,B2B,518.82,2594,103,5,0.0,0.0
2025-05-25,Pune,D2C,3607.35,29805,1087,118,49.63,21121.91
2025-05-25,Pune,B2B,628.34,3141,125,6,0.0,0.0
2025-05-25,Bengaluru,D2C,6023.78,68113,2511,316,66.5,27979.57
2025-05-25,Bengaluru,B2B,459.66,2298,91,4,0.0,0.0
2025-05-25,Chennai,D2C,6058.78,71895,2413,155,54.08,26776.59
2025-05-25,Chennai,B2B,519.81,2599,103,5,0.0,0.0
2025-05-25,Panaji,D2C,5800.77,54531,1226,150,49.94,23887.93
2025-05-25,Panaji,B2B,460.78,2303,92,4,0.0,0.0
2025-05-26,Mumbai,D2C,4273.05,40719,1355,118,44.69,20226.71
2025-05-26,Mumbai,B2B,217.06,1085,43,2,0.0,0.0
2025-05-26,Pune,D2C,4489.3,47958,1346,104,64.77,30595.05
2025-05-26,Pune,B2B,614.09,3070,122,6,0.0,0.0
2025-05-26,Bengaluru,D2C,20573.79,215457,7602,794,97.49,39792.3
2025-05-26,Bengaluru,B2B,597.08,2985,119,5,0.0,0.0
2025-05-26,Chennai,D2C,4122.55,33599,1394,144,48.43,20551.48
2025-05-26,Chennai,B2B,259.55,1297,51,2,0.0,0.0
2025-05-26,Panaji,D2C,4293.1,42256,1208,90,53.9,25068.46
2025-05-26,Panaji,B2B,552.15,2760,110,5,0.0,0.0
2025-05-27,Mumbai,D2C,4688.65,42641,2106,230,58.54,23457.49
2025-05-27,Mumbai,B2B,622.78,3113,124,6,0.0,0.0
2025-05-27,Pune,D2C,4444.56,51926,2547,265,48.61,24036.46
2025-05-27,Pune,B2B,502.19,2510,100,5,0.0,0.0
2025-05-27,Bengaluru,D2C,4525.82,40555,1382,132,53.22,23186.2
2025-05-27,Bengaluru,B2B,518.92,2594,103,5,0.0,0.0
2025-05-27,Chennai,D2C,5013.98,53429,1610,231,67.7,28497.8
2025-05-27,Chennai,B2B,373.8,1868,74,3,0.0,0.0
2025-05-27,Panaji,D2C,5232.49,42442,1162,111,58.9,26842.06
2025-05-27,Panaji,B2B,590.15,2950,118,5,0.0,0.0
2025-05-28,Mumbai,D2C,4126.21,34464,1116,139,54.39,27143.24
2025-05-28,Mumbai,B2B,596.27,2981,119,5,0.0,0.0
2025-05-28,Pune,D2C,4985.31,48668,2224,263,66.46,27935.08
2025-05-28,Pune,B2B,319.85,1599,63,3,0.0,0.0
2025-05-28,Bengaluru,D2C,4674.27,46968,2264,124,46.23,22449.55
2025-05-28,Bengaluru,B2B,574.05,2870,114,5,0.0,0.0
2025-05-28,Chennai,D2C,3729.62,35588,1689,213,45.96,22926.14
2025-05-28,Chennai,B2B,456.11,2280,91,4,0.0,0.0
2025-05-28,Panaji,D2C,4307.13,41969,1036,149,57.98,24746.7
2025-05-28,Panaji,B2B,494.55,2472,98,4,0.0,0.0
2025-05-29,Mumbai,D2C,6588.29,75940,2692,343,63.4,28863.38
2025-05-29,Mumbai,B2B,565.13,2825,113,5,0.0,0.0
2025-05-29,Pune,D2C,9799.59,106730,2238,245,76.18,37854.72
2025-05-29,Pune,B2B,522.15,2610,104,5,0.0,0.0
2025-05-29,Bengaluru,D2C,4264.55,48463,2418,224,43.11,21152.62
2025-05-29,Bengaluru,B2B,497.34,2486,99,4,0.0,0.0
2025-05-29,Chennai,D2C,5452.06,44512,1353,103,62.25,30805.67
2025-05-29,Chennai,B2B,379.08,1895,75,3,0.0,0.0
2025-05-29,Panaji,D2C,5806.37,58949,1303,186,67.3,31346.86
2025-05-29,Panaji,B2B,439.95,2199,87,4,0.0,0.0
2025-05-30,Mumbai,D2C,5483.32,59526,2841,288,41.36,18728.1
2025-05-30,Mumbai,B2B,606.12,3030,121,6,0.0,0.0
2025-05-30,Pune,D2C,5246.72,55039,1117,77,54.01,26738.51
2025-05-30,Pune,B2B,400.47,2002,80,4,0.0,0.0
2025-05-30,Bengaluru,D2C,3766.39,39227,1136,103,37.37,18555.87
2025-05-30,Bengaluru,B2B,310.15,1550,62,3,0.0,0.0
2025-05-30,Chennai,D2C,14024.51,124637,5411,379,63.95,28615.62
2025-05-30,Chennai,B2B,406.29,2031,81,4,0.0,0.0
2025-05-30,Panaji,D2C,5588.5,63809,2583,142,66.64,32290.27
2025-05-30,Panaji,B2B,566.69,2833,113,5,0.0,0.0
2025-05-31,Mumbai,D2C,5040.61,57368,2398,355,41.03,17336.01
2025-05-31,Mumbai,B2B,643.26,3216,128,6,0.0,0.0
2025-05-31,Pune,D2C,5632.12,46558,2325,122,68.87,30062.19
2025-05-31,Pune,B2B,437.73,2188,87,4,0.0,0.0
2025-05-31,Bengaluru,D2C,5191.63,60766,1231,70,45.05,21033.42
2025-05-31,Bengaluru,B2B,619.85,3099,123,6,0.0,0.0
2025-05-31,Chennai,D2C,4897.87,42875,1892,277,44.39,19953.12
2025-05-31,Chennai,B2B,598.99,2994,119,5,0.0,0.0
2025-05-31,Panaji,D2C,5119.66,43915,1460,121,54.44,24966.53
2025-05-31,Panaji,B2B,416.25,2081,83,4,0.0,0.0
2025-06-01,Mumbai,D2C,4118.58,45385,2208,163,42.47,17768.38
2025-06-01,Mumbai,B2B,640.42,3202,128,6,0.0,0.0
2025-06-01,Pune,D2C,3851.15,41546,1529,135,44.07,20104.61
2025-06-01,Pune,B2B,525.61,2628,105,5,0.0,0.0
2025-06-01,Bengaluru,D2C,5460.05,51772,1919,265,71.75,34004.38
2025-06-01,Bengaluru,B2B,522.65,2613,104,5,0.0,0.0
2025-06-01,Chennai,D2C,5254.43,51928,1115,77,64.89,28903.9
2025-06-01,Chennai,B2B,437.82,2189,87,4,0.0,0.0
2025-06-01,Panaji,D2C,4109.75,45190,1272,78,40.13,19747.54
2025-06-01,Panaji,B2B,347.76,1738,69,3,0.0,0.0
2025-06-02,Mumbai,D2C,6000.13,56785,2510,256,43.25,17859.0
2025-06-02,Mumbai,B2B,743.72,3718,148,7,0.0,0.0
2025-06-02,Pune,D2C,5724.35,65705,2820,210,39.2,16081.08
2025-06-02,Pune,B2B,506.12,2530,101,5,0.0,0.0
2025-06-02,Bengaluru,D2C,4155.67,41584,1736,106,45.33,20330.99
2025-06-02,Bengaluru,B2B,564.24,2821,112,5,0.0,0.0
2025-06-02,Chennai,D2C,6320.75,70990,2895,305,67.56,29807.11
2025-06-02,Chennai,B2B,516.94,2584,103,5,0.0,0.0
2025-06-02,Panaji,D2C,5398.56,56995,1717,241,58.32,23824.41
2025-06-02,Panaji,B2B,413.06,2065,82,4,0.0,0.0
2025-06-03,Mumbai,D2C,6581.46,65672,3076,236,57.22,28028.92
2025-06-03,Mumbai,B2B,469.03,2345,93,4,0.0,0.0
2025-06-03,Pune,D2C,5309.84,44364,2038,167,42.93,18200.34
2025-06-03,Pune,B2B,566.11,2830,113,5,0.0,0.0
2025-06-03,Bengaluru,D2C,3472.96,29658,856,91,42.49,18467.26
2025-06-03,Bengaluru,B2B,449.65,2248,89,4,0.0,0.0
2025-06-03,Chennai,D2C,5461.23,50942,2156,140,41.77,18149.65
2025-06-03,Chennai,B2B,528.89,2644,105,5,0.0,0.0
2025-06-03,Panaji,D2C,4394.93,37474,1714,194,41.54,18922.72
2025-06-03,Panaji,B2B,573.4,2867,114,5,0.0,0.0
2025-06-04,Mumbai,D2C,7114.41,81514,2386,284,42.85,18738.38
2025-06-04,Mumbai,B2B,537.52,2687,107,5,0.0,0.0
2025-06-04,Pune,D2C,5609.83,62608,1661,195,67.53,30805.99
2025-06-04,Pune,B2B,292.04,1460,58,2,0.0,0.0
2025-06-04,Bengaluru,D2C,5822.72,65420,1886,202,66.59,29160.69
2025-06-04,Bengaluru,B2B,622.44,3112,124,6,0.0,0.0
2025-06-04,Chennai,D2C,4614.96,54085,1966,228,64.65,26496.3
2025-06-04,Chennai,B2B,313.2,1565,62,3,0.0,0.0
2025-06-04,Panaji,D2C,5764.48,65877,2137,125,54.58,23091.85
2025-06-04,Panaji,B2B,401.95,2009,80,4,0.0,0.0
2025-06-05,Mumbai,D2C,5973.85,67566,2218,243,42.11,18264.61
2025-06-05,Mumbai,B2B,425.32,2126,85,4,0.0,0.0
2025-06-05,Pune,D2C,4819.82,56554,1715,113,54.26,26825.55
2025-06-05,Pune,B2B,637.15,3185,127,6,0.0,0.0
2025-06-05,Bengaluru,D2C,5175.17,51277,2555,301,38.63,19289.19
2025-06-05,Bengaluru,B2B,403.47,2017,80,4,0.0,0.0
2025-06-05,Chennai,D2C,3390.48,31250,706,35,42.2,20413.03
2025-06-05,Chennai,B2B,430.27,2151,86,4,0.0,0.0
2025-06-05,Panaji,D2C,3994.48,34577,987,127,60.22,29961.83
2025-06-05,Panaji,B2B,402.38,2011,80,4,0.0,0.0
2025-06-06,Mumbai,D2C,5435.08,45933,2117,240,42.93,19018.91
2025-06-06,Mumbai,B2B,469.45,2347,93,4,0.0,0.0
2025-06-06,Pune,D2C,5999.71,71739,1552,132,57.39,25844.56
2025-06-06,Pune,B2B,410.18,2050,82,4,0.0,0.0
2025-06-06,Bengaluru,D2C,6136.47,72133,3184,430,60.73,29308.33
2025-06-06,Bengaluru,B2B,408.75,2043,81,4,0.0,0.0
2025-06-06,Chennai,D2C,4170.89,41164,1175,171,42.39,17372.98
2025-06-06,Chennai,B2B,339.52,1697,67,3,0.0,0.0
2025-06-06,Panaji,D2C,4310.08,38263,1298,121,59.08,27998.92
2025-06-06,Panaji,B2B,504.18,2520,100,5,0.0,0.0
2025-06-07,Mumbai,D2C,3161.22,35076,756,38,50.48,22599.3
2025-06-07,Mumbai,B2B,418.53,2092,83,4,0.0,0.0
2025-06-07,Pune,D2C,4638.42,53054,2190,215,51.77,25757.61
2025-06-07,Pune,B2B,449.53,2247,89,4,0.0,0.0
2025-06-07,Bengaluru,D2C,4475.64,47908,1540,220,36.43,16434.36
2025-06-07,Bengaluru,B2B,553.88,2769,110,5,0.0,0.0
2025-06-07,Chennai,D2C,4600.02,39733,1948,275,39.57,16308.77
2025-06-07,Chennai,B2B,396.99,1984,79,3,0.0,0.0
2025-06-07,Panaji,D2C,4644.88,48288,1069,77,65.82,32306.57
2025-06-07,Panaji,B2B,370.04,1850,74,3,0.0,0.0
2025-06-08,Mumbai,D2C,6092.1,70902,2766,158,74.5,36935.75
2025-06-08,Mumbai,B2B,352.35,1761,70,3,0.0,0.0
2025-06-08,Pune,D2C,5062.26,48452,1230,132,69.65,31366.01
2025-06-08,Pune,B2B,418.75,2093,83,4,0.0,0.0
2025-06-08,Bengaluru,D2C,5208.06,59495,1965,136,42.98,20495.75
2025-06-08,Bengaluru,B2B,427.69,2138,85,4,0.0,0.0
2025-06-08,Chennai,D2C,5878.18,54589,1854,267,74.05,31152.83
2025-06-08,Chennai,B2B,422.97,2114,84,4,0.0,0.0
2025-06-08,Panaji,D2C,4020.24,39568,1860,265,43.86,19702.01
2025-06-08,Panaji,B2B,460.38,2301,92,4,0.0,0.0
2025-06-09,Mumbai,D2C,3543.32,28882,1135,86,31.32,13251.81
2025-06-09,Mumbai,B2B,457.84,2289,91,4,0.0,0.0
2025-06-09,Pune,D2C,5418.57,52366,2583,180,44.73,19198.33
2025-06-09,Pune,B2B,535.95,2679,107,5,0.0,0.0
2025-06-09,Bengaluru,D2C,4584.82,47963,1552,222,35.5,14944.99
2025-06-09,Bengaluru,B2B,387.38,1936,77,3,0.0,0.0
2025-06-09,Chennai,D2C,20997.72,201833,7967,954,118.69,51279.93
2025-06-09,Chennai,B2B,614.0,3069,122,6,0.0,0.0
2025-06-09,Panaji,D2C,4845.63,57132,1957,159,61.48,27651.9
2025-06-09,Panaji,B2B,413.91,2069,82,4,0.0,0.0
2025-06-10,Mumbai,D2C,5957.23,63694,1363,145,68.05,28148.2
2025-06-10,Mumbai,B2B,441.71,2208,88,4,0.0,0.0
2025-06-10,Pune,D2C,16238.94,178805,6117,579,64.17,30925.22
2025-06-10,Pune,B2B,470.7,2353,94,4,0.0,0.0
2025-06-10,Bengaluru,D2C,5619.69,60751,2957,304,52.46,25989.46
2025-06-10,Bengaluru,B2B,286.92,1434,57,2,0.0,0.0
2025-06-10,Chennai,D2C,3626.11,41229,1272,147,44.28,18594.63
2025-06-10,Chennai,B2B,596.73,2983,119,5,0.0,0.0
2025-06-10,Panaji,D2C,4373.78,44553,1473,183,60.44,28839.53
2025-06-10,Panaji,B2B,514.49,2572,102,5,0.0,0.0
2025-06-11,Mumbai,D2C,5735.34,65211,1897,176,55.69,23152.31
2025-06-11,Mumbai,B2B,506.19,2530,101,5,0.0,0.0
2025-06-11,Pune,D2C,4213.19,49353,1845,215,62.04,26959.96
2025-06-11,Pune,B2B,421.55,2107,84,4,0.0,0.0
2025-06-11,Bengaluru,D2C,4579.73,51865,2230,189,46.59,21120.44
2025-06-11,Bengaluru,B2B,511.07,2555,102,5,0.0,0.0
2025-06-11,Chennai,D2C,4331.86,39500,1016,102,61.4,26039.97
2025-06-11,Chennai,B2B,421.87,2109,84,4,0.0,0.0
2025-06-11,Panaji,D2C,4780.35,48772,2170,316,61.97,28530.89
2025-06-11,Panaji,B2B,435.53,2177,87,4,0.0,0.0
2025-06-12,Mumbai,D2C,4422.39,42162,1035,120,42.7,19582.76
2025-06-12,Mumbai,B2B,499.16,2495,99,4,0.0,0.0
2025-06-12,Pune,D2C,3664.24,33197,1110,115,50.35,24088.3
2025-06-12,Pune,B2B,713.56,3567,142,7,0.0,0.0
2025-06-12,Bengaluru,D2C,6640.4,77895,2453,301,41.57,17482.27
2025-06-12,Bengaluru,B2B,381.85,1909,76,3,0.0,0.0
2025-06-12,Chennai,D2C,6054.78,70958,2449,242,43.57,20922.83
2025-06-12,Chennai,B2B,496.4,2481,99,4,0.0,0.0
2025-06-12,Panaji,D2C,5398.22,63554,2262,266,65.34,26990.43
2025-06-12,Panaji,B2B,474.78,2373,94,4,0.0,0.0
2025-06-13,Mumbai,D2C,4571.33,39401,1004,86,48.42,22387.56
2025-06-13,Mumbai,B2B,509.29,2546,101,5,0.0,0.0
2025-06-13,Pune,D2C,5006.96,51551,2016,213,61.5,26664.35
2025-06-13,Pune,B2B,419.72,2098,83,4,0.0,0.0
2025-06-13,Bengaluru,D2C,4618.12,48917,1005,115,55.0,23702.82
2025-06-13,Bengaluru,B2B,650.58,3252,130,6,0.0,0.0
2025-06-13,Chennai,D2C,5224.42,49250,1860,248,37.72,15979.72
2025-06-13,Chennai,B2B,550.18,2750,110,5,0.0,0.0
2025-06-13,Panaji,D2C,3556.44,28852,788,108,42.22,19929.09
2025-06-13,Panaji,B2B,568.69,2843,113,5,0.0,0.0
2025-06-14,Mumbai,D2C,4831.01,48640,2297,299,37.04,17381.53
2025-06-14,Mumbai,B2B,576.86,2884,115,5,0.0,0.0
2025-06-14,Pune,D2C,5857.0,59367,2753,250,56.71,23083.29
2025-06-14,Pune,B2B,515.12,2575,103,5,0.0,0.0
2025-06-14,Bengaluru,D2C,4063.55,37102,1255,146,37.04,16618.8
2025-06-14,Bengaluru,B2B,381.62,1908,76,3,0.0,0.0
2025-06-14,Chennai,D2C,5612.24,59917,1425,206,42.42,20255.75
2025-06-14,Chennai,B2B,539.81,2699,107,5,0.0,0.0
2025-06-14,Panaji,D2C,5204.67,57330,1523,143,58.36,27836.26
2025-06-14,Panaji,B2B,488.9,2444,97,4,0.0,0.0
2025-06-15,Mumbai,D2C,4680.51,47148,1596,129,54.08,25579.43
2025-06-15,Mumbai,B2B,554.29,2771,110,5,0.0,0.0
2025-06-15,Pune,D2C,6772.61,73445,1583,215,60.0,25576.24
2025-06-15,Pune,B2B,377.82,1889,75,3,0.0,0.0
2025-06-15,Bengaluru,D2C,4893.47,46553,1978,118,51.63,25770.85
2025-06-15,Bengaluru,B2B,338.04,1690,67,3,0.0,0.0
2025-06-15,Chennai,D2C,4294.82,38372,1238,158,58.04,24539.25
2025-06-15,Chennai,B2B,565.88,2829,113,5,0.0,0.0
2025-06-15,Panaji,D2C,5163.43,51674,1971,208,53.4,24058.29
2025-06-15,Panaji,B2B,574.54,2872,114,5,0.0,0.0
2025-06-16,Mumbai,D2C,5451.09,46466,1997,286,71.89,31407.24
2025-06-16,Mumbai,B2B,453.33,2266,90,4,0.0,0.0
2025-06-16,Pune,D2C,5056.58,59343,1513,113,50.01,21921.39
2025-06-16,Pune,B2B,387.92,1939,77,3,0.0,0.0
2025-06-16,Bengaluru,D2C,4788.93,43430,1531,99,55.76,25460.88
2025-06-16,Bengaluru,B2B,642.38,3211,128,6,0.0,0.0
2025-06-16,Chennai,D2C,5285.4,62284,1702,107,47.34,23172.48
2025-06-16,Chennai,B2B,514.0,2569,102,5,0.0,0.0
2025-06-16,Panaji,D2C,4837.72,39593,1437,120,51.24,23638.54
2025-06-16,Panaji,B2B,497.47,2487,99,4,0.0,0.0
2025-06-17,Mumbai,D2C,5373.84,60604,2858,177,56.15,24057.66
2025-06-17,Mumbai,B2B,585.16,2925,117,5,0.0,0.0
2025-06-17,Pune,D2C,5128.63,44370,1968,266,68.55,29237.34
2025-06-17,Pune,B2B,465.43,2327,93,4,0.0,0.0
2025-06-17,Bengaluru,D2C,4714.97,38672,824,100,49.59,21108.26
2025-06-17,Bengaluru,B2B,564.2,2821,112,5,0.0,0.0
2025-06-17,Chennai,D2C,16702.47,187461,4194,290,89.58,40174.12
2025-06-17,Chennai,B2B,396.63,1983,79,3,0.0,0.0
2025-06-17,Panaji,D2C,3631.93,38376,794,73,56.5,24302.85
2025-06-17,Panaji,B2B,389.35,1946,77,3,0.0,0.0
2025-06-18,Mumbai,D2C,5212.82,53594,1158,74,58.57,24646.87
2025-06-18,Mumbai,B2B,466.61,2333,93,4,0.0,0.0
2025-06-18,Pune,D2C,8089.89,95409,4319,527,48.48,19906.29
2025-06-18,Pune,B2B,528.02,2640,105,5,0.0,0.0
2025-06-18,Bengaluru,D2C,3755.23,32422,1122,96,50.23,20740.47
2025-06-18,Bengaluru,B2B,497.35,2486,99,4,0.0,0.0
2025-06-18,Chennai,D2C,3343.62,27291,1293,172,37.52,17967.21
2025-06-18,Chennai,B2B,448.77,2243,89,4,0.0,0.0
2025-06-18,Panaji,D2C,3095.06,25582,1270,68,46.03,20451.68
2025-06-18,Panaji,B2B,525.75,2628,105,5,0.0,0.0
2025-06-19,Mumbai,D2C,3441.93,28471,734,52,50.99,21359.1
2025-06-19,Mumbai,B2B,783.35,3916,156,7,0.0,0.0
2025-06-19,Pune,D2C,3589.2,42240,1501,127,36.97,14970.49
2025-06-19,Pune,B2B,536.41,2682,107,5,0.0,0.0
2025-06-19,Bengaluru,D2C,5849.14,68880,2196,262,56.95,25699.78
2025-06-19,Bengaluru,B2B,372.55,1862,74,3,0.0,0.0
2025-06-19,Chennai,D2C,4670.5,50565,2438,202,35.61,16012.44
2025-06-19,Chennai,B2B,330.14,1650,66,3,0.0,0.0
2025-06-19,Panaji,D2C,3743.35,44694,2161,150,57.37,26989.74
2025-06-19,Panaji,B2B,516.85,2584,103,5,0.0,0.0
2025-06-20,Mumbai,D2C,6912.73,68577,2139,212,65.65,27499.89
2025-06-20,Mumbai,B2B,282.62,1413,56,2,0.0,0.0
2025-06-20,Pune,D2C,5292.2,44443,1694,105,39.24,17763.48
2025-06-20,Pune,B2B,567.25,2836,113,5,0.0,0.0
2025-06-20,Bengaluru,D2C,6558.18,63771,1609,239,63.21,29630.7
2025-06-20,Bengaluru,B2B,329.44,1647,65,3,0.0,0.0
2025-06-20,Chennai,D2C,4350.69,39787,1301,149,33.79,16255.98
2025-06-20,Chennai,B2B,472.03,2360,94,4,0.0,0.0
2025-06-20,Panaji,D2C,3235.55,27987,1311,155,35.55,14452.56
2025-06-20,Panaji,B2B,529.1,2645,105,5,0.0,0.0
2025-06-21,Mumbai,D2C,5672.63,53631,1421,166,74.21,30988.92
2025-06-21,Mumbai,B2B,677.07,3385,135,6,0.0,0.0
2025-06-21,Pune,D2C,3543.41,31949,1429,140,45.94,19774.7
2025-06-21,Pune,B2B,686.58,3432,137,6,0.0,0.0
2025-06-21,Bengaluru,D2C,4109.62,39294,1276,123,43.84,17976.87
2025-06-21,Bengaluru,B2B,562.76,2813,112,5,0.0,0.0
2025-06-21,Chennai,D2C,6082.35,55622,1880,130,47.2,18988.03
2025-06-21,Chennai,B2B,374.16,1870,74,3,0.0,0.0
2025-06-21,Panaji,D2C,4841.35,44145,1051,119,37.4,15463.62
2025-06-21,Panaji,B2B,521.76,2608,104,5,0.0,0.0
2025-06-22,Mumbai,D2C,3640.03,37236,1030,118,33.67,15275.86
2025-06-22,Mumbai,B2B,622.78,3113,124,6,0.0,0.0
2025-06-22,Pune,D2C,3348.39,38457,1921,212,40.64,17172.02
2025-06-22,Pune,B2B,455.28,2276,91,4,0.0,0.0
2025-06-22,Bengaluru,D2C,4857.13,56611,1757,153,48.21,23318.04
2025-06-22,Bengaluru,B2B,331.09,1655,66,3,0.0,0.0
2025-06-22,Chennai,D2C,6190.35,69775,1475,202,59.51,26174.28
2025-06-22,Chennai,B2B,657.22,3286,131,6,0.0,0.0
2025-06-22,Panaji,D2C,21274.73,244365,8162,688,83.01,36852.65
2025-06-22,Panaji,B2B,496.46,2482,99,4,0.0,0.0
2025-06-23,Mumbai,D2C,2436.05,23589,1152,126,44.61,18329.88
2025-06-23,Mumbai,B2B,490.21,2451,98,4,0.0,0.0
2025-06-23,Pune,D2C,3347.7,38312,856,49,53.53,22550.99
2025-06-23,Pune,B2B,395.98,1979,79,3,0.0,0.0
2025-06-23,Bengaluru,D2C,5505.86,46801,1118,118,72.21,31881.63
2025-06-23,Bengaluru,B2B,699.09,3495,139,6,0.0,0.0
2025-06-23,Chennai,D2C,5995.66,68037,3392,177,43.09,19859.99
2025-06-23,Chennai,B2B,338.5,1692,67,3,0.0,0.0
2025-06-23,Panaji,D2C,4433.37,49422,1072,93,50.13,22861.51
2025-06-23,Panaji,B2B,584.58,2922,116,5,0.0,0.0
2025-06-24,Mumbai,D2C,4160.52,43026,1567,178,40.62,16591.25
2025-06-24,Mumbai,B2B,632.22,3161,126,6,0.0,0.0
2025-06-24,Pune,D2C,4707.92,53490,2195,282,46.35,20414.75
2025-06-24,Pune,B2B,459.62,2298,91,4,0.0,0.0
2025-06-24,Bengaluru,D2C,3763.34,39001,1937,129,32.1,15344.68
2025-06-24,Bengaluru,B2B,457.33,2286,91,4,0.0,0.0
2025-06-24,Chennai,D2C,5703.07,67197,2168,251,55.31,25612.68
2025-06-24,Chennai,B2B,447.23,2236,89,4,0.0,0.0
2025-06-24,Panaji,D2C,3659.94,37017,1640,202,50.33,20701.68
2025-06-24,Panaji,B2B,478.31,2391,95,4,0.0,0.0
2025-06-25,Mumbai,D2C,5002.5,58426,1265,167,36.7,16026.34
2025-06-25,Mumbai,B2B,680.91,3404,136,6,0.0,0.0
2025-06-25,Pune,D2C,3835.2,30809,772,83,53.09,26100.07
2025-06-25,Pune,B2B,514.0,2570,102,5,0.0,0.0
2025-06-25,Bengaluru,D2C,6013.45,48138,1136,117,64.95,28691.39
2025-06-25,Bengaluru,B2B,621.24,3106,124,6,0.0,0.0
2025-06-25,Chennai,D2C,5165.49,45291,2047,250,68.09,28036.26
2025-06-25,Chennai,B2B,674.62,3373,134,6,0.0,0.0
2025-06-25,Panaji,D2C,5938.72,61293,2888,236,64.36,26952.29
2025-06-25,Panaji,B2B,377.69,1888,75,3,0.0,0.0
2025-06-26,Mumbai,D2C,3501.63,32399,821,115,41.34,17549.55
2025-06-26,Mumbai,B2B,614.33,3071,122,6,0.0,0.0
2025-06-26,Pune,D2C,3092.39,36752,1217,165,43.54,18099.87
2025-06-26,Pune,B2B,445.16,2225,89,4,0.0,0.0
2025-06-26,Bengaluru,D2C,5137.9,59387,1972,276,62.74,28162.95
2025-06-26,Bengaluru,B2B,695.66,3478,139,6,0.0,0.0
2025-06-26,Chennai,D2C,3364.42,35896,765,63,47.08,19096.84
2025-06-26,Chennai,B2B,596.79,2983,119,5,0.0,0.0
2025-06-26,Panaji,D2C,4956.47,48341,1347,89,59.46,26843.51
2025-06-26,Panaji,B2B,458.53,2292,91,4,0.0,0.0
2025-06-27,Mumbai,D2C,4384.04,36338,887,50,60.0,28513.83
2025-06-27,Mumbai,B2B,397.63,1988,79,3,0.0,0.0
2025-06-27,Pune,D2C,5827.71,57740,2267,122,61.89,29570.68
2025-06-27,Pune,B2B,596.92,2984,119,5,0.0,0.0
2025-06-27,Bengaluru,D2C,2759.15,29167,1189,163,35.25,16815.75
2025-06-27,Bengaluru,B2B,500.56,2502,100,5,0.0,0.0
2025-06-27,Chennai,D2C,5995.89,60381,2254,281,76.07,30986.0
2025-06-27,Chennai,B2B,515.96,2579,103,5,0.0,0.0
2025-06-27,Panaji,D2C,7321.0,61310,2638,329,56.12,24165.13
2025-06-27,Panaji,B2B,560.35,2801,112,5,0.0,0.0
2025-06-28,Mumbai,D2C,4658.69,54711,2207,201,57.66,25047.06
2025-06-28,Mumbai,B2B,553.45,2767,110,5,0.0,0.0
2025-06-28,Pune,D2C,5738.82,47039,984,103,66.74,30283.11
2025-06-28,Pune,B2B,628.03,3140,125,6,0.0,0.0
2025-06-28,Bengaluru,D2C,3703.17,30697,1492,107,58.49,25886.92
2025-06-28,Bengaluru,B2B,434.28,2171,86,4,0.0,0.0
2025-06-28,Chennai,D2C,5033.72,40377,1713,240,40.43,16560.99
2025-06-28,Chennai,B2B,530.29,2651,106,5,0.0,0.0
2025-06-28,Panaji,D2C,5703.31,57659,1397,69,68.35,27939.04
2025-06-28,Panaji,B2B,487.77,2438,97,4,0.0,0.0
2025-06-29,Mumbai,D2C,5706.23,60834,1360,150,43.96,20819.95
2025-06-29,Mumbai,B2B,522.8,2613,104,5,0.0,0.0
2025-06-29,Pune,D2C,4655.22,40431,1708,137,56.71,23582.1
2025-06-29,Pune,B2B,312.8,1564,62,3,0.0,0.0
2025-06-29,Bengaluru,D2C,4238.12,38095,1617,123,61.25,29962.75
2025-06-29,Bengaluru,B2B,538.55,2692,107,5,0.0,0.0
2025-06-29,Chennai,D2C,5462.26,52252,2163,250,60.04,25711.72
2025-06-29,Chennai,B2B,376.74,1883,75,3,0.0,0.0
2025-06-29,Panaji,D2C,4176.7,41832,1726,129,42.8,18549.36
2025-06-29,Panaji,B2B,474.71,2373,94,4,0.0,0.0
2025-06-30,Mumbai,D2C,5028.46,49389,1033,142,35.92,17760.12
2025-06-30,Mumbai,B2B,502.17,2510,100,5,0.0,0.0
2025-06-30,Pune,D2C,2860.89,23166,867,90,32.61,14442.18
2025-06-30,Pune,B2B,485.41,2427,97,4,0.0,0.0
2025-06-30,Bengaluru,D2C,18871.64,221693,5528,405,86.78,35041.93
2025-06-30,Bengaluru,B2B,586.52,2932,117,5,0.0,0.0
2025-06-30,Chennai,D2C,4282.61,46585,2126,160,33.4,14107.23
2025-06-30,Chennai,B2B,465.54,2327,93,4,0.0,0.0
2025-06-30,Panaji,D2C,3517.59,31707,1528,214,46.46,20231.98
2025-06-30,Panaji,B2B,462.41,2312,92,4,0.0,0.0
2025-07-01,Mumbai,D2C,3685.36,36140,1651,238,40.55,18493.97
2025-07-01,Mumbai,B2B,322.74,1613,64,3,0.0,0.0
2025-07-01,Pune,D2C,3656.87,31570,1062,117,51.16,22421.71
2025-07-01,Pune,B2B,460.44,2302,92,4,0.0,0.0
2025-07-01,Bengaluru,D2C,5194.91,42956,1457,192,58.18,28115.74
2025-07-01,Bengaluru,B2B,605.3,3026,121,6,0.0,0.0
2025-07-01,Chennai,D2C,11881.11,109459,4481,578,70.62,31747.8
2025-07-01,Chennai,B2B,498.37,2491,99,4,0.0,0.0
2025-07-01,Panaji,D2C,3204.01,27379,709,39,33.91,13594.99
2025-07-01,Panaji,B2B,341.67,1708,68,3,0.0,0.0
2025-07-02,Mumbai,D2C,3524.59,30927,939,80,29.93,14486.17
2025-07-02,Mumbai,B2B,602.25,3011,120,6,0.0,0.0
2025-07-02,Pune,D2C,5088.24,54012,1707,195,37.26,15106.45
2025-07-02,Pune,B2B,597.39,2986,119,5,0.0,0.0
2025-07-02,Bengaluru,D2C,7159.74,60275,2693,191,58.98,25459.48
2025-07-02,Bengaluru,B2B,313.85,1569,62,3,0.0,0.0
2025-07-02,Chennai,D2C,3914.08,43863,1458,144,57.83,27216.0
2025-07-02,Chennai,B2B,468.98,2344,93,4,0.0,0.0
2025-07-02,Panaji,D2C,3299.98,34016,905,69,51.79,20944.99
2025-07-02,Panaji,B2B,493.3,2466,98,4,0.0,0.0
2025-07-03,Mumbai,D2C,4543.5,52352,1695,175,35.36,14154.02
2025-07-03,Mumbai,B2B,628.44,3142,125,6,0.0,0.0
2025-07-03,Pune,D2C,5791.65,48968,1583,181,65.15,27221.28
2025-07-03,Pune,B2B,388.12,1940,77,3,0.0,0.0
2025-07-03,Bengaluru,D2C,5658.95,62758,1573,207,66.55,30589.74
2025-07-03,Bengaluru,B2B,455.37,2276,91,4,0.0,0.0
2025-07-03,Chennai,D2C,3774.51,37892,1423,122,45.32,19775.82
2025-07-03,Chennai,B2B,415.99,2079,83,4,0.0,0.0
2025-07-03,Panaji,D2C,5758.94,54857,1328,149,65.6,32353.35
2025-07-03,Panaji,B2B,526.67,2633,105,5,0.0,0.0
2025-07-04,Mumbai,D2C,5151.03,59623,2140,250,65.73,27278.61
2025-07-04,Mumbai,B2B,435.97,2179,87,4,0.0,0.0
2025-07-04,Pune,D2C,4225.54,43916,919,71,33.57,14838.24
2025-07-04,Pune,B2B,461.37,2306,92,4,0.0,0.0
2025-07-04,Bengaluru,D2C,3960.37,39861,981,139,55.3,26166.34
2025-07-04,Bengaluru,B2B,542.11,2710,108,5,0.0,0.0
2025-07-04,Chennai,D2C,4081.8,43892,1167,109,56.93,27232.7
2025-07-04,Chennai,B2B,564.1,2820,112,5,0.0,0.0
2025-07-04,Panaji,D2C,6430.36,68284,1833,141,52.72,21703.07
2025-07-04,Panaji,B2B,477.12,2385,95,4,0.0,0.0
2025-07-05,Mumbai,D2C,4129.45,48040,1111,135,54.21,22204.33
2025-07-05,Mumbai,B2B,432.02,2160,86,4,0.0,0.0
2025-07-05,Pune,D2C,5126.06,56520,1566,186,37.22,18012.21
2025-07-05,Pune,B2B,577.8,2888,115,5,0.0,0.0
2025-07-05,Bengaluru,D2C,7073.78,75748,3269,318,68.03,30316.42
2025-07-05,Bengaluru,B2B,421.37,2106,84,4,0.0,0.0
2025-07-05,Chennai,D2C,4994.72,55967,1808,131,49.69,23979.68
2025-07-05,Chennai,B2B,597.57,2987,119,5,0.0,0.0
2025-07-05,Panaji,D2C,5138.83,48376,1899,141,39.76,19062.33
2025-07-05,Panaji,B2B,345.26,1726,69,3,0.0,0.0
2025-07-06,Mumbai,D2C,4720.08,44302,2179,322,43.57,17605.35
2025-07-06,Mumbai,B2B,450.9,2254,90,4,0.0,0.0
2025-07-06,Pune,D2C,4567.96,49471,1035,141,38.48,15881.43
2025-07-06,Pune,B2B,680.76,3403,136,6,0.0,0.0
2025-07-06,Bengaluru,D2C,5973.37,55822,1509,147,59.97,27776.07
2025-07-06,Bengaluru,B2B,562.39,2811,112,5,0.0,0.0
2025-07-06,Chennai,D2C,4986.67,48851,1813,169,49.96,23642.63
2025-07-06,Chennai,B2B,465.73,2328,93,4,0.0,0.0
2025-07-06,Panaji,D2C,5908.0,61668,2315,201,57.11,24636.79
2025-07-06,Panaji,B2B,550.64,2753,110,5,0.0,0.0
2025-07-07,Mumbai,D2C,4632.3,49715,1979,287,58.86,23851.07
2025-07-07,Mumbai,B2B,453.98,2269,90,4,0.0,0.0
2025-07-07,Pune,D2C,7098.73,71904,3390,197,50.18,22281.68
2025-07-07,Pune,B2B,361.46,1807,72,3,0.0,0.0
2025-07-07,Bengaluru,D2C,6257.1,59789,1280,166,63.45,26641.75
2025-07-07,Bengaluru,B2B,533.69,2668,106,5,0.0,0.0
2025-07-07,Chennai,D2C,6701.57,67005,1953,287,68.08,30013.05
2025-07-07,Chennai,B2B,496.37,2481,99,4,0.0,0.0
2025-07-07,Panaji,D2C,5972.91,51885,1862,147,62.94,25920.22
2025-07-07,Panaji,B2B,407.58,2037,81,4,0.0,0.0
2025-07-08,Mumbai,D2C,11127.17,94667,4544,621,65.06,31089.94
2025-07-08,Mumbai,B2B,592.3,2961,118,5,0.0,0.0
2025-07-08,Pune,D2C,5359.65,57486,1259,112,71.89,32628.54
2025-07-08,Pune,B2B,508.29,2541,101,5,0.0,0.0
2025-07-08,Bengaluru,D2C,4348.19,46001,1436,208,33.7,14504.6
2025-07-08,Bengaluru,B2B,463.59,2317,92,4,0.0,0.0
2025-07-08,Chennai,D2C,4766.9,48321,2160,130,67.08,32163.32
2025-07-08,Chennai,B2B,554.81,2774,110,5,0.0,0.0
2025-07-08,Panaji,D2C,5572.39,53546,2329,340,42.05,18589.43
2025-07-08,Panaji,B2B,413.94,2069,82,4,0.0,0.0
2025-07-09,Mumbai,D2C,2673.64,21948,890,83,30.89,14876.6
2025-07-09,Mumbai,B2B,464.15,2320,92,4,0.0,0.0
2025-07-09,Pune,D2C,4936.37,52090,1492,109,60.79,24562.11
2025-07-09,Pune,B2B,641.46,3207,128,6,0.0,0.0
2025-07-09,Bengaluru,D2C,4560.3,45970,1422,195,47.1,20418.69
2025-07-09,Bengaluru,B2B,440.46,2202,88,4,0.0,0.0
2025-07-09,Chennai,D2C,4480.23,47979,1376,148,35.67,14951.36
2025-07-09,Chennai,B2B,375.5,1877,75,3,0.0,0.0
2025-07-09,Panaji,D2C,5657.2,60284,1667,104,39.81,17139.24
2025-07-09,Panaji,B2B,486.07,2430,97,4,0.0,0.0
2025-07-10,Mumbai,D2C,4673.32,37682,1384,121,51.5,23496.37
2025-07-10,Mumbai,B2B,465.69,2328,93,4,0.0,0.0
2025-07-10,Pune,D2C,3864.25,44381,1144,68,58.99,25658.48
2025-07-10,Pune,B2B,396.55,1982,79,3,0.0,0.0
2025-07-10,Bengaluru,D2C,2936.11,30410,1087,76,39.34,18869.0
2025-07-10,Bengaluru,B2B,575.41,2877,115,5,0.0,0.0
2025-07-10,Chennai,D2C,4147.31,44836,1962,221,37.12,17481.99
2025-07-10,Chennai,B2B,519.13,2595,103,5,0.0,0.0
2025-07-10,Panaji,D2C,3255.44,28857,1088,153,51.29,25241.21
2025-07-10,Panaji,B2B,407.83,2039,81,4,0.0,0.0
2025-07-11,Mumbai,D2C,3731.31,33608,1661,184,54.78,22380.35
2025-07-11,Mumbai,B2B,678.66,3393,135,6,0.0,0.0
2025-07-11,Pune,D2C,16704.55,188218,3843,444,88.22,40681.01
2025-07-11,Pune,B2B,430.4,2151,86,4,0.0,0.0
2025-07-11,Bengaluru,D2C,3961.44,32795,1235,126,54.83,24725.56
2025-07-11,Bengaluru,B2B,629.24,3146,125,6,0.0,0.0
2025-07-11,Chennai,D2C,9427.56,88074,4340,596,64.54,29608.9
2025-07-11,Chennai,B2B,358.65,1793,71,3,0.0,0.0
2025-07-11,Panaji,D2C,14407.9,119557,4221,620,101.62,41368.82
2025-07-11,Panaji,B2B,616.72,3083,123,6,0.0,0.0
2025-07-12,Mumbai,D2C,5577.25,58398,2296,121,68.28,32693.49
2025-07-12,Mumbai,B2B,433.91,2169,86,4,0.0,0.0
2025-07-12,Pune,D2C,5878.45,47975,1248,84,51.28,22659.26
2025-07-12,Pune,B2B,398.56,1992,79,3,0.0,0.0
2025-07-12,Bengaluru,D2C,1745.52,14167,540,48,27.13,13203.47
2025-07-12,Bengaluru,B2B,619.55,3097,123,6,0.0,0.0
2025-07-12,Chennai,D2C,5616.42,47872,1957,138,54.0,21952.99
2025-07-12,Chennai,B2B,542.51,2712,108,5,0.0,0.0
2025-07-12,Panaji,D2C,4860.2,55682,1889,235,56.45,27113.32
2025-07-12,Panaji,B2B,512.16,2560,102,5,0.0,0.0
2025-07-13,Mumbai,D2C,6418.4,75505,2611,251,71.51,34476.91
2025-07-13,Mumbai,B2B,466.16,2330,93,4,0.0,0.0
2025-07-13,Pune,D2C,3705.02,43987,1873,245,31.43,14044.03
2025-07-13,Pune,B2B,522.04,2610,104,5,0.0,0.0
2025-07-13,Bengaluru,D2C,18127.62,206831,7539,525,88.68,37970.81
2025-07-13,Bengaluru,B2B,546.32,2731,109,5,0.0,0.0
2025-07-13,Chennai,D2C,4348.09,48919,1172,85,47.92,21644.99
2025-07-13,Chennai,B2B,504.49,2522,100,5,0.0,0.0
2025-07-13,Panaji,D2C,4691.32,49134,1149,75,49.21,21638.65
2025-07-13,Panaji,B2B,654.5,3272,130,6,0.0,0.0
2025-07-14,Mumbai,D2C,5514.05,47878,1283,137,52.85,23861.34
2025-07-14,Mumbai,B2B,655.06,3275,131,6,0.0,0.0
2025-07-14,Pune,D2C,5492.24,49604,1723,254,49.4,22700.92
2025-07-14,Pune,B2B,400.49,2002,80,4,0.0,0.0
2025-07-14,Bengaluru,D2C,5204.41,61604,2554,328,61.47,28212.34
2025-07-14,Bengaluru,B2B,420.98,2104,84,4,0.0,0.0
2025-07-14,Chennai,D2C,6126.35,61239,2936,318,60.21,26818.4
2025-07-14,Chennai,B2B,484.26,2421,96,4,0.0,0.0
2025-07-14,Panaji,D2C,5061.03,49567,2449,208,51.65,21351.59
2025-07-14,Panaji,B2B,337.75,1688,67,3,0.0,0.0
2025-07-15,Mumbai,D2C,6514.71,67018,1850,134,40.82,16860.9
2025-07-15,Mumbai,B2B,541.07,2705,108,5,0.0,0.0
2025-07-15,Pune,D2C,4293.87,39651,948,66,52.02,21140.84
2025-07-15,Pune,B2B,464.85,2324,92,4,0.0,0.0
2025-07-15,Bengaluru,D2C,14056.76,148479,4813,370,71.54,33295.82
2025-07-15,Bengaluru,B2B,340.44,1702,68,3,0.0,0.0
2025-07-15,Chennai,D2C,3757.82,38556,1764,108,54.73,25578.92
2025-07-15,Chennai,B2B,467.51,2337,93,4,0.0,0.0
2025-07-15,Panaji,D2C,5346.7,62983,1527,174,50.53,25044.78
2025-07-15,Panaji,B2B,431.49,2157,86,4,0.0,0.0
2025-07-16,Mumbai,D2C,5231.26,47507,2095,313,45.3,20099.02
2025-07-16,Mumbai,B2B,491.49,2457,98,4,0.0,0.0
2025-07-16,Pune,D2C,9378.09,83282,2370,223,56.71,27633.84
2025-07-16,Pune,B2B,518.44,2592,103,5,0.0,0.0
2025-07-16,Bengaluru,D2C,4500.39,47769,2325,116,41.86,20627.11
2025-07-16,Bengaluru,B2B,524.68,2623,104,5,0.0,0.0
2025-07-16,Chennai,D2C,5157.74,43149,1528,111,42.42,20403.38
2025-07-16,Chennai,B2B,530.9,2654,106,5,0.0,0.0
2025-07-16,Panaji,D2C,4904.53,42881,2115,316,54.47,22715.5
2025-07-16,Panaji,B2B,388.85,1944,77,3,0.0,0.0
2025-07-17,Mumbai,D2C,4270.44,38957,1915,125,56.64,22656.43
2025-07-17,Mumbai,B2B,322.32,1611,64,3,0.0,0.0
2025-07-17,Pune,D2C,5774.58,50481,1996,242,64.14,27702.92
2025-07-17,Pune,B2B,517.91,2589,103,5,0.0,0.0
2025-07-17,Bengaluru,D2C,4919.37,48255,1579,103,50.02,22697.43
2025-07-17,Bengaluru,B2B,579.96,2899,115,5,0.0,0.0
2025-07-17,Chennai,D2C,4953.94,53107,2074,292,35.83,16326.4
2025-07-17,Chennai,B2B,460.65,2303,92,4,0.0,0.0
2025-07-17,Panaji,D2C,5209.97,44519,2075,201,67.78,31083.51
2025-07-17,Panaji,B2B,645.97,3229,129,6,0.0,0.0
2025-07-18,Mumbai,D2C,6034.11,57880,2049,266,53.35,23411.62
2025-07-18,Mumbai,B2B,559.2,2796,111,5,0.0,0.0
2025-07-18,Pune,D2C,5254.32,50559,2041,115,57.76,27563.83
2025-07-18,Pune,B2B,429.82,2149,85,4,0.0,0.0
2025-07-18,Bengaluru,D2C,4618.6,49070,2279,224,52.4,25775.02
2025-07-18,Bengaluru,B2B,537.99,2689,107,5,0.0,0.0
2025-07-18,Chennai,D2C,4880.78,46722,1477,116,44.31,21540.88
2025-07-18,Chennai,B2B,591.97,2959,118,5,0.0,0.0
2025-07-18,Panaji,D2C,5204.52,48808,1066,82,63.79,31161.03
2025-07-18,Panaji,B2B,450.47,2252,90,4,0.0,0.0
2025-07-19,Mumbai,D2C,4802.85,55205,2367,239,57.89,28063.07
2025-07-19,Mumbai,B2B,349.39,1746,69,3,0.0,0.0
2025-07-19,Pune,D2C,4997.69,54780,1987,204,47.64,21535.71
2025-07-19,Pune,B2B,498.84,2494,99,4,0.0,0.0
2025-07-19,Bengaluru,D2C,4048.26,46331,1141,108,44.79,20996.69
2025-07-19,Bengaluru,B2B,681.15,3405,136,6,0.0,0.0
2025-07-19,Chennai,D2C,5729.31,55416,2622,391,41.86,17720.1
2025-07-19,Chennai,B2B,369.93,1849,73,3,0.0,0.0
2025-07-19,Panaji,D2C,5010.64,40493,1544,119,65.91,28233.78
2025-07-19,Panaji,B2B,366.4,1831,73,3,0.0,0.0
2025-07-20,Mumbai,D2C,6118.18,49797,1607,126,70.75,33961.64
2025-07-20,Mumbai,B2B,619.86,3099,123,6,0.0,0.0
2025-07-20,Pune,D2C,7249.44,81981,2684,208,53.85,24429.59
2025-07-20,Pune,B2B,409.24,2046,81,4,0.0,0.0
2025-07-20,Bengaluru,D2C,2926.09,31819,840,58,38.21,16154.53
2025-07-20,Bengaluru,B2B,323.88,1619,64,3,0.0,0.0
2025-07-20,Chennai,D2C,3179.6,32268,842,55,53.02,23506.09
2025-07-20,Chennai,B2B,618.76,3093,123,6,0.0,0.0
2025-07-20,Panaji,D2C,4533.79,46320,1702,205,39.64,16856.64
2025-07-20,Panaji,B2B,491.17,2455,98,4,0.0,0.0
2025-07-21,Mumbai,D2C,4992.73,41141,1224,78,60.41,27388.82
2025-07-21,Mumbai,B2B,387.35,1936,77,3,0.0,0.0
2025-07-21,Pune,D2C,4515.05,42205,1585,129,36.52,15421.35
2025-07-21,Pune,B2B,546.15,2730,109,5,0.0,0.0
2025-07-21,Bengaluru,D2C,4699.74,42557,866,88,55.04,27316.19
2025-07-21,Bengaluru,B2B,369.87,1849,73,3,0.0,0.0
2025-07-21,Chennai,D2C,4207.07,49271,2209,181,40.13,17103.96
2025-07-21,Chennai,B2B,746.1,3730,149,7,0.0,0.0
2025-07-21,Panaji,D2C,6693.33,55361,2308,301,52.75,24602.65
2025-07-21,Panaji,B2B,503.07,2515,100,5,0.0,0.0
2025-07-22,Mumbai,D2C,5949.15,60096,2448,338,57.68,24880.07
2025-07-22,Mumbai,B2B,482.09,2410,96,4,0.0,0.0
2025-07-22,Pune,D2C,4215.32,48319,2016,182,39.43,17177.31
2025-07-22,Pune,B2B,571.1,2855,114,5,0.0,0.0
2025-07-22,Bengaluru,D2C,4167.33,37540,1262,111,63.98,28092.61
2025-07-22,Bengaluru,B2B,444.5,2222,88,4,0.0,0.0
2025-07-22,Chennai,D2C,6691.83,65093,1407,143,61.55,25539.06
2025-07-22,Chennai,B2B,654.52,3272,130,6,0.0,0.0
2025-07-22,Panaji,D2C,5230.7,47106,1187,173,67.07,28372.35
2025-07-22,Panaji,B2B,416.1,2080,83,4,0.0,0.0
2025-07-23,Mumbai,D2C,3922.09,31684,1271,130,59.45,24758.43
2025-07-23,Mumbai,B2B,435.93,2179,87,4,0.0,0.0
2025-07-23,Pune,D2C,5572.13,53460,1342,101,47.15,21482.0
2025-07-23,Pune,B2B,559.59,2797,111,5,0.0,0.0
2025-07-23,Bengaluru,D2C,5592.53,66521,1790,227,50.07,20742.86
2025-07-23,Bengaluru,B2B,488.28,2441,97,4,0.0,0.0
2025-07-23,Chennai,D2C,4569.35,46907,1602,159,58.55,23932.69
2025-07-23,Chennai,B2B,580.63,2903,116,5,0.0,0.0
2025-07-23,Panaji,D2C,5714.53,48931,2030,190,53.05,21946.73
2025-07-23,Panaji,B2B,530.36,2651,106,5,0.0,0.0
2025-07-24,Mumbai,D2C,3920.09,43334,1202,117,62.36,29226.27
2025-07-24,Mumbai,B2B,501.96,2509,100,5,0.0,0.0
2025-07-24,Pune,D2C,4713.01,38467,911,64,48.12,23319.15
2025-07-24,Pune,B2B,615.05,3075,123,6,0.0,0.0
2025-07-24,Bengaluru,D2C,6292.05,65089,1999,215,53.24,21740.87
2025-07-24,Bengaluru,B2B,371.54,1857,74,3,0.0,0.0
2025-07-24,Chennai,D2C,6009.96,57490,1601,134,54.68,25811.94
2025-07-24,Chennai,B2B,366.84,1834,73,3,0.0,0.0
2025-07-24,Panaji,D2C,17072.78,170937,6414,910,68.54,31348.14
2025-07-24,Panaji,B2B,501.8,2508,100,5,0.0,0.0
2025-07-25,Mumbai,D2C,4570.22,36909,1549,221,56.02,24865.72
2025-07-25,Mumbai,B2B,558.89,2794,111,5,0.0,0.0
2025-07-25,Pune,D2C,4520.29,44874,1064,75,35.78,16368.89
2025-07-25,Pune,B2B,496.97,2484,99,4,0.0,0.0
2025-07-25,Bengaluru,D2C,5111.6,58497,2250,115,60.6,26773.34
2025-07-25,Bengaluru,B2B,737.16,3685,147,7,0.0,0.0
2025-07-25,Chennai,D2C,6939.03,80967,1944,227,41.83,20600.8
2025-07-25,Chennai,B2B,585.27,2926,117,5,0.0,0.0
2025-07-25,Panaji,D2C,3873.89,40057,1333,71,41.07,19755.45
2025-07-25,Panaji,B2B,351.26,1756,70,3,0.0,0.0
2025-07-26,Mumbai,D2C,6113.27,56510,1299,100,71.61,35665.79
2025-07-26,Mumbai,B2B,593.92,2969,118,5,0.0,0.0
2025-07-26,Pune,D2C,4720.65,43846,1637,94,66.76,29141.77
2025-07-26,Pune,B2B,499.65,2498,99,4,0.0,0.0
2025-07-26,Bengaluru,D2C,5052.36,52680,2044,232,57.88,26359.14
2025-07-26,Bengaluru,B2B,507.7,2538,101,5,0.0,0.0
2025-07-26,Chennai,D2C,5437.82,45325,1563,158,67.44,29970.39
2025-07-26,Chennai,B2B,532.55,2662,106,5,0.0,0.0
2025-07-26,Panaji,D2C,17940.79,187676,8415,553,106.77,49048.26
2025-07-26,Panaji,B2B,756.57,3782,151,7,0.0,0.0
2025-07-27,Mumbai,D2C,4943.99,42939,1718,190,57.78,23621.29
2025-07-27,Mumbai,B2B,525.3,2626,105,5,0.0,0.0
2025-07-27,Pune,D2C,4756.92,46853,1485,202,66.53,28631.3
2025-07-27,Pune,B2B,586.39,2931,117,5,0.0,0.0
2025-07-27,Bengaluru,D2C,5352.83,48084,1793,138,66.73,26726.8
2025-07-27,Bengaluru,B2B,545.61,2728,109,5,0.0,0.0
2025-07-27,Chennai,D2C,3090.94,32701,1489,165,51.51,21968.96
2025-07-27,Chennai,B2B,576.96,2884,115,5,0.0,0.0
2025-07-27,Panaji,D2C,6643.78,67947,2707,295,70.76,32347.51
2025-07-27,Panaji,B2B,609.82,3049,121,6,0.0,0.0
2025-07-28,Mumbai,D2C,3446.72,33496,1226,101,50.5,23452.09
2025-07-28,Mumbai,B2B,566.59,2832,113,5,0.0,0.0
2025-07-28,Pune,D2C,6176.49,65160,2385,121,66.66,29172.8
2025-07-28,Pune,B2B,422.83,2114,84,4,0.0,0.0
2025-07-28,Bengaluru,D2C,3488.21,32655,1119,89,44.74,18634.49
2025-07-28,Bengaluru,B2B,553.5,2767,110,5,0.0,0.0
2025-07-28,Chennai,D2C,6769.34,71214,2151,172,64.93,29204.2
2025-07-28,Chennai,B2B,519.95,2599,103,5,0.0,0.0
2025-07-28,Panaji,D2C,3337.89,27823,600,45,31.03,12734.83
2025-07-28,Panaji,B2B,561.97,2809,112,5,0.0,0.0
2025-07-29,Mumbai,D2C,3741.98,37195,1084,110,42.27,19292.56
2025-07-29,Mumbai,B2B,587.91,2939,117,5,0.0,0.0
2025-07-29,Pune,D2C,3130.1,29596,1331,127,48.1,19757.8
2025-07-29,Pune,B2B,408.28,2041,81,4,0.0,0.0
2025-07-29,Bengaluru,D2C,5474.04,46973,1385,204,46.49,20718.52
2025-07-29,Bengaluru,B2B,569.61,2848,113,5,0.0,0.0
2025-07-29,Chennai,D2C,4916.1,58071,2061,271,54.24,21916.55
2025-07-29,Chennai,B2B,461.63,2308,92,4,0.0,0.0
2025-07-29,Panaji,D2C,5724.17,65464,1757,126,45.44,22367.49
2025-07-29,Panaji,B2B,322.68,1613,64,3,0.0,0.0
2025-07-30,Mumbai,D2C,5410.99,54204,1839,138,55.35,22310.61
2025-07-30,Mumbai,B2B,552.73,2763,110,5,0.0,0.0
2025-07-30,Pune,D2C,4530.6,42950,1813,232,59.34,28025.46
2025-07-30,Pune,B2B,653.16,3265,130,6,0.0,0.0
2025-07-30,Bengaluru,D2C,4396.02,40984,1747,144,37.73,16599.26
2025-07-30,Bengaluru,B2B,389.85,1949,77,3,0.0,0.0
2025-07-30,Chennai,D2C,3811.46,37929,1557,157,57.79,24785.41
2025-07-30,Chennai,B2B,698.88,3494,139,6,0.0,0.0
2025-07-30,Panaji,D2C,6186.46,57517,2386,151,50.78,21047.98
2025-07-30,Panaji,B2B,310.86,1554,62,3,0.0,0.0
2025-07-31,Mumbai,D2C,4432.64,52186,1869,194,48.64,21039.56
2025-07-31,Mumbai,B2B,563.67,2818,112,5,0.0,0.0
2025-07-31,Pune,D2C,7426.46,87268,4002,555,63.25,29457.11
2025-07-31,Pune,B2B,442.54,2212,88,4,0.0,0.0
2025-07-31,Bengaluru,D2C,4766.0,46054,1751,211,67.33,28579.33
2025-07-31,Bengaluru,B2B,586.36,2931,117,5,0.0,0.0
2025-07-31,Chennai,D2C,5141.53,57104,2088,242,47.43,21254.22
2025-07-31,Chennai,B2B,667.35,3336,133,6,0.0,0.0
2025-07-31,Panaji,D2C,3622.42,42913,1516,187,42.46,18493.22
2025-07-31,Panaji,B2B,670.01,3350,134,6,0.0,0.0
2025-08-01,Mumbai,D2C,3376.23,34349,1199,76,43.46,18121.01
2025-08-01,Mumbai,B2B,333.99,1669,66,3,0.0,0.0
2025-08-01,Pune,D2C,6639.3,77254,3023,383,55.76,27655.32
2025-08-01,Pune,B2B,607.87,3039,121,6,0.0,0.0
2025-08-01,Bengaluru,D2C,5318.37,48311,1380,106,67.65,27277.65
2025-08-01,Bengaluru,B2B,528.83,2644,105,5,0.0,0.0
2025-08-01,Chennai,D2C,4811.9,42957,1887,200,34.88,15451.28
2025-08-01,Chennai,B2B,464.73,2323,92,4,0.0,0.0
2025-08-01,Panaji,D2C,4065.11,43937,1828,224,31.88,15793.5
2025-08-01,Panaji,B2B,477.69,2388,95,4,0.0,0.0
2025-08-02,Mumbai,D2C,5436.73,59560,2906,342,57.9,28636.21
2025-08-02,Mumbai,B2B,540.12,2700,108,5,0.0,0.0
2025-08-02,Pune,D2C,7105.16,83353,1857,185,71.1,34069.69
2025-08-02,Pune,B2B,379.02,1895,75,3,0.0,0.0
2025-08-02,Bengaluru,D2C,5833.64,48169,1544,80,50.77,23033.34
2025-08-02,Bengaluru,B2B,516.92,2584,103,5,0.0,0.0
2025-08-02,Chennai,D2C,5872.93,68113,3257,293,72.43,31753.7
2025-08-02,Chennai,B2B,742.62,3713,148,7,0.0,0.0
2025-08-02,Panaji,D2C,4825.86,56519,1900,234,47.49,19084.74
2025-08-02,Panaji,B2B,671.42,3357,134,6,0.0,0.0
2025-08-03,Mumbai,D2C,4991.03,46610,1904,228,60.19,27040.13
2025-08-03,Mumbai,B2B,405.26,2026,81,4,0.0,0.0
2025-08-03,Pune,D2C,4977.53,43789,1279,69,57.62,24481.88
2025-08-03,Pune,B2B,586.29,2931,117,5,0.0,0.0
2025-08-03,Bengaluru,D2C,6028.61,54069,1355,172,43.86,19533.06
2025-08-03,Bengaluru,B2B,425.61,2128,85,4,0.0,0.0
2025-08-03,Chennai,D2C,6979.29,78467,1674,133,53.47,22169.81
2025-08-03,Chennai,B2B,507.32,2536,101,5,0.0,0.0
2025-08-03,Panaji,D2C,3992.2,42536,1337,163,42.21,18110.16
2025-08-03,Panaji,B2B,388.31,1941,77,3,0.0,0.0
2025-08-04,Mumbai,D2C,4577.93,44277,2138,261,36.81,17840.04
2025-08-04,Mumbai,B2B,503.65,2518,100,5,0.0,0.0
2025-08-04,Pune,D2C,5702.28,54835,1461,147,58.48,26539.76
2025-08-04,Pune,B2B,647.04,3235,129,6,0.0,0.0
2025-08-04,Bengaluru,D2C,5619.1,64635,2846,410,41.17,17560.33
2025-08-04,Bengaluru,B2B,508.98,2544,101,5,0.0,0.0
2025-08-04,Chennai,D2C,6210.7,68268,1649,124,68.24,28419.69
2025-08-04,Chennai,B2B,498.27,2491,99,4,0.0,0.0
2025-08-04,Panaji,D2C,3705.51,40142,1245,131,33.48,16086.24
2025-08-04,Panaji,B2B,418.17,2090,83,4,0.0,0.0
2025-08-05,Mumbai,D2C,6450.09,57010,2653,296,57.37,23994.98
2025-08-05,Mumbai,B2B,372.98,1864,74,3,0.0,0.0
2025-08-05,Pune,D2C,4382.92,47259,2030,191,56.82,24923.39
2025-08-05,Pune,B2B,388.98,1944,77,3,0.0,0.0
2025-08-05,Bengaluru,D2C,5562.24,51408,1739,204,57.48,27841.52
2025-08-05,Bengaluru,B2B,377.64,1888,75,3,0.0,0.0
2025-08-05,Chennai,D2C,5374.44,45411,1381,190,44.05,17963.44
2025-08-05,Chennai,B2B,590.12,2950,118,5,0.0,0.0
2025-08-05,Panaji,D2C,5531.67,63157,2564,261,68.06,30078.55
2025-08-05,Panaji,B2B,545.66,2728,109,5,0.0,0.0
2025-08-06,Mumbai,D2C,4380.36,44352,1958,252,52.33,25018.25
2025-08-06,Mumbai,B2B,411.87,2059,82,4,0.0,0.0
2025-08-06,Pune,D2C,5816.22,66917,1936,99,49.6,22705.74
2025-08-06,Pune,B2B,394.14,1970,78,3,0.0,0.0
2025-08-06,Bengaluru,D2C,5630.18,65591,1835,176,58.12,28764.06
2025-08-06,Bengaluru,B2B,275.81,1379,55,2,0.0,0.0
2025-08-06,Chennai,D2C,12687.64,101970,3448,340,57.59,26992.4
2025-08-06,Chennai,B2B,643.44,3217,128,6,0.0,0.0
2025-08-06,Panaji,D2C,5513.64,47795,1539,112,56.98,23925.95
2025-08-06,Panaji,B2B,323.34,1616,64,3,0.0,0.0
2025-08-07,Mumbai,D2C,3771.25,41543,968,93,32.88,15119.47
2025-08-07,Mumbai,B2B,503.01,2515,100,5,0.0,0.0
2025-08-07,Pune,D2C,5201.12,60839,2218,240,50.54,25014.02
2025-08-07,Pune,B2B,328.47,1642,65,3,0.0,0.0
2025-08-07,Bengaluru,D2C,4270.4,41549,1863,246,38.85,18261.72
2025-08-07,Bengaluru,B2B,594.24,2971,118,5,0.0,0.0
2025-08-07,Chennai,D2C,3977.86,43367,1166,58,54.09,22562.05
2025-08-07,Chennai,B2B,394.33,1971,78,3,0.0,0.0
2025-08-07,Panaji,D2C,4747.95,47021,1003,147,59.12,25560.01
2025-08-07,Panaji,B2B,462.02,2310,92,4,0.0,0.0
2025-08-08,Mumbai,D2C,4460.6,38296,982,133,41.95,18375.45
2025-08-08,Mumbai,B2B,309.95,1549,61,3,0.0,0.0
2025-08-08,Pune,D2C,5368.19,57626,1186,146,54.48,26219.94
2025-08-08,Pune,B2B,583.79,2918,116,5,0.0,0.0
2025-08-08,Bengaluru,D2C,5026.57,49562,2017,279,42.79,21043.3
2025-08-08,Bengaluru,B2B,589.36,2946,117,5,0.0,0.0
2025-08-08,Chennai,D2C,4639.72,39200,1126,125,61.45,30106.43
2025-08-08,Chennai,B2B,562.25,2811,112,5,0.0,0.0
2025-08-08,Panaji,D2C,15067.54,141543,3591,411,89.87,40399.26
2025-08-08,Panaji,B2B,272.24,1361,54,2,0.0,0.0
2025-08-09,Mumbai,D2C,5557.5,55945,2354,248,71.9,31478.89
2025-08-09,Mumbai,B2B,491.16,2455,98,4,0.0,0.0
2025-08-09,Pune,D2C,4129.38,37795,937,97,49.23,20066.87
2025-08-09,Pune,B2B,492.31,2461,98,4,0.0,0.0
2025-08-09,Bengaluru,D2C,5923.87,58514,2434,250,53.7,23212.28
2025-08-09,Bengaluru,B2B,647.95,3239,129,6,0.0,0.0
2025-08-09,Chennai,D2C,5610.96,46565,1574,218,40.99,20449.95
2025-08-09,Chennai,B2B,515.36,2576,103,5,0.0,0.0
2025-08-09,Panaji,D2C,4813.99,46568,1547,175,61.56,24831.7
2025-08-09,Panaji,B2B,558.9,2794,111,5,0.0,0.0
2025-08-10,Mumbai,D2C,3749.97,35219,1199,100,33.91,14056.07
2025-08-10,Mumbai,B2B,537.17,2685,107,5,0.0,0.0
2025-08-10,Pune,D2C,4967.01,42034,2033,250,57.7,26804.65
2025-08-10,Pune,B2B,448.26,2241,89,4,0.0,0.0
2025-08-10,Bengaluru,D2C,6928.84,78511,1740,207,63.85,27959.18
2025-08-10,Bengaluru,B2B,504.65,2523,100,5,0.0,0.0
2025-08-10,Chennai,D2C,6154.14,61447,2749,248,43.24,17562.15
2025-08-10,Chennai,B2B,347.44,1737,69,3,0.0,0.0
2025-08-10,Panaji,D2C,4859.72,52833,2234,123,42.56,18192.66
2025-08-10,Panaji,B2B,447.48,2237,89,4,0.0,0.0
2025-08-11,Mumbai,D2C,3857.4,45421,2004,136,43.68,19025.17
2025-08-11,Mumbai,B2B,515.3,2576,103,5,0.0,0.0
2025-08-11,Pune,D2C,5051.58,55344,1765,134,48.88,21985.67
2025-08-11,Pune,B2B,646.97,3234,129,6,0.0,0.0
2025-08-11,Bengaluru,D2C,3786.63,30583,1320,88,32.12,14947.05
2025-08-11,Bengaluru,B2B,426.24,2131,85,4,0.0,0.0
2025-08-11,Chennai,D2C,5643.78,49786,2096,251,46.81,22954.36
2025-08-11,Chennai,B2B,556.19,2780,111,5,0.0,0.0
2025-08-11,Panaji,D2C,5421.32,59034,1517,142,39.45,17315.96
2025-08-11,Panaji,B2B,580.78,2903,116,5,0.0,0.0
2025-08-12,Mumbai,D2C,4326.08,44910,2073,113,45.56,18946.29
2025-08-12,Mumbai,B2B,643.38,3216,128,6,0.0,0.0
2025-08-12,Pune,D2C,4359.37,39865,1035,148,33.62,14921.72
2025-08-12,Pune,B2B,531.74,2658,106,5,0.0,0.0
2025-08-12,Bengaluru,D2C,4985.68,46300,1109,97,59.04,28234.64
2025-08-12,Bengaluru,B2B,458.25,2291,91,4,0.0,0.0
2025-08-12,Chennai,D2C,7438.86,68060,1691,126,52.82,23872.86
2025-08-12,Chennai,B2B,583.48,2917,116,5,0.0,0.0
2025-08-12,Panaji,D2C,5647.29,59673,2656,281,47.16,20100.39
2025-08-12,Panaji,B2B,509.12,2545,101,5,0.0,0.0
2025-08-13,Mumbai,D2C,5711.96,56098,2296,203,43.83,19277.82
2025-08-13,Mumbai,B2B,403.09,2015,80,4,0.0,0.0
2025-08-13,Pune,D2C,5603.7,56202,1678,169,38.33,16530.24
2025-08-13,Pune,B2B,510.77,2553,102,5,0.0,0.0
2025-08-13,Bengaluru,D2C,5218.76,47710,1380,121,66.3,32933.49
2025-08-13,Bengaluru,B2B,629.72,3148,125,6,0.0,0.0
2025-08-13,Chennai,D2C,2947.13,28609,1045,76,47.33,21447.7
2025-08-13,Chennai,B2B,381.92,1909,76,3,0.0,0.0
2025-08-13,Panaji,D2C,5571.03,60515,2662,225,43.76,17516.07
2025-08-13,Panaji,B2B,562.86,2814,112,5,0.0,0.0
2025-08-14,Mumbai,D2C,2949.2,25811,1181,89,33.3,14921.48
2025-08-14,Mumbai,B2B,431.77,2158,86,4,0.0,0.0
2025-08-14,Pune,D2C,3500.13,30377,1262,160,43.26,20391.76
2025-08-14,Pune,B2B,499.4,2496,99,4,0.0,0.0
2025-08-14,Bengaluru,D2C,4358.85,49185,1285,88,37.16,15377.79
2025-08-14,Bengaluru,B2B,541.82,2709,108,5,0.0,0.0
2025-08-14,Chennai,D2C,4797.9,52705,2010,238,35.27,15207.27
2025-08-14,Chennai,B2B,665.27,3326,133,6,0.0,0.0
2025-08-14,Panaji,D2C,3868.59,43211,1261,67,60.11,26117.8
2025-08-14,Panaji,B2B,588.74,2943,117,5,0.0,0.0
2025-08-15,Mumbai,D2C,4979.76,44253,1242,92,70.27,29496.67
2025-08-15,Mumbai,B2B,402.19,2010,80,4,0.0,0.0
2025-08-15,Pune,D2C,5753.38,68369,3310,458,46.06,21345.71
2025-08-15,Pune,B2B,513.38,2566,102,5,0.0,0.0
2025-08-15,Bengaluru,D2C,5549.43,48293,1576,203,54.56,24757.46
2025-08-15,Bengaluru,B2B,434.0,2169,86,4,0.0,0.0
2025-08-15,Chennai,D2C,3453.72,37239,1792,186,51.96,21248.74
2025-08-15,Chennai,B2B,632.42,3162,126,6,0.0,0.0
2025-08-15,Panaji,D2C,15032.8,135466,4812,247,77.52,34993.64
2025-08-15,Panaji,B2B,351.86,1759,70,3,0.0,0.0
2025-08-16,Mumbai,D2C,5753.69,55574,2662,342,45.51,18800.37
2025-08-16,Mumbai,B2B,512.95,2564,102,5,0.0,0.0
2025-08-16,Pune,D2C,5641.71,61806,2395,355,57.59,23689.42
2025-08-16,Pune,B2B,688.4,3442,137,6,0.0,0.0
2025-08-16,Bengaluru,D2C,4467.74,52846,2161,236,48.81,21301.35
2025-08-16,Bengaluru,B2B,570.41,2852,114,5,0.0,0.0
2025-08-16,Chennai,D2C,6300.25,67501,1751,174,71.1,31824.46
2025-08-16,Chennai,B2B,359.85,1799,71,3,0.0,0.0
2025-08-16,Panaji,D2C,6539.02,63018,2953,195,80.68,33232.1
2025-08-16,Panaji,B2B,520.79,2603,104,5,0.0,0.0
2025-08-17,Mumbai,D2C,5820.92,66567,3311,262,65.24,26849.48
2025-08-17,Mumbai,B2B,408.85,2044,81,4,0.0,0.0
2025-08-17,Pune,D2C,6106.19,63286,2222,254,77.08,31262.85
2025-08-17,Pune,B2B,470.38,2351,94,4,0.0,0.0
2025-08-17,Bengaluru,D2C,6073.02,50491,1858,154,45.0,21821.66
2025-08-17,Bengaluru,B2B,521.86,2609,104,5,0.0,0.0
2025-08-17,Chennai,D2C,5752.7,61967,1248,115,45.41,22301.21
2025-08-17,Chennai,B2B,503.75,2518,100,5,0.0,0.0
2025-08-17,Panaji,D2C,4450.77,40294,1059,116,36.32,14740.68
2025-08-17,Panaji,B2B,416.46,2082,83,4,0.0,0.0
2025-08-18,Mumbai,D2C,6420.38,62223,2300,199,77.57,31453.52
2025-08-18,Mumbai,B2B,417.77,2088,83,4,0.0,0.0
2025-08-18,Pune,D2C,5721.12,49980,1443,175,41.01,19731.56
2025-08-18,Pune,B2B,531.96,2659,106,5,0.0,0.0
2025-08-18,Bengaluru,D2C,5976.37,64969,2624,349,40.26,16197.58
2025-08-18,Bengaluru,B2B,593.09,2965,118,5,0.0,0.0
2025-08-18,Chennai,D2C,3984.04,46491,1475,198,31.57,13158.85
2025-08-18,Chennai,B2B,463.26,2316,92,4,0.0,0.0
2025-08-18,Panaji,D2C,4000.1,33961,895,47,45.35,19398.09
2025-08-18,Panaji,B2B,719.36,3596,143,7,0.0,0.0
2025-08-19,Mumbai,D2C,5279.75,53471,1216,114,72.64,35124.99
2025-08-19,Mumbai,B2B,598.61,2993,119,5,0.0,0.0
2025-08-19,Pune,D2C,14340.91,132137,3073,298,100.42,48950.26
2025-08-19,Pune,B2B,468.0,2340,93,4,0.0,0.0
2025-08-19,Bengaluru,D2C,3736.12,34833,978,98,44.01,19860.86
2025-08-19,Bengaluru,B2B,596.8,2984,119,5,0.0,0.0
2025-08-19,Chennai,D2C,3970.64,34404,1048,130,55.35,25830.21
2025-08-19,Chennai,B2B,657.51,3287,131,6,0.0,0.0
2025-08-19,Panaji,D2C,5478.53,54440,1987,197,57.94,27319.41
2025-08-19,Panaji,B2B,355.51,1777,71,3,0.0,0.0
2025-08-20,Mumbai,D2C,5297.23,43789,2158,314,38.59,17146.69
2025-08-20,Mumbai,B2B,453.52,2267,90,4,0.0,0.0
2025-08-20,Pune,D2C,4936.37,58261,2273,194,56.32,24287.04
2025-08-20,Pune,B2B,363.78,1818,72,3,0.0,0.0
2025-08-20,Bengaluru,D2C,3105.62,25260,1123,106,36.92,16508.93
2025-08-20,Bengaluru,B2B,562.96,2814,112,5,0.0,0.0
2025-08-20,Chennai,D2C,4811.96,55770,2699,242,42.22,18463.54
2025-08-20,Chennai,B2B,515.97,2579,103,5,0.0,0.0
2025-08-20,Panaji,D2C,4000.35,39629,1821,96,51.99,24760.64
2025-08-20,Panaji,B2B,448.42,2242,89,4,0.0,0.0
2025-08-21,Mumbai,D2C,5446.01,63779,1912,191,37.42,14993.26
2025-08-21,Mumbai,B2B,529.98,2649,105,5,0.0,0.0
2025-08-21,Pune,D2C,4630.87,40326,841,118,34.31,16247.15
2025-08-21,Pune,B2B,475.97,2379,95,4,0.0,0.0
2025-08-21,Bengaluru,D2C,5300.75,42519,2106,290,68.99,32143.09
2025-08-21,Bengaluru,B2B,576.76,2883,115,5,0.0,0.0
2025-08-21,Chennai,D2C,5760.11,59045,1357,192,43.29,18289.41
2025-08-21,Chennai,B2B,470.03,2350,94,4,0.0,0.0
2025-08-21,Panaji,D2C,6531.33,58315,1167,146,80.22,38584.58
2025-08-21,Panaji,B2B,533.71,2668,106,5,0.0,0.0
2025-08-22,Mumbai,D2C,5909.78,59687,2048,194,68.23,30887.95
2025-08-22,Mumbai,B2B,491.03,2455,98,4,0.0,0.0
2025-08-22,Pune,D2C,11620.72,120074,3229,209,89.14,41728.75
2025-08-22,Pune,B2B,414.63,2073,82,4,0.0,0.0
2025-08-22,Bengaluru,D2C,5023.47,59002,2609,296,46.2,23021.98
2025-08-22,Bengaluru,B2B,665.45,3327,133,6,0.0,0.0
2025-08-22,Chennai,D2C,4139.45,34056,1680,182,50.09,23319.04
2025-08-22,Chennai,B2B,434.63,2173,86,4,0.0,0.0
2025-08-22,Panaji,D2C,4485.21,48730,1583,199,41.09,17344.04
2025-08-22,Panaji,B2B,499.67,2498,99,4,0.0,0.0
2025-08-23,Mumbai,D2C,4598.01,52011,1637,178,58.34,24744.52
2025-08-23,Mumbai,B2B,393.67,1968,78,3,0.0,0.0
2025-08-23,Pune,D2C,5183.47,56044,1495,113,54.43,23509.83
2025-08-23,Pune,B2B,504.48,2522,100,5,0.0,0.0
2025-08-23,Bengaluru,D2C,13431.44,145297,5051,300,67.9,27854.65
2025-08-23,Bengaluru,B2B,426.71,2133,85,4,0.0,0.0
2025-08-23,Chennai,D2C,4201.46,33956,933,129,55.7,22684.99
2025-08-23,Chennai,B2B,522.16,2610,104,5,0.0,0.0
2025-08-23,Panaji,D2C,4971.15,51714,2092,312,43.44,20088.16
2025-08-23,Panaji,B2B,633.02,3165,126,6,0.0,0.0
2025-08-24,Mumbai,D2C,13325.21,112956,4458,475,89.66,36149.61
2025-08-24,Mumbai,B2B,495.19,2475,99,4,0.0,0.0
2025-08-24,Pune,D2C,5799.91,60897,2642,339,57.85,28104.23
2025-08-24,Pune,B2B,494.22,2471,98,4,0.0,0.0
2025-08-24,Bengaluru,D2C,5891.52,53735,1160,150,54.38,22999.59
2025-08-24,Bengaluru,B2B,475.09,2375,95,4,0.0,0.0
2025-08-24,Chennai,D2C,5311.49,54252,2087,203,50.71,24927.51
2025-08-24,Chennai,B2B,479.19,2395,95,4,0.0,0.0
2025-08-24,Panaji,D2C,4780.4,47768,1611,164,39.41,17785.04
2025-08-24,Panaji,B2B,399.19,1995,79,3,0.0,0.0
2025-08-25,Mumbai,D2C,4298.82,47504,1559,175,56.64,26501.39
2025-08-25,Mumbai,B2B,442.78,2213,88,4,0.0,0.0
2025-08-25,Pune,D2C,2661.57,28106,979,132,48.36,20168.14
2025-08-25,Pune,B2B,438.46,2192,87,4,0.0,0.0
2025-08-25,Bengaluru,D2C,5342.57,43137,2012,146,70.51,33261.86
2025-08-25,Bengaluru,B2B,404.44,2022,80,4,0.0,0.0
2025-08-25,Chennai,D2C,4281.31,43177,1086,87,43.23,17983.24
2025-08-25,Chennai,B2B,563.23,2816,112,5,0.0,0.0
2025-08-25,Panaji,D2C,5613.47,45546,1770,261,49.87,20539.46
2025-08-25,Panaji,B2B,437.32,2186,87,4,0.0,0.0
2025-08-26,Mumbai,D2C,5864.85,61522,1811,188,41.79,19550.98
2025-08-26,Mumbai,B2B,514.98,2574,102,5,0.0,0.0
2025-08-26,Pune,D2C,6810.3,59760,1664,168,54.9,26685.97
2025-08-26,Pune,B2B,539.93,2699,107,5,0.0,0.0
2025-08-26,Bengaluru,D2C,6420.62,71219,2135,284,51.06,23214.63
2025-08-26,Bengaluru,B2B,487.56,2437,97,4,0.0,0.0
2025-08-26,Chennai,D2C,4872.96,44182,2165,142,62.38,31093.01
2025-08-26,Chennai,B2B,351.55,1757,70,3,0.0,0.0
2025-08-26,Panaji,D2C,16981.26,175782,6159,845,70.63,33065.3
2025-08-26,Panaji,B2B,485.26,2426,97,4,0.0,0.0
2025-08-27,Mumbai,D2C,6149.41,69441,1476,143,54.81,23624.98
2025-08-27,Mumbai,B2B,622.44,3112,124,6,0.0,0.0
2025-08-27,Pune,D2C,2832.91,33759,764,108,39.39,18214.25
2025-08-27,Pune,B2B,408.94,2044,81,4,0.0,0.0
2025-08-27,Bengaluru,D2C,4550.87,43861,1370,195,61.69,25348.39
2025-08-27,Bengaluru,B2B,606.28,3031,121,6,0.0,0.0
2025-08-27,Chennai,D2C,4827.5,50574,1229,125,34.99,15104.18
2025-08-27,Chennai,B2B,406.28,2031,81,4,0.0,0.0
2025-08-27,Panaji,D2C,4817.6,55385,1704,92,64.05,31457.19
2025-08-27,Panaji,B2B,702.49,3512,140,7,0.0,0.0
2025-08-28,Mumbai,D2C,4797.48,43342,1808,254,42.79,21004.5
2025-08-28,Mumbai,B2B,517.45,2587,103,5,0.0,0.0
2025-08-28,Pune,D2C,5100.29,50551,1349,162,42.52,19359.42
2025-08-28,Pune,B2B,478.6,2393,95,4,0.0,0.0
2025-08-28,Bengaluru,D2C,4505.8,44902,2073,251,53.03,21683.03
2025-08-28,Bengaluru,B2B,351.8,1759,70,3,0.0,0.0
2025-08-28,Chennai,D2C,4120.04,37081,1205,102,59.66,24617.44
2025-08-28,Chennai,B2B,551.17,2755,110,5,0.0,0.0
2025-08-28,Panaji,D2C,3891.18,45216,1493,147,60.12,27178.25
2025-08-28,Panaji,B2B,520.34,2601,104,5,0.0,0.0
2025-08-29,Mumbai,D2C,7680.51,64727,2888,270,46.99,22490.04
2025-08-29,Mumbai,B2B,457.56,2287,91,4,0.0,0.0
2025-08-29,Pune,D2C,4191.81,48291,2251,328,60.46,24197.56
2025-08-29,Pune,B2B,475.12,2375,95,4,0.0,0.0
2025-08-29,Bengaluru,D2C,6161.21,64114,2448,211,74.74,33659.06
2025-08-29,Bengaluru,B2B,456.34,2281,91,4,0.0,0.0
2025-08-29,Chennai,D2C,5099.47,44434,1572,206,63.44,30380.35
2025-08-29,Chennai,B2B,499.3,2496,99,4,0.0,0.0
2025-08-29,Panaji,D2C,3987.29,46148,1191,75,62.37,30366.07
2025-08-29,Panaji,B2B,585.71,2928,117,5,0.0,0.0
2025-08-30,Mumbai,D2C,7097.7,58235,2467,248,69.41,31251.9
2025-08-30,Mumbai,B2B,559.73,2798,111,5,0.0,0.0
2025-08-30,Pune,D2C,3703.27,31979,827,121,35.09,14979.19
2025-08-30,Pune,B2B,496.76,2483,99,4,0.0,0.0
2025-08-30,Bengaluru,D2C,6730.17,75208,3275,241,52.86,26101.99
2025-08-30,Bengaluru,B2B,642.26,3211,128,6,0.0,0.0
2025-08-30,Chennai,D2C,5541.19,53600,1971,135,53.9,24800.64
2025-08-30,Chennai,B2B,589.11,2945,117,5,0.0,0.0
2025-08-30,Panaji,D2C,6099.47,56691,2560,154,71.76,29801.17
2025-08-30,Panaji,B2B,432.44,2162,86,4,0.0,0.0
2025-08-31,Mumbai,D2C,5229.09,60822,1879,147,54.26,24178.38
2025-08-31,Mumbai,B2B,432.61,2163,86,4,0.0,0.0
2025-08-31,Pune,D2C,6304.07,71941,3538,271,68.13,29936.91
2025-08-31,Pune,B2B,395.29,1976,79,3,0.0,0.0
2025-08-31,Bengaluru,D2C,4727.34,51601,2506,334,65.42,31494.77
2025-08-31,Bengaluru,B2B,701.03,3505,140,7,0.0,0.0
2025-08-31,Chennai,D2C,3364.32,27186,971,97,44.23,22002.32
2025-08-31,Chennai,B2B,473.09,2365,94,4,0.0,0.0
2025-08-31,Panaji,D2C,3903.8,43699,1560,167,57.89,27820.8
2025-08-31,Panaji,B2B,310.99,1554,62,3,0.0,0.0
2025-09-01,Mumbai,D2C,5403.98,49600,1066,105,49.82,21181.15
2025-09-01,Mumbai,B2B,430.54,2152,86,4,0.0,0.0
2025-09-01,Pune,D2C,6035.73,49479,2249,114,75.25,34821.5
2025-09-01,Pune,B2B,574.82,2874,114,5,0.0,0.0
2025-09-01,Bengaluru,D2C,11604.2,103763,2503,278,62.83,28454.18
2025-09-01,Bengaluru,B2B,420.46,2102,84,4,0.0,0.0
2025-09-01,Chennai,D2C,10051.16,81907,1702,210,66.07,31688.6
2025-09-01,Chennai,B2B,573.61,2868,114,5,0.0,0.0
2025-09-01,Panaji,D2C,3479.54,37760,1065,66,45.89,19858.25
2025-09-01,Panaji,B2B,279.16,1395,55,2,0.0,0.0
2025-09-02,Mumbai,D2C,7000.11,73368,2665,330,71.36,32358.25
2025-09-02,Mumbai,B2B,421.72,2108,84,4,0.0,0.0
2025-09-02,Pune,D2C,5782.7,55809,2395,259,40.72,19921.59
2025-09-02,Pune,B2B,537.48,2687,107,5,0.0,0.0
2025-09-02,Bengaluru,D2C,5128.45,47810,1085,115,52.96,21737.48
2025-09-02,Bengaluru,B2B,440.87,2204,88,4,0.0,0.0
2025-09-02,Chennai,D2C,6448.41,74940,2419,351,74.9,32180.31
2025-09-02,Chennai,B2B,568.47,2842,113,5,0.0,0.0
2025-09-02,Panaji,D2C,4774.6,49192,1844,230,52.17,21413.04
2025-09-02,Panaji,B2B,381.14,1905,76,3,0.0,0.0
2025-09-03,Mumbai,D2C,4571.14,38724,1887,111,41.62,16839.96
2025-09-03,Mumbai,B2B,580.77,2903,116,5,0.0,0.0
2025-09-03,Pune,D2C,5787.93,67800,2556,288,70.2,30162.82
2025-09-03,Pune,B2B,546.14,2730,109,5,0.0,0.0
2025-09-03,Bengaluru,D2C,5723.58,68144,3206,201,68.99,30421.86
2025-09-03,Bengaluru,B2B,474.02,2370,94,4,0.0,0.0
2025-09-03,Chennai,D2C,4985.31,50446,1495,85,66.92,32140.87
2025-09-03,Chennai,B2B,526.02,2630,105,5,0.0,0.0
2025-09-03,Panaji,D2C,5376.35,51809,1430,194,62.33,28346.97
2025-09-03,Panaji,B2B,450.98,2254,90,4,0.0,0.0
2025-09-04,Mumbai,D2C,4211.98,36959,970,112,62.02,27312.11
2025-09-04,Mumbai,B2B,521.11,2605,104,5,0.0,0.0
2025-09-04,Pune,D2C,5589.2,61443,2830,293,65.49,27111.61
2025-09-04,Pune,B2B,384.24,1921,76,3,0.0,0.0
2025-09-04,Bengaluru,D2C,3834.8,44929,2077,131,36.31,15823.88
2025-09-04,Bengaluru,B2B,339.94,1699,67,3,0.0,0.0
2025-09-04,Chennai,D2C,5827.1,69046,2734,365,58.21,24498.15
2025-09-04,Chennai,B2B,349.2,1745,69,3,0.0,0.0
2025-09-04,Panaji,D2C,7653.72,67961,2110,182,85.71,38089.65
2025-09-04,Panaji,B2B,618.94,3094,123,6,0.0,0.0
2025-09-05,Mumbai,D2C,5811.33,59783,2799,272,74.14,31246.07
2025-09-05,Mumbai,B2B,582.52,2912,116,5,0.0,0.0
2025-09-05,Pune,D2C,5443.29,61932,2296,202,71.36,31629.61
2025-09-05,Pune,B2B,518.21,2591,103,5,0.0,0.0
2025-09-05,Bengaluru,D2C,2694.35,26625,570,78,37.49,17202.66
2025-09-05,Bengaluru,B2B,666.1,3330,133,6,0.0,0.0
2025-09-05,Chennai,D2C,5817.04,67684,1790,126,45.06,18085.6
2025-09-05,Chennai,B2B,398.28,1991,79,3,0.0,0.0
2025-09-05,Panaji,D2C,5447.93,47684,1361,132,72.13,30634.12
2025-09-05,Panaji,B2B,532.46,2662,106,5,0.0,0.0
2025-09-06,Mumbai,D2C,4565.97,44854,992,128,42.01,19849.64
2025-09-06,Mumbai,B2B,666.04,3330,133,6,0.0,0.0
2025-09-06,Pune,D2C,5214.43,61902,2125,260,49.49,20708.52
2025-09-06,Pune,B2B,482.8,2414,96,4,0.0,0.0
2025-09-06,Bengaluru,D2C,3771.22,31621,1191,134,47.23,22018.08
2025-09-06,Bengaluru,B2B,479.07,2395,95,4,0.0,0.0
2025-09-06,Chennai,D2C,5143.1,60486,2592,381,37.2,15942.57
2025-09-06,Chennai,B2B,400.17,2000,80,4,0.0,0.0
2025-09-06,Panaji,D2C,5778.63,57994,2704,322,53.01,23177.56
2025-09-06,Panaji,B2B,387.77,1938,77,3,0.0,0.0
2025-09-07,Mumbai,D2C,3704.02,35027,1596,200,49.01,21388.28
2025-09-07,Mumbai,B2B,482.24,2411,96,4,0.0,0.0
2025-09-07,Pune,D2C,5649.61,50275,1299,86,66.79,28245.05
2025-09-07,Pune,B2B,431.77,2158,86,4,0.0,0.0
2025-09-07,Bengaluru,D2C,2399.42,27614,1271,120,24.87,11007.82
2025-09-07,Bengaluru,B2B,642.99,3214,128,6,0.0,0.0
2025-09-07,Chennai,D2C,6138.72,52893,2083,142,68.58,29756.05
2025-09-07,Chennai,B2B,709.34,3546,141,7,0.0,0.0
2025-09-07,Panaji,D2C,4899.88,53017,1421,184,57.08,26184.24
2025-09-07,Panaji,B2B,504.65,2523,100,5,0.0,0.0
2025-09-08,Mumbai,D2C,4737.09,46849,1918,179,41.37,17434.79
2025-09-08,Mumbai,B2B,280.59,1402,56,2,0.0,0.0
2025-09-08,Pune,D2C,5779.19,68403,2399,339,64.87,30636.77
2025-09-08,Pune,B2B,565.93,2829,113,5,0.0,0.0
2025-09-08,Bengaluru,D2C,6149.03,69344,1658,111,52.57,23176.7
2025-09-08,Bengaluru,B2B,437.64,2188,87,4,0.0,0.0
2025-09-08,Chennai,D2C,6223.72,58533,2640,149,76.62,38203.32
2025-09-08,Chennai,B2B,429.78,2148,85,4,0.0,0.0
2025-09-08,Panaji,D2C,4743.35,52677,1995,228,60.52,24922.65
2025-09-08,Panaji,B2B,449.41,2247,89,4,0.0,0.0
2025-09-09,Mumbai,D2C,5519.35,63797,2616,183,53.11,23867.65
2025-09-09,Mumbai,B2B,584.16,2920,116,5,0.0,0.0
2025-09-09,Pune,D2C,5390.28,43674,2085,281,55.95,23662.78
2025-09-09,Pune,B2B,426.59,2132,85,4,0.0,0.0
2025-09-09,Bengaluru,D2C,4683.29,46958,2300,247,64.67,30076.45
2025-09-09,Bengaluru,B2B,412.28,2061,82,4,0.0,0.0
2025-09-09,Chennai,D2C,6165.35,70744,2033,127,72.84,33414.47
2025-09-09,Chennai,B2B,491.87,2459,98,4,0.0,0.0
2025-09-09,Panaji,D2C,5001.46,52532,2301,179,55.05,25921.17
2025-09-09,Panaji,B2B,432.63,2163,86,4,0.0,0.0
2025-09-10,Mumbai,D2C,5249.89,61938,1869,113,54.58,22299.38
2025-09-10,Mumbai,B2B,470.91,2354,94,4,0.0,0.0
2025-09-10,Pune,D2C,5161.84,42654,1649,178,46.01,22593.47
2025-09-10,Pune,B2B,663.44,3317,132,6,0.0,0.0
2025-09-10,Bengaluru,D2C,4526.98,38030,1824,159,36.36,15951.73
2025-09-10,Bengaluru,B2B,315.69,1578,63,3,0.0,0.0
2025-09-10,Chennai,D2C,5341.34,43916,1253,165,39.46,19160.6
2025-09-10,Chennai,B2B,750.53,3752,150,7,0.0,0.0
2025-09-10,Panaji,D2C,6272.76,51842,1372,86,51.97,23462.04
2025-09-10,Panaji,B2B,342.1,1710,68,3,0.0,0.0
2025-09-11,Mumbai,D2C,6352.74,66291,2144,208,56.37,27296.03
2025-09-11,Mumbai,B2B,541.42,2707,108,5,0.0,0.0
2025-09-11,Pune,D2C,3866.83,44221,986,59,46.49,21427.25
2025-09-11,Pune,B2B,557.63,2788,111,5,0.0,0.0
2025-09-11,Bengaluru,D2C,5951.12,55341,1148,143,46.86,22652.0
2025-09-11,Bengaluru,B2B,401.25,2006,80,4,0.0,0.0
2025-09-11,Chennai,D2C,6706.22,76816,2392,169,72.68,32221.71
2025-09-11,Chennai,B2B,323.55,1617,64,3,0.0,0.0
2025-09-11,Panaji,D2C,5049.2,46675,1381,115,59.69,24224.67
2025-09-11,Panaji,B2B,480.7,2403,96,4,0.0,0.0
2025-09-12,Mumbai,D2C,4279.86,49217,2252,203,55.69,25376.43
2025-09-12,Mumbai,B2B,570.7,2853,114,5,0.0,0.0
2025-09-12,Pune,D2C,4557.77,45311,1387,192,39.35,16330.37
2025-09-12,Pune,B2B,584.4,2921,116,5,0.0,0.0
2025-09-12,Bengaluru,D2C,6840.04,65410,3165,236,68.99,32702.52
2025-09-12,Bengaluru,B2B,589.85,2949,117,5,0.0,0.0
2025-09-12,Chennai,D2C,5706.37,56103,2080,248,60.14,29339.24
2025-09-12,Chennai,B2B,491.63,2458,98,4,0.0,0.0
2025-09-12,Panaji,D2C,3630.01,29588,629,86,50.56,23564.24
2025-09-12,Panaji,B2B,402.03,2010,80,4,0.0,0.0
2025-09-13,Mumbai,D2C,6054.13,69511,2139,305,66.08,28133.46
2025-09-13,Mumbai,B2B,534.61,2673,106,5,0.0,0.0
2025-09-13,Pune,D2C,6275.12,65041,1915,105,77.18,35823.98
2025-09-13,Pune,B2B,747.4,3736,149,7,0.0,0.0
2025-09-13,Bengaluru,D2C,5362.97,53901,2170,316,45.9,22378.36
2025-09-13,Bengaluru,B2B,577.71,2888,115,5,0.0,0.0
2025-09-13,Chennai,D2C,5223.53,50101,2434,292,37.65,18476.8
2025-09-13,Chennai,B2B,555.62,2778,111,5,0.0,0.0
2025-09-13,Panaji,D2C,2077.29,17859,608,80,23.14,9888.16
2025-09-13,Panaji,B2B,385.61,1928,77,3,0.0,0.0
2025-09-14,Mumbai,D2C,5848.3,61021,1686,240,67.88,31052.55
2025-09-14,Mumbai,B2B,564.83,2824,112,5,0.0,0.0
2025-09-14,Pune,D2C,5472.75,51846,2145,115,51.28,22596.57
2025-09-14,Pune,B2B,521.8,2608,104,5,0.0,0.0
2025-09-14,Bengaluru,D2C,5371.46,64204,1951,214,70.99,29580.55
2025-09-14,Bengaluru,B2B,411.92,2059,82,4,0.0,0.0
2025-09-14,Chennai,D2C,5961.81,68232,3029,161,42.12,17056.06
2025-09-14,Chennai,B2B,582.1,2910,116,5,0.0,0.0
2025-09-14,Panaji,D2C,5118.02,46423,2198,190,37.4,16082.63
2025-09-14,Panaji,B2B,290.04,1450,58,2,0.0,0.0
2025-09-15,Mumbai,D2C,2573.68,21941,978,146,33.72,14776.94
2025-09-15,Mumbai,B2B,582.24,2911,116,5,0.0,0.0
2025-09-15,Pune,D2C,6472.14,75204,2767,262,66.24,32805.93
2025-09-15,Pune,B2B,579.55,2897,115,5,0.0,0.0
2025-09-15,Bengaluru,D2C,4640.87,50124,2244,276,67.76,28951.03
2025-09-15,Bengaluru,B2B,295.54,1477,59,2,0.0,0.0
2025-09-15,Chennai,D2C,5334.16,58337,1348,173,55.96,24018.42
2025-09-15,Chennai,B2B,547.0,2734,109,5,0.0,0.0
2025-09-15,Panaji,D2C,6251.25,50770,1675,179,74.19,36560.84
2025-09-15,Panaji,B2B,637.63,3188,127,6,0.0,0.0
2025-09-16,Mumbai,D2C,6628.63,72811,1903,165,66.53,26731.39
2025-09-16,Mumbai,B2B,518.48,2592,103,5,0.0,0.0
2025-09-16,Pune,D2C,5775.98,56557,2575,328,48.95,21165.68
2025-09-16,Pune,B2B,551.45,2757,110,5,0.0,0.0
2025-09-16,Bengaluru,D2C,5655.87,52258,2456,291,74.68,35599.14
2025-09-16,Bengaluru,B2B,685.64,3428,137,6,0.0,0.0
2025-09-16,Chennai,D2C,4635.71,53077,2421,126,54.79,23932.41
2025-09-16,Chennai,B2B,702.51,3512,140,7,0.0,0.0
2025-09-16,Panaji,D2C,6191.93,72892,1850,215,65.79,27974.34
2025-09-16,Panaji,B2B,469.72,2348,93,4,0.0,0.0
2025-09-17,Mumbai,D2C,5937.61,55317,1992,111,46.57,20890.7
2025-09-17,Mumbai,B2B,450.92,2254,90,4,0.0,0.0
2025-09-17,Pune,D2C,5192.11,61067,2237,246,71.23,33064.32
2025-09-17,Pune,B2B,509.44,2547,101,5,0.0,0.0
2025-09-17,Bengaluru,D2C,6763.62,56561,2263,177,67.44,31074.51
2025-09-17,Bengaluru,B2B,586.31,2931,117,5,0.0,0.0
2025-09-17,Chennai,D2C,4598.51,39146,1094,146,45.0,20194.73
2025-09-17,Chennai,B2B,452.55,2262,90,4,0.0,0.0
2025-09-17,Panaji,D2C,6509.45,75552,3586,457,49.55,19943.56
2025-09-17,Panaji,B2B,343.5,1717,68,3,0.0,0.0
2025-09-18,Mumbai,D2C,3988.22,42452,905,120,39.43,17476.51
2025-09-18,Mumbai,B2B,467.19,2335,93,4,0.0,0.0
2025-09-18,Pune,D2C,4221.33,34878,1117,141,62.22,27459.09
2025-09-18,Pune,B2B,685.27,3426,137,6,0.0,0.0
2025-09-18,Bengaluru,D2C,6711.81,60864,2020,261,65.94,27104.21
2025-09-18,Bengaluru,B2B,435.44,2177,87,4,0.0,0.0
2025-09-18,Chennai,D2C,3842.43,38871,1799,173,39.65,16777.74
2025-09-18,Chennai,B2B,547.2,2736,109,5,0.0,0.0
2025-09-18,Panaji,D2C,4922.84,43068,1860,181,47.4,20671.65
2025-09-18,Panaji,B2B,508.78,2543,101,5,0.0,0.0
2025-09-19,Mumbai,D2C,5175.71,59976,2822,233,70.23,28267.51
2025-09-19,Mumbai,B2B,615.09,3075,123,6,0.0,0.0
2025-09-19,Pune,D2C,5826.89,52979,1540,171,54.9,25948.31
2025-09-19,Pune,B2B,474.27,2371,94,4,0.0,0.0
2025-09-19,Bengaluru,D2C,5309.53,62284,1739,113,39.71,18121.68
2025-09-19,Bengaluru,B2B,570.17,2850,114,5,0.0,0.0
2025-09-19,Chennai,D2C,3932.36,44305,1898,144,39.05,19389.32
2025-09-19,Chennai,B2B,402.22,2011,80,4,0.0,0.0
2025-09-19,Panaji,D2C,4262.24,44117,1303,137,56.5,22837.31
2025-09-19,Panaji,B2B,304.96,1524,60,3,0.0,0.0
2025-09-20,Mumbai,D2C,4976.44,53035,1401,130,42.24,19214.71
2025-09-20,Mumbai,B2B,472.54,2362,94,4,0.0,0.0
2025-09-20,Pune,D2C,5437.42,45851,1616,155,71.95,35579.91
2025-09-20,Pune,B2B,424.95,2124,84,4,0.0,0.0
2025-09-20,Bengaluru,D2C,5494.04,51779,2506,276,58.52,24765.87
2025-09-20,Bengaluru,B2B,635.29,3176,127,6,0.0,0.0
2025-09-20,Chennai,D2C,4428.22,50250,1046,139,37.94,18539.66
2025-09-20,Chennai,B2B,314.49,1572,62,3,0.0,0.0
2025-09-20,Panaji,D2C,4249.32,39308,996,135,45.75,20121.39
2025-09-20,Panaji,B2B,551.44,2757,110,5,0.0,0.0
2025-09-21,Mumbai,D2C,4601.52,43495,2111,305,38.83,16221.26
2025-09-21,Mumbai,B2B,387.51,1937,77,3,0.0,0.0
2025-09-21,Pune,D2C,14101.04,128255,4864,631,67.29,27661.36
2025-09-21,Pune,B2B,601.34,3006,120,6,0.0,0.0
2025-09-21,Bengaluru,D2C,5136.59,56896,1869,235,49.16,20863.36
2025-09-21,Bengaluru,B2B,522.96,2614,104,5,0.0,0.0
2025-09-21,Chennai,D2C,4437.2,41700,1987,284,41.36,19846.1
2025-09-21,Chennai,B2B,660.45,3302,132,6,0.0,0.0
2025-09-21,Panaji,D2C,5808.41,63760,2168,157,45.7,20225.55
2025-09-21,Panaji,B2B,487.04,2435,97,4,0.0,0.0
2025-09-22,Mumbai,D2C,5585.91,50995,1756,95,67.92,33891.47
2025-09-22,Mumbai,B2B,642.47,3212,128,6,0.0,0.0
2025-09-22,Pune,D2C,4870.23,51673,1982,255,43.75,20842.04
2025-09-22,Pune,B2B,497.53,2487,99,4,0.0,0.0
2025-09-22,Bengaluru,D2C,3885.23,33370,1120,154,44.29,21435.68
2025-09-22,Bengaluru,B2B,618.27,3091,123,6,0.0,0.0
2025-09-22,Chennai,D2C,3722.58,37314,1192,73,43.22,17601.99
2025-09-22,Chennai,B2B,537.42,2687,107,5,0.0,0.0
2025-09-22,Panaji,D2C,4817.2,56371,1762,221,53.1,24980.67
2025-09-22,Panaji,B2B,412.77,2063,82,4,0.0,0.0
2025-09-23,Mumbai,D2C,6271.33,52684,2118,107,58.42,24492.47
2025-09-23,Mumbai,B2B,511.55,2557,102,5,0.0,0.0
2025-09-23,Pune,D2C,5172.09,58289,2053,204,69.42,33943.89
2025-09-23,Pune,B2B,504.57,2522,100,5,0.0,0.0
2025-09-23,Bengaluru,D2C,4309.39,38334,1277,125,60.12,29434.86
2025-09-23,Bengaluru,B2B,596.87,2984,119,5,0.0,0.0
2025-09-23,Chennai,D2C,4717.19,41025,1585,83,48.06,23962.68
2025-09-23,Chennai,B2B,494.99,2474,98,4,0.0,0.0
2025-09-23,Panaji,D2C,4829.22,56117,2585,190,37.57,17382.9
2025-09-23,Panaji,B2B,410.63,2053,82,4,0.0,0.0
2025-09-24,Mumbai,D2C,18751.98,160021,6495,462,127.19,51620.01
2025-09-24,Mumbai,B2B,381.08,1905,76,3,0.0,0.0
2025-09-24,Pune,D2C,6751.14,70478,2944,239,75.14,34588.21
2025-09-24,Pune,B2B,442.26,2211,88,4,0.0,0.0
2025-09-24,Bengaluru,D2C,6086.31,52720,1691,142,54.65,26017.36
2025-09-24,Bengaluru,B2B,291.05,1455,58,2,0.0,0.0
2025-09-24,Chennai,D2C,5710.3,55177,2406,251,58.45,23692.49
2025-09-24,Chennai,B2B,497.18,2485,99,4,0.0,0.0
2025-09-24,Panaji,D2C,3480.21,32134,1495,175,39.55,17970.84
2025-09-24,Panaji,B2B,432.78,2163,86,4,0.0,0.0
2025-09-25,Mumbai,D2C,4543.07,37108,1408,190,46.56,22069.9
2025-09-25,Mumbai,B2B,403.27,2016,80,4,0.0,0.0
2025-09-25,Pune,D2C,3582.92,38829,1772,210,30.46,12844.27
2025-09-25,Pune,B2B,645.52,3227,129,6,0.0,0.0
2025-09-25,Bengaluru,D2C,5119.19,43217,1951,205,60.46,30055.8
2025-09-25,Bengaluru,B2B,427.1,2135,85,4,0.0,0.0
2025-09-25,Chennai,D2C,4724.09,54917,1932,211,58.7,28369.36
2025-09-25,Chennai,B2B,403.62,2018,80,4,0.0,0.0
2025-09-25,Panaji,D2C,5186.57,50841,1663,167,70.04,31855.26
2025-09-25,Panaji,B2B,477.23,2386,95,4,0.0,0.0
2025-09-26,Mumbai,D2C,5833.28,60827,2247,305,69.56,28676.68
2025-09-26,Mumbai,B2B,559.82,2799,111,5,0.0,0.0
2025-09-26,Pune,D2C,4724.5,54232,1787,233,43.42,17385.07
2025-09-26,Pune,B2B,611.76,3058,122,6,0.0,0.0
2025-09-26,Bengaluru,D2C,4054.23,36910,1229,72,40.96,19586.23
2025-09-26,Bengaluru,B2B,498.93,2494,99,4,0.0,0.0
2025-09-26,Chennai,D2C,5411.14,58003,2571,156,46.0,22515.96
2025-09-26,Chennai,B2B,402.66,2013,80,4,0.0,0.0
2025-09-26,Panaji,D2C,5889.55,56874,1213,155,64.42,28811.62
2025-09-26,Panaji,B2B,637.11,3185,127,6,0.0,0.0
2025-09-27,Mumbai,D2C,4710.08,54124,2376,241,38.8,16354.98
2025-09-27,Mumbai,B2B,570.74,2853,114,5,0.0,0.0
2025-09-27,Pune,D2C,3846.53,45388,2004,175,55.47,24136.38
2025-09-27,Pune,B2B,656.76,3283,131,6,0.0,0.0
2025-09-27,Bengaluru,D2C,5806.64,51249,2516,132,68.04,29402.38
2025-09-27,Bengaluru,B2B,477.16,2385,95,4,0.0,0.0
2025-09-27,Chennai,D2C,5160.23,42627,916,56,38.48,18318.95
2025-09-27,Chennai,B2B,388.49,1942,77,3,0.0,0.0
2025-09-27,Panaji,D2C,2861.01,33518,1586,192,50.4,21772.9
2025-09-27,Panaji,B2B,480.35,2401,96,4,0.0,0.0
2025-09-28,Mumbai,D2C,6457.48,64102,2052,304,73.17,32451.35
2025-09-28,Mumbai,B2B,347.61,1738,69,3,0.0,0.0
2025-09-28,Pune,D2C,4061.01,38212,1226,63,57.82,25206.92
2025-09-28,Pune,B2B,592.62,2963,118,5,0.0,0.0
2025-09-28,Bengaluru,D2C,4257.92,49216,1883,273,65.21,28509.74
2025-09-28,Bengaluru,B2B,514.01,2570,102,5,0.0,0.0
2025-09-28,Chennai,D2C,5772.23,60715,2662,341,51.49,23551.13
2025-09-28,Chennai,B2B,456.64,2283,91,4,0.0,0.0
2025-09-28,Panaji,D2C,16527.14,154476,3759,275,122.48,49445.03
2025-09-28,Panaji,B2B,590.13,2950,118,5,0.0,0.0
2025-09-29,Mumbai,D2C,4298.62,43572,1156,76,40.54,18255.34
2025-09-29,Mumbai,B2B,396.8,1983,79,3,0.0,0.0
2025-09-29,Pune,D2C,4304.45,40097,1588,123,51.53,24589.44
2025-09-29,Pune,B2B,494.3,2471,98,4,0.0,0.0
2025-09-29,Bengaluru,D2C,4862.55,47930,2291,321,38.0,15701.2
2025-09-29,Bengaluru,B2B,524.63,2623,104,5,0.0,0.0
2025-09-29,Chennai,D2C,4020.75,34552,1350,195,63.31,27697.82
2025-09-29,Chennai,B2B,498.88,2494,99,4,0.0,0.0
2025-09-29,Panaji,D2C,6058.47,65178,2102,148,54.59,22251.69
2025-09-29,Panaji,B2B,529.42,2647,105,5,0.0,0.0
2025-09-30,Mumbai,D2C,3933.96,33377,1533,152,49.3,22528.92
2025-09-30,Mumbai,B2B,584.25,2921,116,5,0.0,0.0
2025-09-30,Pune,D2C,3718.2,31635,731,88,36.86,15872.9
2025-09-30,Pune,B2B,462.69,2313,92,4,0.0,0.0
2025-09-30,Bengaluru,D2C,2345.84,24616,968,117,31.3,13530.25
2025-09-30,Bengaluru,B2B,370.18,1850,74,3,0.0,0.0
2025-09-30,Chennai,D2C,3188.98,35895,895,45,29.44,12496.02
2025-09-30,Chennai,B2B,441.68,2208,88,4,0.0,0.0
2025-09-30,Panaji,D2C,5087.11,55688,1473,132,53.77,25866.64
2025-09-30,Panaji,B2B,399.22,1996,79,3,0.0,0.0
2025-10-01,Mumbai,D2C,6941.21,71224,1955,182,68.07,28977.12
2025-10-01,Mumbai,B2B,509.24,2546,101,5,0.0,0.0
2025-10-01,Pune,D2C,4717.42,56359,1644,103,53.08,25784.72
2025-10-01,Pune,B2B,457.73,2288,91,4,0.0,0.0
2025-10-01,Bengaluru,D2C,3819.99,41482,1735,202,57.81,28155.87
2025-10-01,Bengaluru,B2B,603.04,3015,120,6,0.0,0.0
2025-10-01,Chennai,D2C,3343.4,37689,760,113,34.2,15287.67
2025-10-01,Chennai,B2B,686.43,3432,137,6,0.0,0.0
2025-10-01,Panaji,D2C,4668.6,39824,1268,85,46.59,20374.39
2025-10-01,Panaji,B2B,544.84,2724,108,5,0.0,0.0
2025-10-02,Mumbai,D2C,5340.09,43365,1004,147,70.92,29741.32
2025-10-02,Mumbai,B2B,442.02,2210,88,4,0.0,0.0
2025-10-02,Pune,D2C,4514.21,46400,1236,155,43.99,21653.95
2025-10-02,Pune,B2B,436.66,2183,87,4,0.0,0.0
2025-10-02,Bengaluru,D2C,4216.55,47527,1364,114,62.86,26177.73
2025-10-02,Bengaluru,B2B,692.91,3464,138,6,0.0,0.0
2025-10-02,Chennai,D2C,4942.45,54795,2607,269,38.67,17743.85
2025-10-02,Chennai,B2B,442.65,2213,88,4,0.0,0.0
2025-10-02,Panaji,D2C,4801.73,38649,1461,202,57.88,28837.98
2025-10-02,Panaji,B2B,513.57,2567,102,5,0.0,0.0
2025-10-03,Mumbai,D2C,4428.55,40528,1891,261,58.48,26688.88
2025-10-03,Mumbai,B2B,596.62,2983,119,5,0.0,0.0
2025-10-03,Pune,D2C,5087.28,56819,2428,342,36.19,17404.85
2025-10-03,Pune,B2B,396.27,1981,79,3,0.0,0.0
2025-10-03,Bengaluru,D2C,5045.63,60283,1925,160,57.69,27840.65
2025-10-03,Bengaluru,B2B,483.02,2415,96,4,0.0,0.0
2025-10-03,Chennai,D2C,6909.3,68833,1824,122,41.57,19612.61
2025-10-03,Chennai,B2B,396.23,1981,79,3,0.0,0.0
2025-10-03,Panaji,D2C,4706.66,48203,1539,180,36.21,14933.24
2025-10-03,Panaji,B2B,455.47,2277,91,4,0.0,0.0
2025-10-04,Mumbai,D2C,2882.83,23835,1117,133,30.11,12240.24
2025-10-04,Mumbai,B2B,498.98,2494,99,4,0.0,0.0
2025-10-04,Pune,D2C,6686.65,74354,2553,237,41.34,20364.84
2025-10-04,Pune,B2B,430.99,2154,86,4,0.0,0.0
2025-10-04,Bengaluru,D2C,3713.02,43292,2150,295,60.87,25836.15
2025-10-04,Bengaluru,B2B,544.79,2723,108,5,0.0,0.0
2025-10-04,Chennai,D2C,5337.83,44804,2212,176,68.34,27365.84
2025-10-04,Chennai,B2B,535.79,2678,107,5,0.0,0.0
2025-10-04,Panaji,D2C,4971.42,53489,1977,114,40.99,17985.5
2025-10-04,Panaji,B2B,459.89,2299,91,4,0.0,0.0
2025-10-05,Mumbai,D2C,5531.93,46322,1599,94,41.98,17799.34
2025-10-05,Mumbai,B2B,442.77,2213,88,4,0.0,0.0
2025-10-05,Pune,D2C,4493.67,45820,1908,284,37.93,15357.88
2025-10-05,Pune,B2B,599.56,2997,119,5,0.0,0.0
2025-10-05,Bengaluru,D2C,5882.99,63029,3064,309,73.4,36461.45
2025-10-05,Bengaluru,B2B,551.66,2758,110,5,0.0,0.0
2025-10-05,Chennai,D2C,4535.53,46228,1552,213,37.04,15771.33
2025-10-05,Chennai,B2B,584.76,2923,116,5,0.0,0.0
2025-10-05,Panaji,D2C,4630.64,44216,1710,112,63.31,28155.58
2025-10-05,Panaji,B2B,522.96,2614,104,5,0.0,0.0
2025-10-06,Mumbai,D2C,4935.09,42280,850,87,38.89,17078.98
2025-10-06,Mumbai,B2B,584.25,2921,116,5,0.0,0.0
2025-10-06,Pune,D2C,3414.44,37896,1834,110,33.76,16746.2
2025-10-06,Pune,B2B,563.1,2815,112,5,0.0,0.0
2025-10-06,Bengaluru,D2C,5378.88,57108,1279,94,65.04,29455.3
2025-10-06,Bengaluru,B2B,483.36,2416,96,4,0.0,0.0
2025-10-06,Chennai,D2C,4876.28,47767,2358,344,46.41,22674.14
2025-10-06,Chennai,B2B,574.31,2871,114,5,0.0,0.0
2025-10-06,Panaji,D2C,4594.7,38093,1718,115,36.29,15969.35
2025-10-06,Panaji,B2B,548.7,2743,109,5,0.0,0.0
2025-10-07,Mumbai,D2C,6105.31,59575,1299,162,61.15,27198.21
2025-10-07,Mumbai,B2B,523.96,2619,104,5,0.0,0.0
2025-10-07,Pune,D2C,5024.69,55412,2012,277,54.71,23186.3
2025-10-07,Pune,B2B,303.68,1518,60,3,0.0,0.0
2025-10-07,Bengaluru,D2C,5187.71,54439,1672,224,52.34,24737.02
2025-10-07,Bengaluru,B2B,615.18,3075,123,6,0.0,0.0
2025-10-07,Chennai,D2C,4788.71,53795,1334,103,46.01,21397.24
2025-10-07,Chennai,B2B,417.81,2089,83,4,0.0,0.0
2025-10-07,Panaji,D2C,5804.58,65262,2160,134,59.6,29513.58
2025-10-07,Panaji,B2B,582.87,2914,116,5,0.0,0.0
2025-10-08,Mumbai,D2C,5366.73,62910,2066,171,72.42,35223.16
2025-10-08,Mumbai,B2B,636.53,3182,127,6,0.0,0.0
2025-10-08,Pune,D2C,4595.32,39503,1925,174,63.56,26628.88
2025-10-08,Pune,B2B,302.29,1511,60,3,0.0,0.0
2025-10-08,Bengaluru,D2C,4582.21,47305,1833,101,40.99,16700.2
2025-10-08,Bengaluru,B2B,504.2,2521,100,5,0.0,0.0
2025-10-08,Chennai,D2C,5869.13,61324,2236,172,47.67,19721.78
2025-10-08,Chennai,B2B,356.04,1780,71,3,0.0,0.0
2025-10-08,Panaji,D2C,5350.5,46596,2152,267,60.69,26745.32
2025-10-08,Panaji,B2B,605.04,3025,121,6,0.0,0.0
2025-10-09,Mumbai,D2C,4356.69,48079,1390,128,39.14,16090.47
2025-10-09,Mumbai,B2B,596.47,2982,119,5,0.0,0.0
2025-10-09,Pune,D2C,4041.98,48432,1079,104,57.28,27433.25
2025-10-09,Pune,B2B,591.79,2958,118,5,0.0,0.0
2025-10-09,Bengaluru,D2C,4283.65,44463,2188,181,62.93,26868.99
2025-10-09,Bengaluru,B2B,623.34,3116,124,6,0.0,0.0
2025-10-09,Chennai,D2C,7280.26,66226,1550,95,57.49,27383.88
2025-10-09,Chennai,B2B,426.62,2133,85,4,0.0,0.0
2025-10-09,Panaji,D2C,4149.87,43181,2108,246,37.85,16934.19
2025-10-09,Panaji,B2B,523.1,2615,104,5,0.0,0.0
2025-10-10,Mumbai,D2C,14401.19,122663,3379,314,89.25,36931.94
2025-10-10,Mumbai,B2B,506.28,2531,101,5,0.0,0.0
2025-10-10,Pune,D2C,5932.75,47786,1067,95,44.44,19451.49
2025-10-10,Pune,B2B,668.23,3341,133,6,0.0,0.0
2025-10-10,Bengaluru,D2C,5787.75,54261,2084,283,66.69,30366.54
2025-10-10,Bengaluru,B2B,713.76,3568,142,7,0.0,0.0
2025-10-10,Chennai,D2C,3633.51,29638,1471,171,50.67,20459.87
2025-10-10,Chennai,B2B,360.56,1802,72,3,0.0,0.0
2025-10-10,Panaji,D2C,4645.05,42324,1976,207,48.17,19616.25
2025-10-10,Panaji,B2B,746.08,3730,149,7,0.0,0.0
2025-10-11,Mumbai,D2C,5999.28,60239,1988,217,47.77,23602.59
2025-10-11,Mumbai,B2B,605.48,3027,121,6,0.0,0.0
2025-10-11,Pune,D2C,3308.04,37125,922,73,48.3,20843.35
2025-10-11,Pune,B2B,579.57,2897,115,5,0.0,0.0
2025-10-11,Bengaluru,D2C,4618.71,38212,778,108,53.73,23384.43
2025-10-11,Bengaluru,B2B,530.18,2650,106,5,0.0,0.0
2025-10-11,Chennai,D2C,5587.78,66865,3309,375,53.93,24219.97
2025-10-11,Chennai,B2B,365.53,1827,73,3,0.0,0.0
2025-10-11,Panaji,D2C,4339.67,36023,799,55,48.92,23407.79
2025-10-11,Panaji,B2B,530.24,2651,106,5,0.0,0.0
2025-10-12,Mumbai,D2C,2903.2,29616,833,92,53.27,21899.65
2025-10-12,Mumbai,B2B,481.51,2407,96,4,0.0,0.0
2025-10-12,Pune,D2C,4862.26,53909,2530,210,69.45,28495.13
2025-10-12,Pune,B2B,352.62,1763,70,3,0.0,0.0
2025-10-12,Bengaluru,D2C,4838.32,51631,2238,285,53.39,25613.0
2025-10-12,Bengaluru,B2B,477.99,2389,95,4,0.0,0.0
2025-10-12,Chennai,D2C,3339.28,33840,1512,224,40.77,19420.14
2025-10-12,Chennai,B2B,585.79,2928,117,5,0.0,0.0
2025-10-12,Panaji,D2C,5187.18,42314,1307,145,40.31,19846.51
2025-10-12,Panaji,B2B,472.94,2364,94,4,0.0,0.0
2025-10-13,Mumbai,D2C,3997.45,43825,1667,195,43.92,19708.35
2025-10-13,Mumbai,B2B,621.95,3109,124,6,0.0,0.0
2025-10-13,Pune,D2C,3331.98,36838,1059,61,29.19,12924.45
2025-10-13,Pune,B2B,434.18,2170,86,4,0.0,0.0
2025-10-13,Bengaluru,D2C,5163.63,46605,2178,215,57.46,23532.53
2025-10-13,Bengaluru,B2B,497.0,2484,99,4,0.0,0.0
2025-10-13,Chennai,D2C,5562.84,52168,2022,285,47.51,21403.78
2025-10-13,Chennai,B2B,485.17,2425,97,4,0.0,0.0
2025-10-13,Panaji,D2C,5774.66,54309,1597,189,46.19,20412.3
2025-10-13,Panaji,B2B,648.64,3243,129,6,0.0,0.0
2025-10-14,Mumbai,D2C,4934.86,42248,1589,111,62.88,30077.57
2025-10-14,Mumbai,B2B,544.83,2724,108,5,0.0,0.0
2025-10-14,Pune,D2C,5454.5,62888,3062,258,40.83,17099.31
2025-10-14,Pune,B2B,377.15,1885,75,3,0.0,0.0
2025-10-14,Bengaluru,D2C,6461.03,68738,2042,171,66.79,29836.38
2025-10-14,Bengaluru,B2B,500.25,2501,100,5,0.0,0.0
2025-10-14,Chennai,D2C,4597.92,37964,980,113,62.89,26744.84
2025-10-14,Chennai,B2B,536.46,2682,107,5,0.0,0.0
2025-10-14,Panaji,D2C,5428.33,61039,2637,170,53.93,25748.46
2025-10-14,Panaji,B2B,300.6,1503,60,3,0.0,0.0
2025-10-15,Mumbai,D2C,6179.05,64476,1584,210,53.27,22809.49
2025-10-15,Mumbai,B2B,355.91,1779,71,3,0.0,0.0
2025-10-15,Pune,D2C,3356.8,39096,1662,93,49.67,22488.31
2025-10-15,Pune,B2B,369.31,1846,73,3,0.0,0.0
2025-10-15,Bengaluru,D2C,4704.03,47054,1632,156,41.34,19662.29
2025-10-15,Bengaluru,B2B,563.43,2817,112,5,0.0,0.0
2025-10-15,Chennai,D2C,5566.07,59729,2880,335,69.8,33697.84
2025-10-15,Chennai,B2B,493.99,2469,98,4,0.0,0.0
2025-10-15,Panaji,D2C,6202.43,62905,1692,210,60.17,26543.02
2025-10-15,Panaji,B2B,332.01,1660,66,3,0.0,0.0
2025-10-16,Mumbai,D2C,4731.63,40555,934,57,54.11,25867.58
2025-10-16,Mumbai,B2B,535.66,2678,107,5,0.0,0.0
2025-10-16,Pune,D2C,5169.43,44466,1510,178,65.87,29368.73
2025-10-16,Pune,B2B,495.27,2476,99,4,0.0,0.0
2025-10-16,Bengaluru,D2C,3458.71,41310,886,122,45.94,19533.95
2025-10-16,Bengaluru,B2B,562.01,2810,112,5,0.0,0.0
2025-10-16,Chennai,D2C,4977.59,43434,1187,158,56.95,27980.91
2025-10-16,Chennai,B2B,561.24,2806,112,5,0.0,0.0
2025-10-16,Panaji,D2C,13662.74,137057,6845,817,76.47,37292.19
2025-10-16,Panaji,B2B,468.46,2342,93,4,0.0,0.0
2025-10-17,Mumbai,D2C,4426.97,39423,1342,124,42.88,17889.79
2025-10-17,Mumbai,B2B,591.03,2955,118,5,0.0,0.0
2025-10-17,Pune,D2C,4277.86,37947,914,96,52.5,24704.31
2025-10-17,Pune,B2B,598.31,2991,119,5,0.0,0.0
2025-10-17,Bengaluru,D2C,3831.91,41101,1252,89,42.54,18172.33
2025-10-17,Bengaluru,B2B,601.37,3006,120,6,0.0,0.0
2025-10-17,Chennai,D2C,4599.88,50393,1327,118,36.09,15250.96
2025-10-17,Chennai,B2B,550.42,2752,110,5,0.0,0.0
2025-10-17,Panaji,D2C,5591.72,52247,1255,72,74.49,34677.24
2025-10-17,Panaji,B2B,556.94,2784,111,5,0.0,0.0
2025-10-18,Mumbai,D2C,6556.1,73604,1508,103,67.0,29317.0
2025-10-18,Mumbai,B2B,524.67,2623,104,5,0.0,0.0
2025-10-18,Pune,D2C,4596.5,39671,1407,181,48.56,21699.16
2025-10-18,Pune,B2B,582.2,2911,116,5,0.0,0.0
2025-10-18,Bengaluru,D2C,4961.58,40775,1845,211,49.45,19859.37
2025-10-18,Bengaluru,B2B,525.01,2625,105,5,0.0,0.0
2025-10-18,Chennai,D2C,14464.2,151359,3885,268,99.42,40300.71
2025-10-18,Chennai,B2B,503.36,2516,100,5,0.0,0.0
2025-10-18,Panaji,D2C,4152.69,44213,1840,138,35.1,14314.69
2025-10-18,Panaji,B2B,454.9,2274,90,4,0.0,0.0
2025-10-19,Mumbai,D2C,5627.39,50798,1169,129,63.01,29254.47
2025-10-19,Mumbai,B2B,489.61,2448,97,4,0.0,0.0
2025-10-19,Pune,D2C,4957.2,45396,1810,201,53.9,25239.75
2025-10-19,Pune,B2B,613.88,3069,122,6,0.0,0.0
2025-10-19,Bengaluru,D2C,5862.11,65153,1789,210,72.82,31936.99
2025-10-19,Bengaluru,B2B,531.06,2655,106,5,0.0,0.0
2025-10-19,Chennai,D2C,5723.97,59105,1412,207,68.52,28160.97
2025-10-19,Chennai,B2B,589.89,2949,117,5,0.0,0.0
2025-10-19,Panaji,D2C,5241.74,42665,1546,137,39.86,19139.92
2025-10-19,Panaji,B2B,403.21,2016,80,4,0.0,0.0
2025-10-20,Mumbai,D2C,5164.02,45783,1277,90,63.42,31379.54
2025-10-20,Mumbai,B2B,526.53,2632,105,5,0.0,0.0
2025-10-20,Pune,D2C,5628.33,53754,1761,101,38.69,18167.31
2025-10-20,Pune,B2B,535.72,2678,107,5,0.0,0.0
2025-10-20,Bengaluru,D2C,6746.79,61459,2106,204,57.02,27488.4
2025-10-20,Bengaluru,B2B,294.02,1470,58,2,0.0,0.0
2025-10-20,Chennai,D2C,7196.09,82502,3853,296,43.9,18705.51
2025-10-20,Chennai,B2B,396.52,1982,79,3,0.0,0.0
2025-10-20,Panaji,D2C,5471.53,45560,1096,71,60.3,28555.01
2025-10-20,Panaji,B2B,474.51,2372,94,4,0.0,0.0
2025-10-21,Mumbai,D2C,4367.53,41207,1954,210,57.44,25789.54
2025-10-21,Mumbai,B2B,400.82,2004,80,4,0.0,0.0
2025-10-21,Pune,D2C,6775.41,73768,3269,298,71.88,31654.59
2025-10-21,Pune,B2B,530.77,2653,106,5,0.0,0.0
2025-10-21,Bengaluru,D2C,6112.56,57345,1854,123,47.07,22091.32
2025-10-21,Bengaluru,B2B,575.16,2875,115,5,0.0,0.0
2025-10-21,Chennai,D2C,4809.92,43964,1479,116,42.78,20258.92
2025-10-21,Chennai,B2B,575.21,2876,115,5,0.0,0.0
2025-10-21,Panaji,D2C,5017.87,45486,1732,202,58.62,26060.88
2025-10-21,Panaji,B2B,477.58,2387,95,4,0.0,0.0
2025-10-22,Mumbai,D2C,6001.4,55723,1286,73,42.39,19424.99
2025-10-22,Mumbai,B2B,454.26,2271,90,4,0.0,0.0
2025-10-22,Pune,D2C,4851.89,44527,1910,237,43.39,20518.06
2025-10-22,Pune,B2B,459.28,2296,91,4,0.0,0.0
2025-10-22,Bengaluru,D2C,4396.31,44337,2112,240,38.89,18208.96
2025-10-22,Bengaluru,B2B,645.87,3229,129,6,0.0,0.0
2025-10-22,Chennai,D2C,6886.72,69278,3077,376,67.01,27816.31
2025-10-22,Chennai,B2B,349.94,1749,69,3,0.0,0.0
2025-10-22,Panaji,D2C,4963.4,54687,2277,145,66.12,27644.42
2025-10-22,Panaji,B2B,387.0,1934,77,3,0.0,0.0
2025-10-23,Mumbai,D2C,4795.5,41399,1036,120,53.68,22128.72
2025-10-23,Mumbai,B2B,641.31,3206,128,6,0.0,0.0
2025-10-23,Pune,D2C,5867.35,60088,1354,190,73.04,34316.51
2025-10-23,Pune,B2B,599.79,2998,119,5,0.0,0.0
2025-10-23,Bengaluru,D2C,5261.86,46678,1391,156,42.53,18112.63
2025-10-23,Bengaluru,B2B,623.42,3117,124,6,0.0,0.0
2025-10-23,Chennai,D2C,3435.8,40173,1705,198,46.39,20817.85
2025-10-23,Chennai,B2B,481.29,2406,96,4,0.0,0.0
2025-10-23,Panaji,D2C,4654.58,40506,1262,66,38.79,16187.0
2025-10-23,Panaji,B2B,478.75,2393,95,4,0.0,0.0
2025-10-24,Mumbai,D2C,5158.29,48968,2264,161,47.6,19755.67
2025-10-24,Mumbai,B2B,454.98,2274,90,4,0.0,0.0
2025-10-24,Pune,D2C,3767.44,41617,1513,170,59.39,25533.14
2025-10-24,Pune,B2B,685.44,3427,137,6,0.0,0.0
2025-10-24,Bengaluru,D2C,6360.79,55428,1734,167,56.6,23649.62
2025-10-24,Bengaluru,B2B,411.97,2059,82,4,0.0,0.0
2025-10-24,Chennai,D2C,5048.19,54117,2539,161,44.42,20178.63
2025-10-24,Chennai,B2B,507.8,2538,101,5,0.0,0.0
2025-10-24,Panaji,D2C,4968.86,45568,1149,148,68.92,30418.28
2025-10-24,Panaji,B2B,533.42,2667,106,5,0.0,0.0
2025-10-25,Mumbai,D2C,7036.87,72021,1565,187,44.16,21271.6
2025-10-25,Mumbai,B2B,477.82,2389,95,4,0.0,0.0
2025-10-25,Pune,D2C,4467.54,44341,1680,132,53.22,22873.09
2025-10-25,Pune,B2B,565.81,2829,113,5,0.0,0.0
2025-10-25,Bengaluru,D2C,5124.77,49750,1760,113,55.52,23009.98
2025-10-25,Bengaluru,B2B,482.97,2414,96,4,0.0,0.0
2025-10-25,Chennai,D2C,5646.48,62440,1292,113,41.73,18163.97
2025-10-25,Chennai,B2B,516.59,2582,103,5,0.0,0.0
2025-10-25,Panaji,D2C,4568.18,42038,1668,236,47.33,19843.17
2025-10-25,Panaji,B2B,388.73,1943,77,3,0.0,0.0
2025-10-26,Mumbai,D2C,5692.46,55900,1368,129,48.23,23840.93
2025-10-26,Mumbai,B2B,455.15,2275,91,4,0.0,0.0
2025-10-26,Pune,D2C,3458.52,39798,1425,118,35.52,17049.54
2025-10-26,Pune,B2B,509.34,2546,101,5,0.0,0.0
2025-10-26,Bengaluru,D2C,4420.94,41278,2014,205,46.57,21054.61
2025-10-26,Bengaluru,B2B,725.79,3628,145,7,0.0,0.0
2025-10-26,Chennai,D2C,4339.27,44866,1792,217,61.99,27095.25
2025-10-26,Chennai,B2B,615.29,3076,123,6,0.0,0.0
2025-10-26,Panaji,D2C,6999.76,71299,1865,234,75.46,34354.5
2025-10-26,Panaji,B2B,394.56,1972,78,3,0.0,0.0
2025-10-27,Mumbai,D2C,3984.23,37285,1093,158,56.29,26231.57
2025-10-27,Mumbai,B2B,496.99,2484,99,4,0.0,0.0
2025-10-27,Pune,D2C,3727.17,35408,821,81,57.2,27957.41
2025-10-27,Pune,B2B,506.75,2533,101,5,0.0,0.0
2025-10-27,Bengaluru,D2C,6454.75,71939,3359,353,79.04,39490.45
2025-10-27,Bengaluru,B2B,688.08,3440,137,6,0.0,0.0
2025-10-27,Chennai,D2C,2556.85,21027,740,101,30.68,13579.97
2025-10-27,Chennai,B2B,499.61,2498,99,4,0.0,0.0
2025-10-27,Panaji,D2C,4890.72,47743,1698,192,62.96,28032.47
2025-10-27,Panaji,B2B,567.23,2836,113,5,0.0,0.0
2025-10-28,Mumbai,D2C,5141.48,54663,2270,240,37.88,15796.27
2025-10-28,Mumbai,B2B,633.2,3166,126,6,0.0,0.0
2025-10-28,Pune,D2C,4001.35,32304,1378,105,41.43,18760.72
2025-10-28,Pune,B2B,401.36,2006,80,4,0.0,0.0
2025-10-28,Bengaluru,D2C,5340.95,52221,2375,265,47.22,20876.1
2025-10-28,Bengaluru,B2B,474.81,2374,94,4,0.0,0.0
2025-10-28,Chennai,D2C,4696.89,37640,783,103,41.1,16690.53
2025-10-28,Chennai,B2B,575.63,2878,115,5,0.0,0.0
2025-10-28,Panaji,D2C,4578.97,48067,1303,130,65.17,31380.18
2025-10-28,Panaji,B2B,350.25,1751,70,3,0.0,0.0
2025-10-29,Mumbai,D2C,14046.51,121834,5097,348,89.57,36662.99
2025-10-29,Mumbai,B2B,515.15,2575,103,5,0.0,0.0
2025-10-29,Pune,D2C,4771.68,56207,1134,109,35.39,17371.99
2025-10-29,Pune,B2B,561.59,2807,112,5,0.0,0.0
2025-10-29,Bengaluru,D2C,4197.13,40015,1929,230,60.5,26415.81
2025-10-29,Bengaluru,B2B,503.48,2517,100,5,0.0,0.0
2025-10-29,Chennai,D2C,5263.97,57680,1466,213,59.45,28814.69
2025-10-29,Chennai,B2B,371.61,1858,74,3,0.0,0.0
2025-10-29,Panaji,D2C,2662.27,27497,1265,183,43.22,19661.34
2025-10-29,Panaji,B2B,609.26,3046,121,6,0.0,0.0
2025-10-30,Mumbai,D2C,4453.78,41062,1264,116,36.67,14822.25
2025-10-30,Mumbai,B2B,447.96,2239,89,4,0.0,0.0
2025-10-30,Pune,D2C,5426.66,57184,2563,237,60.45,29942.97
2025-10-30,Pune,B2B,698.78,3493,139,6,0.0,0.0
2025-10-30,Bengaluru,D2C,4743.27,41305,1520,225,52.28,25763.77
2025-10-30,Bengaluru,B2B,617.83,3089,123,6,0.0,0.0
2025-10-30,Chennai,D2C,4465.47,40628,852,112,42.62,20445.19
2025-10-30,Chennai,B2B,509.25,2546,101,5,0.0,0.0
2025-10-30,Panaji,D2C,4105.49,38782,1475,163,49.99,24570.02
2025-10-30,Panaji,B2B,438.02,2190,87,4,0.0,0.0
2025-10-31,Mumbai,D2C,4073.08,35534,1290,187,51.87,24984.16
2025-10-31,Mumbai,B2B,667.96,3339,133,6,0.0,0.0
2025-10-31,Pune,D2C,5988.64,54446,1366,134,65.85,27836.23
2025-10-31,Pune,B2B,544.73,2723,108,5,0.0,0.0
2025-10-31,Bengaluru,D2C,3740.63,32466,752,105,61.09,25438.09
2025-10-31,Bengaluru,B2B,459.58,2297,91,4,0.0,0.0
2025-10-31,Chennai,D2C,4844.73,42727,1240,86,61.75,29099.18
2025-10-31,Chennai,B2B,459.38,2296,91,4,0.0,0.0
2025-10-31,Panaji,D2C,3689.03,43818,1104,79,46.33,18955.34
2025-10-31,Panaji,B2B,656.87,3284,131,6,0.0,0.0
2025-11-01,Mumbai,D2C,6981.55,65093,2361,344,50.38,23453.27
2025-11-01,Mumbai,B2B,346.03,1730,69,3,0.0,0.0
2025-11-01,Pune,D2C,12165.39,105669,3903,469,66.31,30957.46
2025-11-01,Pune,B2B,512.4,2561,102,5,0.0,0.0
2025-11-01,Bengaluru,D2C,5422.41,57559,2869,412,36.98,18064.47
2025-11-01,Bengaluru,B2B,381.79,1908,76,3,0.0,0.0
2025-11-01,Chennai,D2C,4203.52,35515,1484,214,52.22,24624.32
2025-11-01,Chennai,B2B,352.69,1763,70,3,0.0,0.0
2025-11-01,Panaji,D2C,12627.7,101116,3086,228,59.69,24946.74
2025-11-01,Panaji,B2B,587.34,2936,117,5,0.0,0.0
2025-11-02,Mumbai,D2C,5118.46,52074,1196,97,37.61,16530.24
2025-11-02,Mumbai,B2B,386.81,1934,77,3,0.0,0.0
2025-11-02,Pune,D2C,5261.73,53293,1760,156,66.8,28183.74
2025-11-02,Pune,B2B,367.76,1838,73,3,0.0,0.0
2025-11-02,Bengaluru,D2C,5890.38,54127,1846,109,40.14,16502.72
2025-11-02,Bengaluru,B2B,580.99,2904,116,5,0.0,0.0
2025-11-02,Chennai,D2C,5018.28,44876,2156,313,69.38,33565.05
2025-11-02,Chennai,B2B,363.08,1815,72,3,0.0,0.0
2025-11-02,Panaji,D2C,4371.67,44742,2035,304,49.86,21664.59
2025-11-02,Panaji,B2B,479.98,2399,95,4,0.0,0.0
2025-11-03,Mumbai,D2C,7917.03,79315,3766,424,81.87,33963.99
2025-11-03,Mumbai,B2B,547.88,2739,109,5,0.0,0.0
2025-11-03,Pune,D2C,5426.63,47532,2271,120,53.87,23236.39
2025-11-03,Pune,B2B,586.56,2932,117,5,0.0,0.0
2025-11-03,Bengaluru,D2C,5953.04,57789,2858,366,73.19,32487.42
2025-11-03,Bengaluru,B2B,546.32,2731,109,5,0.0,0.0
2025-11-03,Chennai,D2C,4521.1,38147,1072,58,48.15,23246.52
2025-11-03,Chennai,B2B,355.51,1777,71,3,0.0,0.0
2025-11-03,Panaji,D2C,6054.89,56578,1419,153,57.72,27297.17
2025-11-03,Panaji,B2B,594.4,2972,118,5,0.0,0.0
2025-11-04,Mumbai,D2C,3056.56,27037,756,44,37.23,15028.66
2025-11-04,Mumbai,B2B,429.37,2146,85,4,0.0,0.0
2025-11-04,Pune,D2C,5587.39,59633,2475,267,73.21,29439.04
2025-11-04,Pune,B2B,425.36,2126,85,4,0.0,0.0
2025-11-04,Bengaluru,D2C,4822.64,41907,1594,193,45.73,20760.19
2025-11-04,Bengaluru,B2B,519.35,2596,103,5,0.0,0.0
2025-11-04,Chennai,D2C,4283.53,47488,1041,116,40.43,18423.86
2025-11-04,Chennai,B2B,673.9,3369,134,6,0.0,0.0
2025-11-04,Panaji,D2C,3394.55,34386,805,84,29.17,12612.76
2025-11-04,Panaji,B2B,426.47,2132,85,4,0.0,0.0
2025-11-05,Mumbai,D2C,4140.17,41679,1100,114,59.05,27255.08
2025-11-05,Mumbai,B2B,629.96,3149,125,6,0.0,0.0
2025-11-05,Pune,D2C,5661.73,66398,2349,189,54.91,22989.61
2025-11-05,Pune,B2B,715.77,3578,143,7,0.0,0.0
2025-11-05,Bengaluru,D2C,5001.54,43966,1511,209,55.39,25930.47
2025-11-05,Bengaluru,B2B,727.98,3639,145,7,0.0,0.0
2025-11-05,Chennai,D2C,5828.5,61994,1333,132,49.47,21402.09
2025-11-05,Chennai,B2B,313.24,1566,62,3,0.0,0.0
2025-11-05,Panaji,D2C,5103.24,49331,2087,283,46.79,20554.47
2025-11-05,Panaji,B2B,303.01,1515,60,3,0.0,0.0
2025-11-06,Mumbai,D2C,18125.38,167364,6758,720,96.68,43894.13
2025-11-06,Mumbai,B2B,455.1,2275,91,4,0.0,0.0
2025-11-06,Pune,D2C,4691.46,54443,1514,207,56.31,22638.75
2025-11-06,Pune,B2B,365.33,1826,73,3,0.0,0.0
2025-11-06,Bengaluru,D2C,3960.63,37327,1163,95,51.01,21242.67
2025-11-06,Bengaluru,B2B,413.17,2065,82,4,0.0,0.0
2025-11-06,Chennai,D2C,5354.86,61103,1675,86,59.24,26410.58
2025-11-06,Chennai,B2B,539.3,2696,107,5,0.0,0.0
2025-11-06,Panaji,D2C,5905.65,62232,2671,155,44.6,21109.83
2025-11-06,Panaji,B2B,515.23,2576,103,5,0.0,0.0
2025-11-07,Mumbai,D2C,3365.88,35104,897,101,34.05,13837.21
2025-11-07,Mumbai,B2B,292.44,1462,58,2,0.0,0.0
2025-11-07,Pune,D2C,3861.75,31742,803,84,46.02,18618.6
2025-11-07,Pune,B2B,428.18,2140,85,4,0.0,0.0
2025-11-07,Bengaluru,D2C,3789.74,34358,1042,119,57.95,24248.6
2025-11-07,Bengaluru,B2B,642.82,3214,128,6,0.0,0.0
2025-11-07,Chennai,D2C,4193.23,48289,2059,295,39.5,19106.0
2025-11-07,Chennai,B2B,492.25,2461,98,4,0.0,0.0
2025-11-07,Panaji,D2C,5764.33,54103,2338,178,50.44,20718.42
2025-11-07,Panaji,B2B,539.27,2696,107,5,0.0,0.0
2025-11-08,Mumbai,D2C,4837.36,46270,2257,188,61.85,30030.71
2025-11-08,Mumbai,B2B,533.86,2669,106,5,0.0,0.0
2025-11-08,Pune,D2C,2992.64,34868,1487,108,51.65,22661.84
2025-11-08,Pune,B2B,393.9,1969,78,3,0.0,0.0
2025-11-08,Bengaluru,D2C,6210.02,69167,2620,365,46.18,20413.74
2025-11-08,Bengaluru,B2B,527.83,2639,105,5,0.0,0.0
2025-11-08,Chennai,D2C,4514.56,47994,1796,184,61.93,26227.38
2025-11-08,Chennai,B2B,389.05,1945,77,3,0.0,0.0
2025-11-08,Panaji,D2C,3818.65,34376,1031,100,31.72,12981.57
2025-11-08,Panaji,B2B,480.27,2401,96,4,0.0,0.0
2025-11-09,Mumbai,D2C,4314.98,46509,941,105,35.92,17174.35
2025-11-09,Mumbai,B2B,679.31,3396,135,6,0.0,0.0
2025-11-09,Pune,D2C,5015.58,44885,1486,201,41.34,17633.25
2025-11-09,Pune,B2B,524.54,2622,104,5,0.0,0.0
2025-11-09,Bengaluru,D2C,6759.22,79156,1807,157,70.25,29687.71
2025-11-09,Bengaluru,B2B,454.77,2273,90,4,0.0,0.0
2025-11-09,Chennai,D2C,4007.08,33996,1628,171,56.86,24633.6
2025-11-09,Chennai,B2B,546.25,2731,109,5,0.0,0.0
2025-11-09,Panaji,D2C,4858.81,53399,2238,122,54.01,24126.21
2025-11-09,Panaji,B2B,759.17,3795,151,7,0.0,0.0
2025-11-10,Mumbai,D2C,4873.63,47008,1283,80,64.83,29553.3
2025-11-10,Mumbai,B2B,522.28,2611,104,5,0.0,0.0
2025-11-10,Pune,D2C,5190.73,52898,1190,168,50.59,22225.97
2025-11-10,Pune,B2B,520.81,2604,104,5,0.0,0.0
2025-11-10,Bengaluru,D2C,4626.73,43951,1933,257,44.36,19822.44
2025-11-10,Bengaluru,B2B,312.83,1564,62,3,0.0,0.0
2025-11-10,Chennai,D2C,4762.86,49201,1800,244,38.01,16523.77
2025-11-10,Chennai,B2B,532.86,2664,106,5,0.0,0.0
2025-11-10,Panaji,D2C,6355.66,71257,2279,157,70.12,28683.47
2025-11-10,Panaji,B2B,516.66,2583,103,5,0.0,0.0
2025-11-11,Mumbai,D2C,4262.57,44349,1626,147,46.65,19717.91
2025-11-11,Mumbai,B2B,502.5,2512,100,5,0.0,0.0
2025-11-11,Pune,D2C,5608.48,48125,1005,144,57.17,25942.36
2025-11-11,Pune,B2B,494.08,2470,98,4,0.0,0.0
2025-11-11,Bengaluru,D2C,4306.27,51135,2053,134,37.18,15632.48
2025-11-11,Bengaluru,B2B,605.09,3025,121,6,0.0,0.0
2025-11-11,Chennai,D2C,12698.79,149549,3752,191,69.71,29520.48
2025-11-11,Chennai,B2B,599.98,2999,119,5,0.0,0.0
2025-11-11,Panaji,D2C,5777.94,56783,1835,193,47.26,19150.29
2025-11-11,Panaji,B2B,485.57,2427,97,4,0.0,0.0
2025-11-12,Mumbai,D2C,4871.23,39328,961,84,58.76,24845.04
2025-11-12,Mumbai,B2B,358.97,1794,71,3,0.0,0.0
2025-11-12,Pune,D2C,6534.81,60801,1459,144,70.6,29015.98
2025-11-12,Pune,B2B,293.95,1469,58,2,0.0,0.0
2025-11-12,Bengaluru,D2C,14078.42,139824,4047,544,95.05,42334.56
2025-11-12,Bengaluru,B2B,495.2,2476,99,4,0.0,0.0
2025-11-12,Chennai,D2C,14766.62,170867,8534,581,68.07,28206.71
2025-11-12,Chennai,B2B,239.99,1199,47,2,0.0,0.0
2025-11-12,Panaji,D2C,6254.74,68847,2305,256,66.76,30127.32
2025-11-12,Panaji,B2B,625.15,3125,125,6,0.0,0.0
2025-11-13,Mumbai,D2C,7181.57,75950,2915,355,69.61,31461.47
2025-11-13,Mumbai,B2B,463.39,2316,92,4,0.0,0.0
2025-11-13,Pune,D2C,4471.39,35796,1317,143,65.93,28756.94
2025-11-13,Pune,B2B,690.23,3451,138,6,0.0,0.0
2025-11-13,Bengaluru,D2C,3725.19,41316,1135,125,51.51,23029.59
2025-11-13,Bengaluru,B2B,454.74,2273,90,4,0.0,0.0
2025-11-13,Chennai,D2C,4845.64,56132,2573,170,35.71,14604.88
2025-11-13,Chennai,B2B,603.36,3016,120,6,0.0,0.0
2025-11-13,Panaji,D2C,2948.98,28936,852,122,50.22,24324.2
2025-11-13,Panaji,B2B,594.7,2973,118,5,0.0,0.0
2025-11-14,Mumbai,D2C,6476.19,66658,3300,261,72.2,32421.28
2025-11-14,Mumbai,B2B,506.27,2531,101,5,0.0,0.0
2025-11-14,Pune,D2C,5428.82,63992,1839,133,41.6,20574.22
2025-11-14,Pune,B2B,391.9,1959,78,3,0.0,0.0
2025-11-14,Bengaluru,D2C,5999.63,59389,1383,146,48.29,24035.32
2025-11-14,Bengaluru,B2B,587.65,2938,117,5,0.0,0.0
2025-11-14,Chennai,D2C,4609.53,51356,1215,83,41.13,18741.2
2025-11-14,Chennai,B2B,633.1,3165,126,6,0.0,0.0
2025-11-14,Panaji,D2C,4330.24,42688,1811,130,40.14,19857.34
2025-11-14,Panaji,B2B,603.54,3017,120,6,0.0,0.0
2025-11-15,Mumbai,D2C,4482.19,41957,1239,180,59.89,28291.39
2025-11-15,Mumbai,B2B,551.09,2755,110,5,0.0,0.0
2025-11-15,Pune,D2C,4642.03,42191,946,109,56.34,23070.39
2025-11-15,Pune,B2B,534.89,2674,106,5,0.0,0.0
2025-11-15,Bengaluru,D2C,6162.19,51239,1450,108,48.46,20316.25
2025-11-15,Bengaluru,B2B,590.13,2950,118,5,0.0,0.0
2025-11-15,Chennai,D2C,3183.34,27808,943,48,41.8,16953.03
2025-11-15,Chennai,B2B,579.0,2895,115,5,0.0,0.0
2025-11-15,Panaji,D2C,4128.75,45561,1171,125,58.29,27792.4
2025-11-15,Panaji,B2B,497.92,2489,99,4,0.0,0.0
2025-11-16,Mumbai,D2C,5268.27,50691,1878,242,61.59,30768.21
2025-11-16,Mumbai,B2B,521.43,2607,104,5,0.0,0.0
2025-11-16,Pune,D2C,4028.28,43652,984,122,53.74,22843.74
2025-11-16,Pune,B2B,410.48,2052,82,4,0.0,0.0
2025-11-16,Bengaluru,D2C,5706.77,65661,2991,438,59.73,29320.09
2025-11-16,Bengaluru,B2B,364.44,1822,72,3,0.0,0.0
2025-11-16,Chennai,D2C,6426.84,61593,1733,137,45.02,21637.63
2025-11-16,Chennai,B2B,487.33,2436,97,4,0.0,0.0
2025-11-16,Panaji,D2C,5330.69,48168,1669,192,40.93,17092.09
2025-11-16,Panaji,B2B,379.08,1895,75,3,0.0,0.0
2025-11-17,Mumbai,D2C,6552.83,65278,1450,77,59.45,26148.56
2025-11-17,Mumbai,B2B,338.67,1693,67,3,0.0,0.0
2025-11-17,Pune,D2C,5412.16,51862,2008,293,67.37,30071.24
2025-11-17,Pune,B2B,420.22,2101,84,4,0.0,0.0
2025-11-17,Bengaluru,D2C,4403.96,40147,997,92,37.53,17634.54
2025-11-17,Bengaluru,B2B,538.07,2690,107,5,0.0,0.0
2025-11-17,Chennai,D2C,6732.18,57621,2160,320,44.97,19274.49
2025-11-17,Chennai,B2B,256.62,1283,51,2,0.0,0.0
2025-11-17,Panaji,D2C,5068.63,46827,1353,109,67.09,31693.65
2025-11-17,Panaji,B2B,606.22,3031,121,6,0.0,0.0
2025-11-18,Mumbai,D2C,6065.1,63514,2146,275,50.98,23671.68
2025-11-18,Mumbai,B2B,560.51,2802,112,5,0.0,0.0
2025-11-18,Pune,D2C,4758.58,47891,1454,170,67.29,30185.24
2025-11-18,Pune,B2B,594.3,2971,118,5,0.0,0.0
2025-11-18,Bengaluru,D2C,7095.69,63960,3042,355,42.68,17947.11
2025-11-18,Bengaluru,B2B,454.16,2270,90,4,0.0,0.0
2025-11-18,Chennai,D2C,6093.31,55867,2677,281,66.22,30437.6
2025-11-18,Chennai,B2B,575.6,2878,115,5,0.0,0.0
2025-11-18,Panaji,D2C,4645.41,48657,2196,223,46.93,23096.27
2025-11-18,Panaji,B2B,445.44,2227,89,4,0.0,0.0
2025-11-19,Mumbai,D2C,5563.34,57418,2678,260,65.14,31295.83
2025-11-19,Mumbai,B2B,456.52,2282,91,4,0.0,0.0
2025-11-19,Pune,D2C,5287.48,45961,985,73,41.56,18944.58
2025-11-19,Pune,B2B,515.98,2579,103,5,0.0,0.0
2025-11-19,Bengaluru,D2C,3248.24,26898,1329,148,33.72,15780.07
2025-11-19,Bengaluru,B2B,612.88,3064,122,6,0.0,0.0
2025-11-19,Chennai,D2C,4596.5,39543,1121,66,41.05,17398.82
2025-11-19,Chennai,B2B,650.41,3252,130,6,0.0,0.0
2025-11-19,Panaji,D2C,6105.48,73209,3118,458,69.82,34653.02
2025-11-19,Panaji,B2B,252.33,1261,50,2,0.0,0.0
2025-11-20,Mumbai,D2C,4542.99,48093,1467,113,53.16,26226.34
2025-11-20,Mumbai,B2B,522.54,2612,104,5,0.0,0.0
2025-11-20,Pune,D2C,3557.36,39349,1844,237,35.65,16395.6
2025-11-20,Pune,B2B,509.96,2549,101,5,0.0,0.0
2025-11-20,Bengaluru,D2C,4768.08,43074,1229,179,47.61,19091.18
2025-11-20,Bengaluru,B2B,482.02,2410,96,4,0.0,0.0
2025-11-20,Chennai,D2C,4366.01,36281,1371,94,44.97,21865.75
2025-11-20,Chennai,B2B,464.0,2320,92,4,0.0,0.0
2025-11-20,Panaji,D2C,5807.39,55723,2368,135,41.51,19311.52
2025-11-20,Panaji,B2B,485.3,2426,97,4,0.0,0.0
2025-11-21,Mumbai,D2C,6471.31,61823,2342,234,79.7,38506.07
2025-11-21,Mumbai,B2B,493.38,2466,98,4,0.0,0.0
2025-11-21,Pune,D2C,4790.09,43407,1139,164,35.27,17514.55
2025-11-21,Pune,B2B,535.18,2675,107,5,0.0,0.0
2025-11-21,Bengaluru,D2C,5308.72,49916,1322,143,49.11,22873.28
2025-11-21,Bengaluru,B2B,466.1,2330,93,4,0.0,0.0
2025-11-21,Chennai,D2C,4821.63,55702,1523,163,61.4,26331.61
2025-11-21,Chennai,B2B,411.85,2059,82,4,0.0,0.0
2025-11-21,Panaji,D2C,5658.55,45856,1127,126,40.38,16918.24
2025-11-21,Panaji,B2B,250.05,1250,50,2,0.0,0.0
2025-11-22,Mumbai,D2C,4408.18,51333,1056,121,45.96,21474.7
2025-11-22,Mumbai,B2B,477.27,2386,95,4,0.0,0.0
2025-11-22,Pune,D2C,3596.11,35845,1601,145,59.51,28388.4
2025-11-22,Pune,B2B,545.03,2725,109,5,0.0,0.0
2025-11-22,Bengaluru,D2C,5016.27,55288,2565,375,46.91,22508.85
2025-11-22,Bengaluru,B2B,552.91,2764,110,5,0.0,0.0
2025-11-22,Chennai,D2C,5227.54,49084,2353,152,59.01,27104.26
2025-11-22,Chennai,B2B,355.53,1777,71,3,0.0,0.0
2025-11-22,Panaji,D2C,4645.3,40640,1788,263,41.4,17332.49
2025-11-22,Panaji,B2B,422.7,2113,84,4,0.0,0.0
2025-11-23,Mumbai,D2C,6629.59,53563,1940,282,56.64,25035.85
2025-11-23,Mumbai,B2B,470.36,2351,94,4,0.0,0.0
2025-11-23,Pune,D2C,5487.52,59020,2765,331,64.27,27573.09
2025-11-23,Pune,B2B,670.41,3352,134,6,0.0,0.0
2025-11-23,Bengaluru,D2C,6002.5,61532,1690,222,43.02,20775.56
2025-11-23,Bengaluru,B2B,430.38,2151,86,4,0.0,0.0
2025-11-23,Chennai,D2C,3772.87,34446,1023,87,32.66,16282.41
2025-11-23,Chennai,B2B,540.26,2701,108,5,0.0,0.0
2025-11-23,Panaji,D2C,5059.85,53553,1643,192,61.5,28848.09
2025-11-23,Panaji,B2B,482.74,2413,96,4,0.0,0.0
2025-11-24,Mumbai,D2C,5321.46,43184,1401,130,53.51,25177.37
2025-11-24,Mumbai,B2B,420.9,2104,84,4,0.0,0.0
2025-11-24,Pune,D2C,3895.33,41864,1550,131,53.21,24144.48
2025-11-24,Pune,B2B,385.68,1928,77,3,0.0,0.0
2025-11-24,Bengaluru,D2C,6140.79,65338,1873,120,45.32,21025.15
2025-11-24,Bengaluru,B2B,190.19,950,38,1,0.0,0.0
2025-11-24,Chennai,D2C,4757.27,52455,2359,325,55.41,26935.23
2025-11-24,Chennai,B2B,600.0,3000,120,6,0.0,0.0
2025-11-24,Panaji,D2C,5268.71,52610,1798,145,67.88,28309.93
2025-11-24,Panaji,B2B,448.51,2242,89,4,0.0,0.0
2025-11-25,Mumbai,D2C,18636.46,199257,8865,1269,128.07,55319.1
2025-11-25,Mumbai,B2B,434.77,2173,86,4,0.0,0.0
2025-11-25,Pune,D2C,4247.48,35580,1048,144,43.9,20026.38
2025-11-25,Pune,B2B,515.37,2576,103,5,0.0,0.0
2025-11-25,Bengaluru,D2C,3570.39,32792,1272,117,31.7,14232.6
2025-11-25,Bengaluru,B2B,268.18,1340,53,2,0.0,0.0
2025-11-25,Chennai,D2C,5782.81,57093,2663,337,68.89,33160.66
2025-11-25,Chennai,B2B,592.4,2962,118,5,0.0,0.0
2025-11-25,Panaji,D2C,4378.53,51246,1061,58,64.81,27718.33
2025-11-25,Panaji,B2B,711.25,3556,142,7,0.0,0.0
2025-11-26,Mumbai,D2C,4714.81,39235,968,72,51.1,24026.62
2025-11-26,Mumbai,B2B,595.75,2978,119,5,0.0,0.0
2025-11-26,Pune,D2C,4965.89,50092,1812,184,35.54,14223.62
2025-11-26,Pune,B2B,528.36,2641,105,5,0.0,0.0
2025-11-26,Bengaluru,D2C,4055.42,47506,2340,336,40.5,18263.84
2025-11-26,Bengaluru,B2B,565.59,2827,113,5,0.0,0.0
2025-11-26,Chennai,D2C,5463.1,62307,2056,258,40.56,16388.27
2025-11-26,Chennai,B2B,450.92,2254,90,4,0.0,0.0
2025-11-26,Panaji,D2C,4548.11,38154,1742,170,61.61,29678.9
2025-11-26,Panaji,B2B,653.31,3266,130,6,0.0,0.0
2025-11-27,Mumbai,D2C,4755.95,40932,919,85,63.04,28202.1
2025-11-27,Mumbai,B2B,550.22,2751,110,5,0.0,0.0
2025-11-27,Pune,D2C,5536.01,65300,1425,199,48.53,21838.38
2025-11-27,Pune,B2B,576.84,2884,115,5,0.0,0.0
2025-11-27,Bengaluru,D2C,3778.57,33144,865,59,45.77,21957.74
2025-11-27,Bengaluru,B2B,471.1,2355,94,4,0.0,0.0
2025-11-27,Chennai,D2C,5934.67,63841,2555,242,65.07,26481.85
2025-11-27,Chennai,B2B,516.39,2581,103,5,0.0,0.0
2025-11-27,Panaji,D2C,5377.03,59535,1213,87,39.05,18667.89
2025-11-27,Panaji,B2B,548.84,2744,109,5,0.0,0.0
2025-11-28,Mumbai,D2C,17137.01,171454,7054,462,107.99,44102.56
2025-11-28,Mumbai,B2B,558.11,2790,111,5,0.0,0.0
2025-11-28,Pune,D2C,4898.67,42047,1074,75,43.35,18321.54
2025-11-28,Pune,B2B,366.58,1832,73,3,0.0,0.0
2025-11-28,Bengaluru,D2C,6642.67,73759,3066,192,42.74,20849.12
2025-11-28,Bengaluru,B2B,388.01,1940,77,3,0.0,0.0
2025-11-28,Chennai,D2C,5053.04,60371,2813,256,48.75,20946.9
2025-11-28,Chennai,B2B,480.25,2401,96,4,0.0,0.0
2025-11-28,Panaji,D2C,4211.78,43439,2155,188,47.3,20454.7
2025-11-28,Panaji,B2B,394.21,1971,78,3,0.0,0.0
2025-11-29,Mumbai,D2C,4678.34,55893,1193,77,48.68,20380.48
2025-11-29,Mumbai,B2B,471.41,2357,94,4,0.0,0.0
2025-11-29,Pune,D2C,4088.88,37154,1135,67,45.66,22753.73
2025-11-29,Pune,B2B,466.56,2332,93,4,0.0,0.0
2025-11-29,Bengaluru,D2C,5793.4,68409,2989,346,70.66,28797.02
2025-11-29,Bengaluru,B2B,463.92,2319,92,4,0.0,0.0
2025-11-29,Chennai,D2C,5273.76,62485,2711,372,61.96,29498.28
2025-11-29,Chennai,B2B,497.92,2489,99,4,0.0,0.0
2025-11-29,Panaji,D2C,5805.83,66044,2654,213,39.46,19473.83
2025-11-29,Panaji,B2B,504.4,2522,100,5,0.0,0.0
2025-11-30,Mumbai,D2C,3330.71,37697,1699,223,47.47,20725.8
2025-11-30,Mumbai,B2B,571.22,2856,114,5,0.0,0.0
2025-11-30,Pune,D2C,5072.14,59378,1243,158,37.46,15128.15
2025-11-30,Pune,B2B,731.47,3657,146,7,0.0,0.0
2025-11-30,Bengaluru,D2C,4309.96,43609,910,49,52.94,25441.67
2025-11-30,Bengaluru,B2B,488.92,2444,97,4,0.0,0.0
2025-11-30,Chennai,D2C,6769.19,70684,1890,210,66.98,31710.67
2025-11-30,Chennai,B2B,298.38,1491,59,2,0.0,0.0
2025-11-30,Panaji,D2C,5343.01,63070,2279,267,40.18,17602.5
2025-11-30,Panaji,B2B,508.84,2544,101,5,0.0,0.0
2025-12-01,Mumbai,D2C,17272.59,175945,3984,595,124.68,50133.35
2025-12-01,Mumbai,B2B,598.62,2993,119,5,0.0,0.0
2025-12-01,Pune,D2C,6330.06,67231,2031,167,56.67,23490.92
2025-12-01,Pune,B2B,411.26,2056,82,4,0.0,0.0
2025-12-01,Bengaluru,D2C,4531.83,52461,1830,191,65.85,32181.34
2025-12-01,Bengaluru,B2B,602.46,3012,120,6,0.0,0.0
2025-12-01,Chennai,D2C,4896.48,46465,1447,100,38.99,18481.17
2025-12-01,Chennai,B2B,372.26,1861,74,3,0.0,0.0
2025-12-01,Panaji,D2C,12797.52,152824,4617,374,107.81,49430.44
2025-12-01,Panaji,B2B,578.21,2891,115,5,0.0,0.0
2025-12-02,Mumbai,D2C,5305.52,44283,2031,180,55.51,27280.17
2025-12-02,Mumbai,B2B,477.61,2388,95,4,0.0,0.0
2025-12-02,Pune,D2C,4722.38,39165,1259,67,63.06,26545.64
2025-12-02,Pune,B2B,503.53,2517,100,5,0.0,0.0
2025-12-02,Bengaluru,D2C,5818.41,51645,1144,139,53.04,25279.45
2025-12-02,Bengaluru,B2B,462.03,2310,92,4,0.0,0.0
2025-12-02,Chennai,D2C,3007.06,33060,1556,85,41.79,16852.66
2025-12-02,Chennai,B2B,429.2,2146,85,4,0.0,0.0
2025-12-02,Panaji,D2C,6011.06,70508,2744,393,68.12,27951.57
2025-12-02,Panaji,B2B,491.71,2458,98,4,0.0,0.0
2025-12-03,Mumbai,D2C,4457.49,44484,1518,221,47.86,22904.5
2025-12-03,Mumbai,B2B,362.18,1810,72,3,0.0,0.0
2025-12-03,Pune,D2C,4979.97,47804,1473,195,51.24,23178.48
2025-12-03,Pune,B2B,353.04,1765,70,3,0.0,0.0
2025-12-03,Bengaluru,D2C,6548.07,68402,1859,254,53.69,23244.72
2025-12-03,Bengaluru,B2B,493.2,2465,98,4,0.0,0.0
2025-12-03,Chennai,D2C,3774.65,36487,1116,114,49.14,22440.37
2025-12-03,Chennai,B2B,538.02,2690,107,5,0.0,0.0
2025-12-03,Panaji,D2C,3687.58,40722,1853,140,42.72,19219.29
2025-12-03,Panaji,B2B,605.25,3026,121,6,0.0,0.0
2025-12-04,Mumbai,D2C,21219.04,230988,5049,488,133.12,59252.89
2025-12-04,Mumbai,B2B,543.32,2716,108,5,0.0,0.0
2025-12-04,Pune,D2C,5261.62,45962,2217,228,67.18,29171.14
2025-12-04,Pune,B2B,537.54,2687,107,5,0.0,0.0
2025-12-04,Bengaluru,D2C,3855.65,38278,814,78,44.05,21054.77
2025-12-04,Bengaluru,B2B,506.95,2534,101,5,0.0,0.0
2025-12-04,Chennai,D2C,5350.87,58514,2916,384,56.9,25517.99
2025-12-04,Chennai,B2B,376.9,1884,75,3,0.0,0.0
2025-12-04,Panaji,D2C,4646.55,51445,2345,299,55.59,25093.73
2025-12-04,Panaji,B2B,478.81,2394,95,4,0.0,0.0
2025-12-05,Mumbai,D2C,4195.73,44931,1839,190,61.06,25961.67
2025-12-05,Mumbai,B2B,653.76,3268,130,6,0.0,0.0
2025-12-05,Pune,D2C,6305.47,72871,2214,192,74.99,33478.06
2025-12-05,Pune,B2B,444.12,2220,88,4,0.0,0.0
2025-12-05,Bengaluru,D2C,2921.03,31032,732,100,48.08,20149.08
2025-12-05,Bengaluru,B2B,520.05,2600,104,5,0.0,0.0
2025-12-05,Chennai,D2C,5848.54,53179,1716,205,62.66,28399.57
2025-12-05,Chennai,B2B,660.41,3302,132,6,0.0,0.0
2025-12-05,Panaji,D2C,5752.71,64130,1925,265,61.24,29533.47
2025-12-05,Panaji,B2B,578.33,2891,115,5,0.0,0.0
2025-12-06,Mumbai,D2C,3521.93,33403,1367,133,54.48,25487.47
2025-12-06,Mumbai,B2B,524.29,2621,104,5,0.0,0.0
2025-12-06,Pune,D2C,3950.78,44907,1961,162,48.26,19966.17
2025-12-06,Pune,B2B,568.46,2842,113,5,0.0,0.0
2025-12-06,Bengaluru,D2C,3842.12,40706,1290,128,58.13,23883.5
2025-12-06,Bengaluru,B2B,512.58,2562,102,5,0.0,0.0
2025-12-06,Chennai,D2C,13392.94,117085,5028,455,108.35,49025.84
2025-12-06,Chennai,B2B,547.47,2737,109,5,0.0,0.0
2025-12-06,Panaji,D2C,5204.9,48831,2091,304,49.47,23891.55
2025-12-06,Panaji,B2B,472.4,2362,94,4,0.0,0.0
2025-12-07,Mumbai,D2C,5522.3,48435,1408,88,51.39,21600.71
2025-12-07,Mumbai,B2B,447.43,2237,89,4,0.0,0.0
2025-12-07,Pune,D2C,5024.11,58565,2060,215,52.16,22264.92
2025-12-07,Pune,B2B,471.25,2356,94,4,0.0,0.0
2025-12-07,Bengaluru,D2C,4873.75,49721,1452,150,39.59,19530.21
2025-12-07,Bengaluru,B2B,438.64,2193,87,4,0.0,0.0
2025-12-07,Chennai,D2C,6144.16,57867,1593,225,72.6,33251.52
2025-12-07,Chennai,B2B,342.17,1710,68,3,0.0,0.0
2025-12-07,Panaji,D2C,5768.62,68515,1628,107,63.68,28917.7
2025-12-07,Panaji,B2B,503.63,2518,100,5,0.0,0.0
2025-12-08,Mumbai,D2C,5804.24,65144,2138,131,54.61,24343.38
2025-12-08,Mumbai,B2B,470.65,2353,94,4,0.0,0.0
2025-12-08,Pune,D2C,4050.96,36363,943,96,48.92,21719.36
2025-12-08,Pune,B2B,512.26,2561,102,5,0.0,0.0
2025-12-08,Bengaluru,D2C,5095.29,55513,1151,123,67.25,27016.19
2025-12-08,Bengaluru,B2B,655.57,3277,131,6,0.0,0.0
2025-12-08,Chennai,D2C,5718.6,56241,2780,194,40.28,19572.8
2025-12-08,Chennai,B2B,484.01,2420,96,4,0.0,0.0
2025-12-08,Panaji,D2C,4916.89,55773,2351,179,35.65,15971.28
2025-12-08,Panaji,B2B,609.67,3048,121,6,0.0,0.0
2025-12-09,Mumbai,D2C,3544.09,38840,1403,82,57.33,25544.84
2025-12-09,Mumbai,B2B,710.38,3551,142,7,0.0,0.0
2025-12-09,Pune,D2C,6359.72,56237,2536,200,47.32,20850.09
2025-12-09,Pune,B2B,356.58,1782,71,3,0.0,0.0
2025-12-09,Bengaluru,D2C,3240.65,34635,1701,128,42.29,19035.93
2025-12-09,Bengaluru,B2B,548.41,2742,109,5,0.0,0.0
2025-12-09,Chennai,D2C,5503.43,53861,1663,85,56.46,24476.12
2025-12-09,Chennai,B2B,354.25,1771,70,3,0.0,0.0
2025-12-09,Panaji,D2C,4268.82,42819,1745,197,58.93,26233.56
2025-12-09,Panaji,B2B,348.09,1740,69,3,0.0,0.0
2025-12-10,Mumbai,D2C,6375.59,68897,2276,208,70.27,29338.18
2025-12-10,Mumbai,B2B,508.46,2542,101,5,0.0,0.0
2025-12-10,Pune,D2C,3845.18,34304,1282,166,55.39,24176.49
2025-12-10,Pune,B2B,432.42,2162,86,4,0.0,0.0
2025-12-10,Bengaluru,D2C,5025.67,57001,2388,298,42.4,18944.94
2025-12-10,Bengaluru,B2B,513.37,2566,102,5,0.0,0.0
2025-12-10,Chennai,D2C,5012.69,51890,2349,184,55.77,22996.15
2025-12-10,Chennai,B2B,613.73,3068,122,6,0.0,0.0
2025-12-10,Panaji,D2C,18316.24,196041,6359,396,96.08,40299.6
2025-12-10,Panaji,B2B,590.64,2953,118,5,0.0,0.0
2025-12-11,Mumbai,D2C,3193.78,35440,1354,70,54.56,25570.16
2025-12-11,Mumbai,B2B,368.13,1840,73,3,0.0,0.0
2025-12-11,Pune,D2C,5353.32,51816,2419,226,39.34,19459.83
2025-12-11,Pune,B2B,366.32,1831,73,3,0.0,0.0
2025-12-11,Bengaluru,D2C,5234.36,43819,1915,110,38.66,17539.73
2025-12-11,Bengaluru,B2B,553.44,2767,110,5,0.0,0.0
2025-12-11,Chennai,D2C,3930.44,32652,853,103,56.7,25247.53
2025-12-11,Chennai,B2B,477.33,2386,95,4,0.0,0.0
2025-12-11,Panaji,D2C,4480.66,40461,1469,182,53.72,23593.47
2025-12-11,Panaji,B2B,500.73,2503,100,5,0.0,0.0
2025-12-12,Mumbai,D2C,5274.81,57728,2042,252,69.26,34083.65
2025-12-12,Mumbai,B2B,462.64,2313,92,4,0.0,0.0
2025-12-12,Pune,D2C,6005.56,70524,2379,149,55.51,22910.97
2025-12-12,Pune,B2B,806.75,4033,161,8,0.0,0.0
2025-12-12,Bengaluru,D2C,7894.68,65420,3160,402,81.69,35674.77
2025-12-12,Bengaluru,B2B,511.96,2559,102,5,0.0,0.0
2025-12-12,Chennai,D2C,4909.78,41721,1266,80,70.01,28348.03
2025-12-12,Chennai,B2B,660.89,3304,132,6,0.0,0.0
2025-12-12,Panaji,D2C,3266.43,33596,823,105,38.08,17482.22
2025-12-12,Panaji,B2B,287.02,1435,57,2,0.0,0.0
2025-12-13,Mumbai,D2C,5598.25,58407,1848,185,66.17,32274.55
2025-12-13,Mumbai,B2B,533.16,2665,106,5,0.0,0.0
2025-12-13,Pune,D2C,4755.37,46253,1386,126,55.27,27631.66
2025-12-13,Pune,B2B,415.82,2079,83,4,0.0,0.0
2025-12-13,Bengaluru,D2C,3531.74,28852,1060,110,35.81,16815.18
2025-12-13,Bengaluru,B2B,496.47,2482,99,4,0.0,0.0
2025-12-13,Chennai,D2C,4124.91,49341,1540,194,46.65,22361.42
2025-12-13,Chennai,B2B,587.58,2937,117,5,0.0,0.0
2025-12-13,Panaji,D2C,5714.28,67182,2512,185,52.86,25153.93
2025-12-13,Panaji,B2B,614.55,3072,122,6,0.0,0.0
2025-12-14,Mumbai,D2C,3943.42,42320,1165,116,54.84,25023.91
2025-12-14,Mumbai,B2B,549.48,2747,109,5,0.0,0.0
2025-12-14,Pune,D2C,4285.32,42921,1120,63,38.34,19111.3
2025-12-14,Pune,B2B,417.16,2085,83,4,0.0,0.0
2025-12-14,Bengaluru,D2C,6099.88,61279,2524,174,65.93,28169.27
2025-12-14,Bengaluru,B2B,490.58,2452,98,4,0.0,0.0
2025-12-14,Chennai,D2C,4706.05,43374,1718,169,46.86,21770.69
2025-12-14,Chennai,B2B,520.07,2600,104,5,0.0,0.0
2025-12-14,Panaji,D2C,5191.46,49503,1690,231,50.97,23113.68
2025-12-14,Panaji,B2B,573.52,2867,114,5,0.0,0.0
2025-12-15,Mumbai,D2C,6357.59,54505,1818,155,59.63,29040.75
2025-12-15,Mumbai,B2B,588.65,2943,117,5,0.0,0.0
2025-12-15,Pune,D2C,4931.8,48761,2063,132,58.66,24852.24
2025-12-15,Pune,B2B,504.52,2522,100,5,0.0,0.0
2025-12-15,Bengaluru,D2C,4678.63,39152,1064,63,57.86,23313.54
2025-12-15,Bengaluru,B2B,495.9,2479,99,4,0.0,0.0
2025-12-15,Chennai,D2C,3995.27,46874,1254,139,32.49,16022.97
2025-12-15,Chennai,B2B,532.93,2664,106,5,0.0,0.0
2025-12-15,Panaji,D2C,4403.6,36582,1162,135,48.77,21379.71
2025-12-15,Panaji,B2B,503.0,2515,100,5,0.0,0.0
2025-12-16,Mumbai,D2C,4671.84,52464,1262,138,45.89,19392.48
2025-12-16,Mumbai,B2B,451.0,2255,90,4,0.0,0.0
2025-12-16,Pune,D2C,4346.15,45075,1565,125,51.39,23996.94
2025-12-16,Pune,B2B,712.08,3560,142,7,0.0,0.0
2025-12-16,Bengaluru,D2C,4967.11,43440,1599,218,66.35,27003.25
2025-12-16,Bengaluru,B2B,454.39,2271,90,4,0.0,0.0
2025-12-16,Chennai,D2C,6731.76,74464,3151,442,41.37,17445.17
2025-12-16,Chennai,B2B,331.23,1656,66,3,0.0,0.0
2025-12-16,Panaji,D2C,5509.67,45337,1718,183,38.44,17348.88
2025-12-16,Panaji,B2B,597.76,2988,119,5,0.0,0.0
2025-12-17,Mumbai,D2C,3774.18,39860,1357,184,41.23,17593.22
2025-12-17,Mumbai,B2B,543.49,2717,108,5,0.0,0.0
2025-12-17,Pune,D2C,4056.76,43986,2175,263,45.17,21223.29
2025-12-17,Pune,B2B,407.45,2037,81,4,0.0,0.0
2025-12-17,Bengaluru,D2C,5342.96,63140,1662,166,61.42,26088.17
2025-12-17,Bengaluru,B2B,435.3,2176,87,4,0.0,0.0
2025-12-17,Chennai,D2C,3516.53,34342,1232,116,44.27,19031.37
2025-12-17,Chennai,B2B,561.48,2807,112,5,0.0,0.0
2025-12-17,Panaji,D2C,5353.95,46456,1080,134,47.75,23643.25
2025-12-17,Panaji,B2B,368.68,1843,73,3,0.0,0.0
2025-12-18,Mumbai,D2C,4029.58,40677,910,56,37.32,17819.81
2025-12-18,Mumbai,B2B,620.05,3100,124,6,0.0,0.0
2025-12-18,Pune,D2C,4710.56,45667,1613,115,53.25,26515.07
2025-12-18,Pune,B2B,500.82,2504,100,5,0.0,0.0
2025-12-18,Bengaluru,D2C,4809.01,43253,1356,178,66.33,27871.43
2025-12-18,Bengaluru,B2B,462.3,2311,92,4,0.0,0.0
2025-12-18,Chennai,D2C,7132.19,69441,1788,176,59.17,28374.33
2025-12-18,Chennai,B2B,566.89,2834,113,5,0.0,0.0
2025-12-18,Panaji,D2C,4479.07,52103,1879,255,35.41,16027.86
2025-12-18,Panaji,B2B,537.52,2687,107,5,0.0,0.0
2025-12-19,Mumbai,D2C,6125.76,54897,1767,241,75.88,37882.55
2025-12-19,Mumbai,B2B,512.31,2561,102,5,0.0,0.0
2025-12-19,Pune,D2C,6029.4,52741,2035,288,56.83,23319.94
2025-12-19,Pune,B2B,452.84,2264,90,4,0.0,0.0
2025-12-19,Bengaluru,D2C,2809.4,27404,562,83,40.91,18300.15
2025-12-19,Bengaluru,B2B,425.6,2127,85,4,0.0,0.0
2025-12-19,Chennai,D2C,5514.28,61742,1737,92,56.33,23638.0
2025-12-19,Chennai,B2B,448.11,2240,89,4,0.0,0.0
2025-12-19,Panaji,D2C,5700.07,63452,1613,209,61.97,28935.65
2025-12-19,Panaji,B2B,627.84,3139,125,6,0.0,0.0
2025-12-20,Mumbai,D2C,5269.02,55570,1608,109,58.67,24841.02
2025-12-20,Mumbai,B2B,621.08,3105,124,6,0.0,0.0
2025-12-20,Pune,D2C,3390.1,32208,1113,100,48.05,20932.11
2025-12-20,Pune,B2B,626.5,3132,125,6,0.0,0.0
2025-12-20,Bengaluru,D2C,6679.02,72030,3365,409,81.64,35500.71
2025-12-20,Bengaluru,B2B,265.59,1327,53,2,0.0,0.0
2025-12-20,Chennai,D2C,5516.06,51317,2235,312,45.25,20930.78
2025-12-20,Chennai,B2B,586.95,2934,117,5,0.0,0.0
2025-12-20,Panaji,D2C,3446.56,36586,815,89,56.69,27496.02
2025-12-20,Panaji,B2B,487.9,2439,97,4,0.0,0.0
2025-12-21,Mumbai,D2C,12447.06,108104,4880,254,68.79,32724.99
2025-12-21,Mumbai,B2B,550.07,2750,110,5,0.0,0.0
2025-12-21,Pune,D2C,6387.25,52390,2450,178,62.07,28828.85
2025-12-21,Pune,B2B,542.25,2711,108,5,0.0,0.0
2025-12-21,Bengaluru,D2C,4301.3,44497,1823,186,60.17,24265.36
2025-12-21,Bengaluru,B2B,498.13,2490,99,4,0.0,0.0
2025-12-21,Chennai,D2C,4773.31,51664,1643,126,34.66,16359.55
2025-12-21,Chennai,B2B,327.01,1635,65,3,0.0,0.0
2025-12-21,Panaji,D2C,4641.61,41360,1599,81,50.71,23550.85
2025-12-21,Panaji,B2B,613.98,3069,122,6,0.0,0.0
2025-12-22,Mumbai,D2C,4795.76,49831,2382,213,45.67,22321.83
2025-12-22,Mumbai,B2B,571.98,2859,114,5,0.0,0.0
2025-12-22,Pune,D2C,4886.02,42739,1655,195,51.99,21006.31
2025-12-22,Pune,B2B,498.88,2494,99,4,0.0,0.0
2025-12-22,Bengaluru,D2C,5971.39,67595,1758,244,51.09,20502.92
2025-12-22,Bengaluru,B2B,544.34,2721,108,5,0.0,0.0
2025-12-22,Chennai,D2C,3804.89,37540,1761,114,56.32,24167.12
2025-12-22,Chennai,B2B,569.22,2846,113,5,0.0,0.0
2025-12-22,Panaji,D2C,3083.84,31202,1264,141,32.01,15508.79
2025-12-22,Panaji,B2B,397.05,1985,79,3,0.0,0.0
2025-12-23,Mumbai,D2C,5843.31,54174,1587,198,59.5,29054.87
2025-12-23,Mumbai,B2B,410.06,2050,82,4,0.0,0.0
2025-12-23,Pune,D2C,6101.74,52511,1681,165,52.95,22885.08
2025-12-23,Pune,B2B,389.46,1947,77,3,0.0,0.0
2025-12-23,Bengaluru,D2C,3960.85,46501,1718,190,33.64,16362.55
2025-12-23,Bengaluru,B2B,568.18,2840,113,5,0.0,0.0
2025-12-23,Chennai,D2C,5801.82,60234,2514,237,40.38,19374.56
2025-12-23,Chennai,B2B,350.47,1752,70,3,0.0,0.0
2025-12-23,Panaji,D2C,5051.2,49654,1500,145,46.6,20682.69
2025-12-23,Panaji,B2B,377.17,1885,75,3,0.0,0.0
2025-12-24,Mumbai,D2C,5917.31,70739,2477,171,56.81,27646.58
2025-12-24,Mumbai,B2B,304.51,1522,60,3,0.0,0.0
2025-12-24,Pune,D2C,3742.35,35460,1021,135,50.12,24549.2
2025-12-24,Pune,B2B,518.26,2591,103,5,0.0,0.0
2025-12-24,Bengaluru,D2C,6366.81,52328,2264,252,42.67,19237.76
2025-12-24,Bengaluru,B2B,573.72,2868,114,5,0.0,0.0
2025-12-24,Chennai,D2C,5200.84,61444,1566,173,43.69,20157.81
2025-12-24,Chennai,B2B,464.46,2322,92,4,0.0,0.0
2025-12-24,Panaji,D2C,5961.76,68048,1518,128,65.13,29300.83
2025-12-24,Panaji,B2B,596.33,2981,119,5,0.0,0.0
2025-12-25,Mumbai,D2C,5229.32,49993,2214,200,37.11,15060.91
2025-12-25,Mumbai,B2B,365.43,1827,73,3,0.0,0.0
2025-12-25,Pune,D2C,3976.52,42354,1919,242,43.48,19475.19
2025-12-25,Pune,B2B,642.17,3210,128,6,0.0,0.0
2025-12-25,Bengaluru,D2C,4411.64,51068,2131,205,36.08,14638.72
2025-12-25,Bengaluru,B2B,411.21,2056,82,4,0.0,0.0
2025-12-25,Chennai,D2C,4359.27,34987,1738,150,61.01,27667.84
2025-12-25,Chennai,B2B,277.43,1387,55,2,0.0,0.0
2025-12-25,Panaji,D2C,5287.16,53451,1894,111,60.2,29566.07
2025-12-25,Panaji,B2B,464.34,2321,92,4,0.0,0.0
2025-12-26,Mumbai,D2C,4752.13,43422,1720,177,55.02,24296.55
2025-12-26,Mumbai,B2B,457.37,2286,91,4,0.0,0.0
2025-12-26,Pune,D2C,4795.52,52675,2113,241,43.06,17321.64
2025-12-26,Pune,B2B,490.94,2454,98,4,0.0,0.0
2025-12-26,Bengaluru,D2C,4960.17,41703,912,77,63.55,31259.69
2025-12-26,Bengaluru,B2B,638.76,3193,127,6,0.0,0.0
2025-12-26,Chennai,D2C,5059.86,56630,1495,114,43.86,19803.77
2025-12-26,Chennai,B2B,589.64,2948,117,5,0.0,0.0
2025-12-26,Panaji,D2C,4109.4,47240,1753,241,38.33,15972.2
2025-12-26,Panaji,B2B,454.12,2270,90,4,0.0,0.0
2025-12-27,Mumbai,D2C,3833.94,42857,1823,262,43.29,18209.11
2025-12-27,Mumbai,B2B,740.32,3701,148,7,0.0,0.0
2025-12-27,Pune,D2C,4024.67,35544,1133,69,32.73,15241.76
2025-12-27,Pune,B2B,512.76,2563,102,5,0.0,0.0
2025-12-27,Bengaluru,D2C,6532.91,55249,1587,99,74.48,35355.13
2025-12-27,Bengaluru,B2B,581.11,2905,116,5,0.0,0.0
2025-12-27,Chennai,D2C,4412.57,45787,2016,154,40.19,19226.65
2025-12-27,Chennai,B2B,389.51,1947,77,3,0.0,0.0
2025-12-27,Panaji,D2C,6130.16,62860,2644,203,52.96,25799.09
2025-12-27,Panaji,B2B,616.07,3080,123,6,0.0,0.0
2025-12-28,Mumbai,D2C,5454.92,65457,2163,200,68.04,32698.78
2025-12-28,Mumbai,B2B,312.24,1561,62,3,0.0,0.0
2025-12-28,Pune,D2C,4726.12,49316,2282,315,38.1,16873.27
2025-12-28,Pune,B2B,672.12,3360,134,6,0.0,0.0
2025-12-28,Bengaluru,D2C,5414.0,52131,1083,115,40.32,19494.71
2025-12-28,Bengaluru,B2B,496.94,2484,99,4,0.0,0.0
2025-12-28,Chennai,D2C,4746.86,55013,1576,118,66.8,32127.15
2025-12-28,Chennai,B2B,661.87,3309,132,6,0.0,0.0
2025-12-28,Panaji,D2C,4517.86,36613,992,126,41.67,19708.35
2025-12-28,Panaji,B2B,550.72,2753,110,5,0.0,0.0
2025-12-29,Mumbai,D2C,4388.23,39402,1232,98,36.75,16501.63
2025-12-29,Mumbai,B2B,355.05,1775,71,3,0.0,0.0
2025-12-29,Pune,D2C,6498.08,66130,1386,155,42.54,19637.01
2025-12-29,Pune,B2B,406.75,2033,81,4,0.0,0.0
2025-12-29,Bengaluru,D2C,3999.19,46567,2067,166,50.17,24657.13
2025-12-29,Bengaluru,B2B,561.27,2806,112,5,0.0,0.0
2025-12-29,Chennai,D2C,17912.66,143562,6143,774,119.72,59020.67
2025-12-29,Chennai,B2B,445.59,2227,89,4,0.0,0.0
2025-12-29,Panaji,D2C,4698.58,40919,1655,170,37.12,15908.78
2025-12-29,Panaji,B2B,457.03,2285,91,4,0.0,0.0
2025-12-30,Mumbai,D2C,6178.39,64796,2260,180,43.99,19394.59
2025-12-30,Mumbai,B2B,506.81,2534,101,5,0.0,0.0
2025-12-30,Pune,D2C,9244.1,95734,3493,201,93.41,38293.93
2025-12-30,Pune,B2B,340.85,1704,68,3,0.0,0.0
2025-12-30,Bengaluru,D2C,4307.85,41385,915,115,35.16,17303.92
2025-12-30,Bengaluru,B2B,629.02,3145,125,6,0.0,0.0
2025-12-30,Chennai,D2C,4969.98,47577,1261,158,62.89,30961.15
2025-12-30,Chennai,B2B,434.81,2174,86,4,0.0,0.0
2025-12-30,Panaji,D2C,5119.08,46216,1965,164,51.09,22498.55
2025-12-30,Panaji,B2B,264.13,1320,52,2,0.0,0.0
2025-12-31,Mumbai,D2C,5452.39,53904,2338,266,39.16,16037.76
2025-12-31,Mumbai,B2B,523.03,2615,104,5,0.0,0.0
2025-12-31,Pune,D2C,4949.2,45791,1443,203,64.61,30142.55
2025-12-31,Pune,B2B,445.64,2228,89,4,0.0,0.0
2025-12-31,Bengaluru,D2C,13308.21,112162,3227,339,61.37,25384.93
2025-12-31,Bengaluru,B2B,465.66,2328,93,4,0.0,0.0
2025-12-31,Chennai,D2C,5465.59,55765,1534,133,40.54,17133.62
2025-12-31,Chennai,B2B,387.5,1937,77,3,0.0,0.0
2025-12-31,Panaji,D2C,5660.72,46037,2297,137,63.3,26920.08
2025-12-31,Panaji,B2B,523.41,2617,104,5,0.0,0.0
2026-01-01,Mumbai,D2C,6617.96,59576,1789,150,79.7,38243.19
2026-01-01,Mumbai,B2B,380.24,1901,76,3,0.0,0.0
2026-01-01,Pune,D2C,3597.98,31046,816,70,56.39,23301.06
2026-01-01,Pune,B2B,480.64,2403,96,4,0.0,0.0
2026-01-01,Bengaluru,D2C,4983.12,51201,1717,160,39.25,16252.69
2026-01-01,Bengaluru,B2B,394.14,1970,78,3,0.0,0.0
2026-01-01,Chennai,D2C,4581.68,47801,1981,172,56.85,26791.78
2026-01-01,Chennai,B2B,471.29,2356,94,4,0.0,0.0
2026-01-01,Panaji,D2C,5308.9,44247,1247,99,56.86,24211.05
2026-01-01,Panaji,B2B,538.85,2694,107,5,0.0,0.0
2026-01-02,Mumbai,D2C,5163.67,50653,1207,157,56.25,27570.7
2026-01-02,Mumbai,B2B,469.71,2348,93,4,0.0,0.0
2026-01-02,Pune,D2C,5705.78,58802,2823,232,51.58,20865.77
2026-01-02,Pune,B2B,499.28,2496,99,4,0.0,0.0
2026-01-02,Bengaluru,D2C,6593.52,56699,1889,127,67.48,28058.99
2026-01-02,Bengaluru,B2B,564.05,2820,112,5,0.0,0.0
2026-01-02,Chennai,D2C,4811.07,54863,1851,96,51.83,21171.68
2026-01-02,Chennai,B2B,528.35,2641,105,5,0.0,0.0
2026-01-02,Panaji,D2C,5041.56,51700,1153,149,68.35,33318.27
2026-01-02,Panaji,B2B,522.89,2614,104,5,0.0,0.0
2026-01-03,Mumbai,D2C,11144.64,118195,4260,408,100.69,41967.43
2026-01-03,Mumbai,B2B,383.28,1916,76,3,0.0,0.0
2026-01-03,Pune,D2C,3011.03,33122,865,102,37.02,16702.34
2026-01-03,Pune,B2B,503.04,2515,100,5,0.0,0.0
2026-01-03,Bengaluru,D2C,6173.23,56222,1795,211,74.28,30017.22
2026-01-03,Bengaluru,B2B,500.09,2500,100,5,0.0,0.0
2026-01-03,Chennai,D2C,4789.79,43394,1155,80,39.12,19303.74
2026-01-03,Chennai,B2B,448.52,2242,89,4,0.0,0.0
2026-01-03,Panaji,D2C,4643.54,54478,2324,299,37.64,18204.38
2026-01-03,Panaji,B2B,457.09,2285,91,4,0.0,0.0
2026-01-04,Mumbai,D2C,3466.5,39132,1696,235,56.76,24056.13
2026-01-04,Mumbai,B2B,440.64,2203,88,4,0.0,0.0
2026-01-04,Pune,D2C,4738.34,40836,1872,155,47.09,19019.52
2026-01-04,Pune,B2B,495.9,2479,99,4,0.0,0.0
2026-01-04,Bengaluru,D2C,17206.01,165613,3468,302,76.91,32703.23
2026-01-04,Bengaluru,B2B,467.22,2336,93,4,0.0,0.0
2026-01-04,Chennai,D2C,4827.55,50000,1213,92,53.72,22762.74
2026-01-04,Chennai,B2B,601.82,3009,120,6,0.0,0.0
2026-01-04,Panaji,D2C,4903.91,57831,1357,113,46.2,19179.56
2026-01-04,Panaji,B2B,702.29,3511,140,7,0.0,0.0
2026-01-05,Mumbai,D2C,5590.33,56747,1236,130,66.97,30629.98
2026-01-05,Mumbai,B2B,570.49,2852,114,5,0.0,0.0
2026-01-05,Pune,D2C,5862.11,59673,2066,182,65.8,32137.1
2026-01-05,Pune,B2B,379.24,1896,75,3,0.0,0.0
2026-01-05,Bengaluru,D2C,6905.79,68149,3070,208,48.16,22432.26
2026-01-05,Bengaluru,B2B,510.93,2554,102,5,0.0,0.0
2026-01-05,Chennai,D2C,5387.47,64218,1900,236,56.22,25910.55
2026-01-05,Chennai,B2B,718.5,3592,143,7,0.0,0.0
2026-01-05,Panaji,D2C,5424.25,63741,1289,138,63.23,30005.51
2026-01-05,Panaji,B2B,490.28,2451,98,4,0.0,0.0
2026-01-06,Mumbai,D2C,4850.61,48933,1536,83,46.49,20417.2
2026-01-06,Mumbai,B2B,348.1,1740,69,3,0.0,0.0
2026-01-06,Pune,D2C,5291.97,63363,3107,307,61.7,25362.35
2026-01-06,Pune,B2B,502.68,2513,100,5,0.0,0.0
2026-01-06,Bengaluru,D2C,6337.42,68512,2903,218,74.66,33297.15
2026-01-06,Bengaluru,B2B,474.53,2372,94,4,0.0,0.0
2026-01-06,Chennai,D2C,5413.35,59553,2170,191,66.58,30523.97
2026-01-06,Chennai,B2B,467.22,2336,93,4,0.0,0.0
2026-01-06,Panaji,D2C,4118.33,33530,1538,132,52.6,25891.57
2026-01-06,Panaji,B2B,475.28,2376,95,4,0.0,0.0
2026-01-07,Mumbai,D2C,5221.24,57592,2060,231,63.5,30739.49
2026-01-07,Mumbai,B2B,384.9,1924,76,3,0.0,0.0
2026-01-07,Pune,D2C,4303.3,41905,868,74,36.99,15245.63
2026-01-07,Pune,B2B,624.94,3124,124,6,0.0,0.0
2026-01-07,Bengaluru,D2C,4865.19,40361,1053,62,37.08,15824.16
2026-01-07,Bengaluru,B2B,493.41,2467,98,4,0.0,0.0
2026-01-07,Chennai,D2C,5489.82,63153,1596,122,39.88,19055.0
2026-01-07,Chennai,B2B,507.58,2537,101,5,0.0,0.0
2026-01-07,Panaji,D2C,5098.4,45751,2274,285,65.58,29983.78
2026-01-07,Panaji,B2B,425.34,2126,85,4,0.0,0.0
2026-01-08,Mumbai,D2C,5347.76,48800,1847,219,50.93,24853.15
2026-01-08,Mumbai,B2B,588.68,2943,117,5,0.0,0.0
2026-01-08,Pune,D2C,4994.73,49386,2251,257,36.92,16769.15
2026-01-08,Pune,B2B,540.57,2702,108,5,0.0,0.0
2026-01-08,Bengaluru,D2C,4669.3,38221,946,84,42.02,18228.65
2026-01-08,Bengaluru,B2B,297.17,1485,59,2,0.0,0.0
2026-01-08,Chennai,D2C,3719.02,42101,1700,125,41.99,18922.4
2026-01-08,Chennai,B2B,399.59,1997,79,3,0.0,0.0
2026-01-08,Panaji,D2C,5995.62,69753,2318,288,74.73,36674.88
2026-01-08,Panaji,B2B,507.21,2536,101,5,0.0,0.0
2026-01-09,Mumbai,D2C,2364.16,27847,650,61,28.99,14187.57
2026-01-09,Mumbai,B2B,411.06,2055,82,4,0.0,0.0
2026-01-09,Pune,D2C,4975.35,55431,2267,193,66.57,33121.75
2026-01-09,Pune,B2B,553.77,2768,110,5,0.0,0.0
2026-01-09,Bengaluru,D2C,6981.6,72175,2395,192,44.58,18960.63
2026-01-09,Bengaluru,B2B,674.42,3372,134,6,0.0,0.0
2026-01-09,Chennai,D2C,5193.75,54193,1714,157,66.09,29585.51
2026-01-09,Chennai,B2B,360.76,1803,72,3,0.0,0.0
2026-01-09,Panaji,D2C,4967.82,40743,1613,217,68.45,34209.11
2026-01-09,Panaji,B2B,526.0,2629,105,5,0.0,0.0
2026-01-10,Mumbai,D2C,5575.51,57178,1413,191,71.29,31723.02
2026-01-10,Mumbai,B2B,333.68,1668,66,3,0.0,0.0
2026-01-10,Pune,D2C,4292.19,39698,1877,219,53.91,24579.0
2026-01-10,Pune,B2B,456.73,2283,91,4,0.0,0.0
2026-01-10,Bengaluru,D2C,6816.95,71761,3081,393,73.07,30883.33
2026-01-10,Bengaluru,B2B,532.3,2661,106,5,0.0,0.0
2026-01-10,Chennai,D2C,6008.35,71325,1643,163,55.35,23943.05
2026-01-10,Chennai,B2B,387.84,1939,77,3,0.0,0.0
2026-01-10,Panaji,D2C,4104.54,48935,2159,293,43.55,18836.49
2026-01-10,Panaji,B2B,535.32,2676,107,5,0.0,0.0
2026-01-11,Mumbai,D2C,4383.33,37587,1769,103,60.33,25050.86
2026-01-11,Mumbai,B2B,502.31,2511,100,5,0.0,0.0
2026-01-11,Pune,D2C,5975.47,50404,2417,230,67.04,30173.67
2026-01-11,Pune,B2B,400.07,2000,80,4,0.0,0.0
2026-01-11,Bengaluru,D2C,3412.13,34702,1152,102,48.85,22913.2
2026-01-11,Bengaluru,B2B,584.02,2920,116,5,0.0,0.0
2026-01-11,Chennai,D2C,4871.35,40858,1106,61,69.66,32996.7
2026-01-11,Chennai,B2B,463.77,2318,92,4,0.0,0.0
2026-01-11,Panaji,D2C,4525.84,52924,2010,138,59.95,29709.09
2026-01-11,Panaji,B2B,670.99,3354,134,6,0.0,0.0
2026-01-12,Mumbai,D2C,6757.07,64368,2706,386,66.95,32069.26
2026-01-12,Mumbai,B2B,577.46,2887,115,5,0.0,0.0
2026-01-12,Pune,D2C,4515.16,39309,1535,121,60.19,28940.48
2026-01-12,Pune,B2B,444.73,2223,88,4,0.0,0.0
2026-01-12,Bengaluru,D2C,3678.17,44031,1703,91,30.85,13327.62
2026-01-12,Bengaluru,B2B,485.0,2425,97,4,0.0,0.0
2026-01-12,Chennai,D2C,5528.51,49947,1486,109,70.95,31945.36
2026-01-12,Chennai,B2B,448.64,2243,89,4,0.0,0.0
2026-01-12,Panaji,D2C,4031.23,38471,1161,131,50.51,21686.52
2026-01-12,Panaji,B2B,678.97,3394,135,6,0.0,0.0
2026-01-13,Mumbai,D2C,4622.6,48605,2305,123,42.28,17730.22
2026-01-13,Mumbai,B2B,399.31,1996,79,3,0.0,0.0
2026-01-13,Pune,D2C,2200.55,19738,746,103,44.81,22222.78
2026-01-13,Pune,B2B,509.14,2545,101,5,0.0,0.0
2026-01-13,Bengaluru,D2C,5243.05,46088,930,112,70.14,29369.22
2026-01-13,Bengaluru,B2B,516.36,2581,103,5,0.0,0.0
2026-01-13,Chennai,D2C,6323.23,66946,3287,277,53.67,24383.39
2026-01-13,Chennai,B2B,573.52,2867,114,5,0.0,0.0
2026-01-13,Panaji,D2C,5906.14,55400,1976,169,39.04,17812.67
2026-01-13,Panaji,B2B,583.43,2917,116,5,0.0,0.0
2026-01-14,Mumbai,D2C,5019.37,41319,1549,131,65.3,28480.12
2026-01-14,Mumbai,B2B,558.27,2791,111,5,0.0,0.0
2026-01-14,Pune,D2C,5643.52,45528,1443,166,47.12,20881.68
2026-01-14,Pune,B2B,456.89,2284,91,4,0.0,0.0
2026-01-14,Bengaluru,D2C,5123.91,49462,1612,94,43.02,17872.73
2026-01-14,Bengaluru,B2B,437.65,2188,87,4,0.0,0.0
2026-01-14,Chennai,D2C,7771.79,64450,2448,251,66.83,32569.2
2026-01-14,Chennai,B2B,326.5,1632,65,3,0.0,0.0
2026-01-14,Panaji,D2C,11481.7,103398,3027,338,62.82,27724.07
2026-01-14,Panaji,B2B,630.48,3152,126,6,0.0,0.0
2026-01-15,Mumbai,D2C,2140.48,17513,849,91,41.54,18403.83
2026-01-15,Mumbai,B2B,377.06,1885,75,3,0.0,0.0
2026-01-15,Pune,D2C,6029.44,53992,1402,139,73.78,31889.36
2026-01-15,Pune,B2B,487.47,2437,97,4,0.0,0.0
2026-01-15,Bengaluru,D2C,6314.74,64762,2077,304,64.02,30273.44
2026-01-15,Bengaluru,B2B,596.02,2980,119,5,0.0,0.0
2026-01-15,Chennai,D2C,6302.0,56594,2345,239,66.81,28525.65
2026-01-15,Chennai,B2B,381.24,1906,76,3,0.0,0.0
2026-01-15,Panaji,D2C,3797.43,34797,1442,188,38.82,16695.06
2026-01-15,Panaji,B2B,711.75,3558,142,7,0.0,0.0
2026-01-16,Mumbai,D2C,6272.4,67307,2139,191,49.69,20655.24
2026-01-16,Mumbai,B2B,604.84,3024,120,6,0.0,0.0
2026-01-16,Pune,D2C,4413.8,49905,2281,320,46.79,22678.36
2026-01-16,Pune,B2B,527.75,2638,105,5,0.0,0.0
2026-01-16,Bengaluru,D2C,4184.68,34200,1543,103,54.9,23192.53
2026-01-16,Bengaluru,B2B,581.29,2906,116,5,0.0,0.0
2026-01-16,Chennai,D2C,4967.22,54231,1471,123,55.24,23668.2
2026-01-16,Chennai,B2B,423.57,2117,84,4,0.0,0.0
2026-01-16,Panaji,D2C,6165.62,51352,1532,141,60.57,26481.98
2026-01-16,Panaji,B2B,454.94,2274,90,4,0.0,0.0
2026-01-17,Mumbai,D2C,3025.99,35903,1267,188,35.82,14437.66
2026-01-17,Mumbai,B2B,385.61,1928,77,3,0.0,0.0
2026-01-17,Pune,D2C,4643.07,38947,1284,107,38.25,16431.66
2026-01-17,Pune,B2B,386.21,1931,77,3,0.0,0.0
2026-01-17,Bengaluru,D2C,4657.45,48661,1596,117,46.71,21451.81
2026-01-17,Bengaluru,B2B,566.87,2834,113,5,0.0,0.0
2026-01-17,Chennai,D2C,3823.77,44046,1462,164,46.08,22453.27
2026-01-17,Chennai,B2B,438.43,2192,87,4,0.0,0.0
2026-01-17,Panaji,D2C,3853.55,41921,978,66,55.47,26824.25
2026-01-17,Panaji,B2B,779.98,3899,155,7,0.0,0.0
2026-01-18,Mumbai,D2C,7152.07,69778,2819,171,82.93,39394.28
2026-01-18,Mumbai,B2B,678.59,3392,135,6,0.0,0.0
2026-01-18,Pune,D2C,3548.48,34198,1362,154,41.18,18998.14
2026-01-18,Pune,B2B,603.66,3018,120,6,0.0,0.0
2026-01-18,Bengaluru,D2C,6573.54,69718,2475,369,42.75,19200.55
2026-01-18,Bengaluru,B2B,469.95,2349,93,4,0.0,0.0
2026-01-18,Chennai,D2C,3931.94,46346,1394,158,48.09,23156.77
2026-01-18,Chennai,B2B,463.73,2318,92,4,0.0,0.0
2026-01-18,Panaji,D2C,5781.47,67132,3172,324,61.13,30544.99
2026-01-18,Panaji,B2B,583.32,2916,116,5,0.0,0.0
2026-01-19,Mumbai,D2C,3958.71,45855,1941,117,62.34,29495.02
2026-01-19,Mumbai,B2B,380.55,1902,76,3,0.0,0.0
2026-01-19,Pune,D2C,6920.87,73822,3287,287,76.9,32011.58
2026-01-19,Pune,B2B,504.8,2523,100,5,0.0,0.0
2026-01-19,Bengaluru,D2C,3663.63,38880,1286,148,31.86,13318.93
2026-01-19,Bengaluru,B2B,349.13,1745,69,3,0.0,0.0
2026-01-19,Chennai,D2C,6463.74,62129,2589,306,78.93,33268.28
2026-01-19,Chennai,B2B,631.44,3157,126,6,0.0,0.0
2026-01-19,Panaji,D2C,7167.36,63106,2252,190,64.59,27335.85
2026-01-19,Panaji,B2B,610.07,3050,122,6,0.0,0.0
2026-01-20,Mumbai,D2C,5093.63,44455,1321,72,69.6,31885.34
2026-01-20,Mumbai,B2B,441.63,2208,88,4,0.0,0.0
2026-01-20,Pune,D2C,4687.45,46561,1732,171,59.33,27095.98
2026-01-20,Pune,B2B,627.96,3139,125,6,0.0,0.0
2026-01-20,Bengaluru,D2C,4306.06,42874,980,87,49.7,23989.77
2026-01-20,Bengaluru,B2B,455.28,2276,91,4,0.0,0.0
2026-01-20,Chennai,D2C,4781.88,50657,1453,195,51.63,23225.66
2026-01-20,Chennai,B2B,438.97,2194,87,4,0.0,0.0
2026-01-20,Panaji,D2C,4054.53,32930,679,60,61.8,30103.73
2026-01-20,Panaji,B2B,462.79,2313,92,4,0.0,0.0
2026-01-21,Mumbai,D2C,23402.63,207394,4302,539,87.63,42667.45
2026-01-21,Mumbai,B2B,549.14,2745,109,5,0.0,0.0
2026-01-21,Pune,D2C,3762.36,39544,1859,226,41.36,18972.78
2026-01-21,Pune,B2B,565.56,2827,113,5,0.0,0.0
2026-01-21,Bengaluru,D2C,5648.08,59150,1789,94,52.42,25847.07
2026-01-21,Bengaluru,B2B,640.99,3204,128,6,0.0,0.0
2026-01-21,Chennai,D2C,4284.61,38884,1062,84,51.62,23459.4
2026-01-21,Chennai,B2B,521.72,2608,104,5,0.0,0.0
2026-01-21,Panaji,D2C,6822.27,75919,1917,245,68.71,32179.68
2026-01-21,Panaji,B2B,492.81,2464,98,4,0.0,0.0
2026-01-22,Mumbai,D2C,7075.95,80709,1748,113,66.32,31431.18
2026-01-22,Mumbai,B2B,477.07,2385,95,4,0.0,0.0
2026-01-22,Pune,D2C,5075.39,55654,1661,164,68.25,33824.82
2026-01-22,Pune,B2B,533.7,2668,106,5,0.0,0.0
2026-01-22,Bengaluru,D2C,4852.95,44601,1482,120,47.87,22117.13
2026-01-22,Bengaluru,B2B,526.44,2632,105,5,0.0,0.0
2026-01-22,Chennai,D2C,5789.02,47057,1008,129,58.32,26700.91
2026-01-22,Chennai,B2B,587.93,2939,117,5,0.0,0.0
2026-01-22,Panaji,D2C,5954.58,59555,2165,288,59.33,26796.76
2026-01-22,Panaji,B2B,536.77,2683,107,5,0.0,0.0
2026-01-23,Mumbai,D2C,5070.86,44993,1607,215,39.56,18968.83
2026-01-23,Mumbai,B2B,509.9,2549,101,5,0.0,0.0
2026-01-23,Pune,D2C,5489.06,48155,1646,194,60.52,26795.73
2026-01-23,Pune,B2B,449.68,2248,89,4,0.0,0.0
2026-01-23,Bengaluru,D2C,5045.56,41620,1983,134,54.28,26074.14
2026-01-23,Bengaluru,B2B,594.46,2972,118,5,0.0,0.0
2026-01-23,Chennai,D2C,5143.2,56774,2096,284,67.94,31581.25
2026-01-23,Chennai,B2B,351.14,1755,70,3,0.0,0.0
2026-01-23,Panaji,D2C,5375.27,56937,2690,246,48.18,21145.15
2026-01-23,Panaji,B2B,671.85,3359,134,6,0.0,0.0
2026-01-24,Mumbai,D2C,4239.8,42301,1592,137,52.52,25619.28
2026-01-24,Mumbai,B2B,488.48,2442,97,4,0.0,0.0
2026-01-24,Pune,D2C,15300.04,181717,7482,625,70.95,29396.67
2026-01-24,Pune,B2B,554.48,2772,110,5,0.0,0.0
2026-01-24,Bengaluru,D2C,5093.02,57614,2520,348,70.2,31160.93
2026-01-24,Bengaluru,B2B,591.76,2958,118,5,0.0,0.0
2026-01-24,Chennai,D2C,5206.21,60514,1887,204,36.52,15819.32
2026-01-24,Chennai,B2B,451.3,2256,90,4,0.0,0.0
2026-01-24,Panaji,D2C,5036.22,44448,1592,112,39.77,17938.24
2026-01-24,Panaji,B2B,427.51,2137,85,4,0.0,0.0
2026-01-25,Mumbai,D2C,15474.22,130399,4759,519,64.0,29269.9
2026-01-25,Mumbai,B2B,423.84,2119,84,4,0.0,0.0
2026-01-25,Pune,D2C,5504.05,57076,2292,123,68.82,33766.63
2026-01-25,Pune,B2B,576.75,2883,115,5,0.0,0.0
2026-01-25,Bengaluru,D2C,5290.28,55726,2249,293,60.46,26165.57
2026-01-25,Bengaluru,B2B,531.34,2656,106,5,0.0,0.0
2026-01-25,Chennai,D2C,17456.42,188446,9166,1105,131.72,61744.6
2026-01-25,Chennai,B2B,474.42,2372,94,4,0.0,0.0
2026-01-25,Panaji,D2C,4562.18,41398,1363,119,55.16,26549.84
2026-01-25,Panaji,B2B,325.2,1625,65,3,0.0,0.0
2026-01-26,Mumbai,D2C,4029.02,43035,2024,104,58.81,26588.21
2026-01-26,Mumbai,B2B,431.18,2155,86,4,0.0,0.0
2026-01-26,Pune,D2C,4234.1,37722,1042,104,58.97,27973.22
2026-01-26,Pune,B2B,522.74,2613,104,5,0.0,0.0
2026-01-26,Bengaluru,D2C,6011.12,71477,2630,198,47.69,21989.39
2026-01-26,Bengaluru,B2B,733.42,3667,146,7,0.0,0.0
2026-01-26,Chennai,D2C,4759.91,51485,2051,116,46.99,23189.17
2026-01-26,Chennai,B2B,501.11,2505,100,5,0.0,0.0
2026-01-26,Panaji,D2C,4578.54,44852,1375,162,66.53,29026.74
2026-01-26,Panaji,B2B,571.26,2856,114,5,0.0,0.0
2026-01-27,Mumbai,D2C,5455.21,44529,1542,146,49.17,24377.59
2026-01-27,Mumbai,B2B,516.96,2584,103,5,0.0,0.0
2026-01-27,Pune,D2C,5511.67,60282,2520,233,71.45,29772.49
2026-01-27,Pune,B2B,602.15,3010,120,6,0.0,0.0
2026-01-27,Bengaluru,D2C,4820.89,50556,1488,98,36.11,15046.16
2026-01-27,Bengaluru,B2B,490.46,2452,98,4,0.0,0.0
2026-01-27,Chennai,D2C,3396.04,39062,1384,170,30.18,13173.32
2026-01-27,Chennai,B2B,470.36,2351,94,4,0.0,0.0
2026-01-27,Panaji,D2C,3640.14,41793,2013,116,40.7,20178.03
2026-01-27,Panaji,B2B,490.97,2454,98,4,0.0,0.0
2026-01-28,Mumbai,D2C,5231.11,62317,2127,140,43.47,21255.7
2026-01-28,Mumbai,B2B,432.93,2164,86,4,0.0,0.0
2026-01-28,Pune,D2C,5203.52,57029,2272,301,60.79,27561.63
2026-01-28,Pune,B2B,577.66,2888,115,5,0.0,0.0
2026-01-28,Bengaluru,D2C,5783.62,53088,2338,279,73.67,30685.75
2026-01-28,Bengaluru,B2B,415.48,2077,83,4,0.0,0.0
2026-01-28,Chennai,D2C,3749.53,31488,1249,161,41.48,20551.3
2026-01-28,Chennai,B2B,572.94,2864,114,5,0.0,0.0
2026-01-28,Panaji,D2C,13619.99,125121,3558,494,114.79,46723.02
2026-01-28,Panaji,B2B,578.55,2892,115,5,0.0,0.0
2026-01-29,Mumbai,D2C,7542.11,71725,2116,219,72.13,33927.8
2026-01-29,Mumbai,B2B,349.02,1745,69,3,0.0,0.0
2026-01-29,Pune,D2C,5267.35,60871,2037,283,67.71,30050.57
2026-01-29,Pune,B2B,468.97,2344,93,4,0.0,0.0
2026-01-29,Bengaluru,D2C,5633.66,65986,2897,321,41.88,17971.3
2026-01-29,Bengaluru,B2B,482.6,2412,96,4,0.0,0.0
2026-01-29,Chennai,D2C,5273.79,48212,1394,135,37.1,17769.16
2026-01-29,Chennai,B2B,446.34,2231,89,4,0.0,0.0
2026-01-29,Panaji,D2C,5847.42,62249,1851,188,55.24,23968.8
2026-01-29,Panaji,B2B,456.18,2280,91,4,0.0,0.0
2026-01-30,Mumbai,D2C,4943.14,41625,1008,148,55.82,25171.73
2026-01-30,Mumbai,B2B,620.01,3100,124,6,0.0,0.0
2026-01-30,Pune,D2C,3508.57,29258,1088,116,56.69,25659.73
2026-01-30,Pune,B2B,512.13,2560,102,5,0.0,0.0
2026-01-30,Bengaluru,D2C,5215.55,45975,962,97,39.16,17502.95
2026-01-30,Bengaluru,B2B,392.47,1962,78,3,0.0,0.0
2026-01-30,Chennai,D2C,5155.15,45864,1844,257,37.08,17845.26
2026-01-30,Chennai,B2B,530.57,2652,106,5,0.0,0.0
2026-01-30,Panaji,D2C,6634.61,72918,3318,283,63.3,29217.31
2026-01-30,Panaji,B2B,719.22,3596,143,7,0.0,0.0
2026-01-31,Mumbai,D2C,5717.32,49017,1530,189,72.44,32293.6
2026-01-31,Mumbai,B2B,317.81,1589,63,3,0.0,0.0
2026-01-31,Pune,D2C,4224.3,43402,1884,243,40.83,18493.63
2026-01-31,Pune,B2B,527.91,2639,105,5,0.0,0.0
2026-01-31,Bengaluru,D2C,5139.66,58827,2824,352,44.14,19129.35
2026-01-31,Bengaluru,B2B,505.53,2527,101,5,0.0,0.0
2026-01-31,Chennai,D2C,5382.54,44714,1904,233,70.16,33189.32
2026-01-31,Chennai,B2B,600.78,3003,120,6,0.0,0.0
2026-01-31,Panaji,D2C,5532.05,53704,2527,290,52.0,21235.37
2026-01-31,Panaji,B2B,571.1,2855,114,5,0.0,0.0
2026-02-01,Mumbai,D2C,5376.98,47774,1711,114,66.01,29601.39
2026-02-01,Mumbai,B2B,319.56,1597,63,3,0.0,0.0
2026-02-01,Pune,D2C,3879.32,37398,1654,210,38.09,17581.23
2026-02-01,Pune,B2B,523.47,2617,104,5,0.0,0.0
2026-02-01,Bengaluru,D2C,5083.59,56965,2371,284,69.82,32093.26
2026-02-01,Bengaluru,B2B,559.74,2798,111,5,0.0,0.0
2026-02-01,Chennai,D2C,5999.68,65586,1772,154,44.43,20020.74
2026-02-01,Chennai,B2B,539.01,2695,107,5,0.0,0.0
2026-02-01,Panaji,D2C,5083.13,56655,1700,226,57.57,27042.74
2026-02-01,Panaji,B2B,499.26,2496,99,4,0.0,0.0
2026-02-02,Mumbai,D2C,5427.44,56208,2667,372,72.6,33886.61
2026-02-02,Mumbai,B2B,319.34,1596,63,3,0.0,0.0
2026-02-02,Pune,D2C,4483.32,35941,921,46,57.58,25481.41
2026-02-02,Pune,B2B,336.83,1684,67,3,0.0,0.0
2026-02-02,Bengaluru,D2C,6079.01,72347,2840,273,50.88,21485.03
2026-02-02,Bengaluru,B2B,422.73,2113,84,4,0.0,0.0
2026-02-02,Chennai,D2C,4570.42,36578,947,65,58.04,25263.05
2026-02-02,Chennai,B2B,364.2,1820,72,3,0.0,0.0
2026-02-02,Panaji,D2C,3833.17,32247,1160,69,55.43,25311.54
2026-02-02,Panaji,B2B,485.81,2429,97,4,0.0,0.0
2026-02-03,Mumbai,D2C,4411.41,37024,1322,134,48.75,23112.16
2026-02-03,Mumbai,B2B,661.78,3308,132,6,0.0,0.0
2026-02-03,Pune,D2C,5514.88,57841,1296,154,51.31,21203.53
2026-02-03,Pune,B2B,568.26,2841,113,5,0.0,0.0
2026-02-03,Bengaluru,D2C,5315.33,43175,1559,221,58.19,28931.57
2026-02-03,Bengaluru,B2B,600.14,3000,120,6,0.0,0.0
2026-02-03,Chennai,D2C,5202.73,52558,1194,129,58.13,27486.71
2026-02-03,Chennai,B2B,392.1,1960,78,3,0.0,0.0
2026-02-03,Panaji,D2C,5767.63,51119,1642,209,74.18,30256.16
2026-02-03,Panaji,B2B,574.05,2870,114,5,0.0,0.0
2026-02-04,Mumbai,D2C,3071.39,30785,1175,59,49.33,23776.29
2026-02-04,Mumbai,B2B,536.56,2682,107,5,0.0,0.0
2026-02-04,Pune,D2C,3533.86,36266,1576,82,58.54,28155.49
2026-02-04,Pune,B2B,688.93,3444,137,6,0.0,0.0
2026-02-04,Bengaluru,D2C,5818.86,64045,2024,283,44.9,19272.7
2026-02-04,Bengaluru,B2B,578.98,2894,115,5,0.0,0.0
2026-02-04,Chennai,D2C,3096.86,30874,1410,144,37.91,16103.19
2026-02-04,Chennai,B2B,554.04,2770,110,5,0.0,0.0
2026-02-04,Panaji,D2C,5440.92,46161,1230,108,50.17,22034.83
2026-02-04,Panaji,B2B,244.11,1220,48,2,0.0,0.0
2026-02-05,Mumbai,D2C,4366.96,45834,1235,150,51.12,22731.45
2026-02-05,Mumbai,B2B,605.67,3028,121,6,0.0,0.0
2026-02-05,Pune,D2C,4404.9,45124,1727,237,60.32,27754.77
2026-02-05,Pune,B2B,571.87,2859,114,5,0.0,0.0
2026-02-05,Bengaluru,D2C,4590.31,37862,859,114,35.9,14967.03
2026-02-05,Bengaluru,B2B,655.56,3277,131,6,0.0,0.0
2026-02-05,Chennai,D2C,5629.18,62532,2199,221,64.72,29116.53
2026-02-05,Chennai,B2B,337.09,1685,67,3,0.0,0.0
2026-02-05,Panaji,D2C,5847.34,55786,1121,124,39.37,17733.84
2026-02-05,Panaji,B2B,523.11,2615,104,5,0.0,0.0
2026-02-06,Mumbai,D2C,5225.19,58233,1635,201,58.2,24269.02
2026-02-06,Mumbai,B2B,637.24,3186,127,6,0.0,0.0
2026-02-06,Pune,D2C,12556.49,137235,5599,723,70.41,31292.63
2026-02-06,Pune,B2B,435.82,2179,87,4,0.0,0.0
2026-02-06,Bengaluru,D2C,4264.84,44933,1053,134,56.19,26158.81
2026-02-06,Bengaluru,B2B,694.21,3471,138,6,0.0,0.0
2026-02-06,Chennai,D2C,4520.26,41223,1106,144,55.07,25142.75
2026-02-06,Chennai,B2B,428.68,2143,85,4,0.0,0.0
2026-02-06,Panaji,D2C,5024.82,56176,2752,337,70.63,32851.71
2026-02-06,Panaji,B2B,498.37,2491,99,4,0.0,0.0
2026-02-07,Mumbai,D2C,4352.68,34945,1413,108,59.88,26101.95
2026-02-07,Mumbai,B2B,438.25,2191,87,4,0.0,0.0
2026-02-07,Pune,D2C,5529.28,60186,2567,185,55.81,24276.92
2026-02-07,Pune,B2B,497.72,2488,99,4,0.0,0.0
2026-02-07,Bengaluru,D2C,5590.5,62152,1681,210,69.74,34021.9
2026-02-07,Bengaluru,B2B,631.09,3155,126,6,0.0,0.0
2026-02-07,Chennai,D2C,4556.51,43370,1698,112,66.84,31442.42
2026-02-07,Chennai,B2B,636.77,3183,127,6,0.0,0.0
2026-02-07,Panaji,D2C,5754.05,52751,1829,111,55.81,23686.47
2026-02-07,Panaji,B2B,572.3,2861,114,5,0.0,0.0
2026-02-08,Mumbai,D2C,3996.41,33195,1579,162,44.15,20021.72
2026-02-08,Mumbai,B2B,455.11,2275,91,4,0.0,0.0
2026-02-08,Pune,D2C,5678.32,52139,2569,223,38.53,15979.78
2026-02-08,Pune,B2B,520.63,2603,104,5,0.0,0.0
2026-02-08,Bengaluru,D2C,5377.88,55926,1174,68,54.33,23936.73
2026-02-08,Bengaluru,B2B,480.27,2401,96,4,0.0,0.0
2026-02-08,Chennai,D2C,3816.31,38693,1579,220,35.42,14983.72
2026-02-08,Chennai,B2B,705.52,3527,141,7,0.0,0.0
2026-02-08,Panaji,D2C,2979.41,35544,877,91,29.99,12951.33
2026-02-08,Panaji,B2B,514.22,2571,102,5,0.0,0.0
2026-02-09,Mumbai,D2C,5665.01,46790,1480,95,46.29,21376.38
2026-02-09,Mumbai,B2B,504.1,2520,100,5,0.0,0.0
2026-02-09,Pune,D2C,4938.84,47844,984,146,48.04,22955.49
2026-02-09,Pune,B2B,425.01,2125,85,4,0.0,0.0
2026-02-09,Bengaluru,D2C,4710.23,44135,911,78,64.84,30412.0
2026-02-09,Bengaluru,B2B,297.78,1488,59,2,0.0,0.0
2026-02-09,Chennai,D2C,5278.01,57003,1394,190,47.28,21058.22
2026-02-09,Chennai,B2B,391.86,1959,78,3,0.0,0.0
2026-02-09,Panaji,D2C,6184.07,72468,1466,208,41.46,17685.0
2026-02-09,Panaji,B2B,508.83,2544,101,5,0.0,0.0
2026-02-10,Mumbai,D2C,2227.16,22088,1060,78,30.06,14792.92
2026-02-10,Mumbai,B2B,707.03,3535,141,7,0.0,0.0
2026-02-10,Pune,D2C,5183.59,51950,2120,142,66.69,27610.72
2026-02-10,Pune,B2B,429.07,2145,85,4,0.0,0.0
2026-02-10,Bengaluru,D2C,4280.24,45708,2204,273,50.41,24866.41
2026-02-10,Bengaluru,B2B,483.19,2415,96,4,0.0,0.0
2026-02-10,Chennai,D2C,7695.49,74183,3349,229,68.2,32204.89
2026-02-10,Chennai,B2B,405.04,2025,81,4,0.0,0.0
2026-02-10,Panaji,D2C,7230.82,71387,3368,481,80.59,33350.11
2026-02-10,Panaji,B2B,513.62,2568,102,5,0.0,0.0
2026-02-11,Mumbai,D2C,5300.55,54321,2705,258,62.39,29901.78
2026-02-11,Mumbai,B2B,276.36,1381,55,2,0.0,0.0
2026-02-11,Pune,D2C,6160.5,59427,1380,123,68.05,33488.04
2026-02-11,Pune,B2B,498.08,2490,99,4,0.0,0.0
2026-02-11,Bengaluru,D2C,4250.54,45748,2232,254,52.71,24003.08
2026-02-11,Bengaluru,B2B,371.44,1857,74,3,0.0,0.0
2026-02-11,Chennai,D2C,5237.21,55754,2618,336,64.44,31751.33
2026-02-11,Chennai,B2B,457.46,2287,91,4,0.0,0.0
2026-02-11,Panaji,D2C,5026.91,49447,2157,113,37.47,15238.44
2026-02-11,Panaji,B2B,516.22,2581,103,5,0.0,0.0
2026-02-12,Mumbai,D2C,5008.87,42187,1770,145,44.78,20831.06
2026-02-12,Mumbai,B2B,675.73,3378,135,6,0.0,0.0
2026-02-12,Pune,D2C,2981.54,27086,1187,86,31.64,15130.81
2026-02-12,Pune,B2B,586.57,2932,117,5,0.0,0.0
2026-02-12,Bengaluru,D2C,4121.01,46788,2025,167,53.22,21950.45
2026-02-12,Bengaluru,B2B,557.58,2787,111,5,0.0,0.0
2026-02-12,Chennai,D2C,4609.8,38258,1310,120,49.03,19835.72
2026-02-12,Chennai,B2B,500.57,2502,100,5,0.0,0.0
2026-02-12,Panaji,D2C,6293.19,68348,2124,196,62.03,30709.82
2026-02-12,Panaji,B2B,430.23,2151,86,4,0.0,0.0
2026-02-13,Mumbai,D2C,5547.54,55123,1876,214,57.93,26846.77
2026-02-13,Mumbai,B2B,513.16,2565,102,5,0.0,0.0
2026-02-13,Pune,D2C,5365.2,52833,2070,197,53.39,21442.8
2026-02-13,Pune,B2B,555.45,2777,111,5,0.0,0.0
2026-02-13,Bengaluru,D2C,4953.96,45154,1611,136,38.88,19278.09
2026-02-13,Bengaluru,B2B,369.35,1846,73,3,0.0,0.0
2026-02-13,Chennai,D2C,4098.52,37745,1025,109,58.74,24627.74
2026-02-13,Chennai,B2B,629.99,3149,125,6,0.0,0.0
2026-02-13,Panaji,D2C,4696.05,39091,1853,183,49.62,24676.15
2026-02-13,Panaji,B2B,514.51,2572,102,5,0.0,0.0
2026-02-14,Mumbai,D2C,5017.92,50469,1871,97,60.61,28561.51
2026-02-14,Mumbai,B2B,391.72,1958,78,3,0.0,0.0
2026-02-14,Pune,D2C,5178.31,55562,1253,141,46.08,20769.06
2026-02-14,Pune,B2B,402.38,2011,80,4,0.0,0.0
2026-02-14,Bengaluru,D2C,5740.9,59502,2919,191,70.2,33010.12
2026-02-14,Bengaluru,B2B,598.47,2992,119,5,0.0,0.0
2026-02-14,Chennai,D2C,4256.76,49480,1523,85,52.21,21537.56
2026-02-14,Chennai,B2B,593.4,2966,118,5,0.0,0.0
2026-02-14,Panaji,D2C,5558.48,61917,1446,127,66.15,29221.33
2026-02-14,Panaji,B2B,616.86,3084,123,6,0.0,0.0
2026-02-15,Mumbai,D2C,5634.08,51586,1575,132,49.79,21125.69
2026-02-15,Mumbai,B2B,540.74,2703,108,5,0.0,0.0
2026-02-15,Pune,D2C,5833.39,51023,2304,286,73.74,30714.63
2026-02-15,Pune,B2B,522.66,2613,104,5,0.0,0.0
2026-02-15,Bengaluru,D2C,5133.63,50929,1933,131,53.01,24691.01
2026-02-15,Bengaluru,B2B,385.25,1926,77,3,0.0,0.0
2026-02-15,Chennai,D2C,6833.8,63789,1856,169,42.29,19742.16
2026-02-15,Chennai,B2B,431.23,2156,86,4,0.0,0.0
2026-02-15,Panaji,D2C,13747.65,164244,4584,287,80.3,38051.56
2026-02-15,Panaji,B2B,599.1,2995,119,5,0.0,0.0
2026-02-16,Mumbai,D2C,5618.93,47598,1423,174,60.42,24890.67
2026-02-16,Mumbai,B2B,329.26,1646,65,3,0.0,0.0
2026-02-16,Pune,D2C,5432.89,51057,1932,129,48.33,19429.78
2026-02-16,Pune,B2B,396.44,1982,79,3,0.0,0.0
2026-02-16,Bengaluru,D2C,4482.47,48560,2178,171,39.67,19724.66
2026-02-16,Bengaluru,B2B,640.26,3201,128,6,0.0,0.0
2026-02-16,Chennai,D2C,17395.43,163827,6927,400,103.36,45778.72
2026-02-16,Chennai,B2B,551.95,2759,110,5,0.0,0.0
2026-02-16,Panaji,D2C,4396.08,39431,1117,156,48.64,21362.11
2026-02-16,Panaji,B2B,466.51,2332,93,4,0.0,0.0
2026-02-17,Mumbai,D2C,16380.07,160409,6147,503,113.42,56386.73
2026-02-17,Mumbai,B2B,525.14,2625,105,5,0.0,0.0
2026-02-17,Pune,D2C,3559.88,32529,911,125,34.68,14095.11
2026-02-17,Pune,B2B,479.58,2397,95,4,0.0,0.0
2026-02-17,Bengaluru,D2C,5691.18,56265,2184,294,46.39,22347.98
2026-02-17,Bengaluru,B2B,350.83,1754,70,3,0.0,0.0
2026-02-17,Chennai,D2C,5744.81,48593,2013,144,44.59,19434.12
2026-02-17,Chennai,B2B,388.3,1941,77,3,0.0,0.0
2026-02-17,Panaji,D2C,3789.82,30469,1040,96,37.98,15395.52
2026-02-17,Panaji,B2B,569.74,2848,113,5,0.0,0.0
2026-02-18,Mumbai,D2C,6402.9,73269,1486,217,53.67,26782.8
2026-02-18,Mumbai,B2B,465.56,2327,93,4,0.0,0.0
2026-02-18,Pune,D2C,4809.13,45316,2051,255,69.08,31868.18
2026-02-18,Pune,B2B,334.11,1670,66,3,0.0,0.0
2026-02-18,Bengaluru,D2C,4121.19,42061,1725,156,49.68,24554.2
2026-02-18,Bengaluru,B2B,492.12,2460,98,4,0.0,0.0
2026-02-18,Chennai,D2C,4481.17,50049,1094,63,43.46,19619.38
2026-02-18,Chennai,B2B,416.64,2083,83,4,0.0,0.0
2026-02-18,Panaji,D2C,4470.21,52799,1498,184,52.77,22361.78
2026-02-18,Panaji,B2B,489.09,2445,97,4,0.0,0.0
2026-02-19,Mumbai,D2C,4935.94,45237,2000,196,58.13,24352.97
2026-02-19,Mumbai,B2B,327.8,1638,65,3,0.0,0.0
2026-02-19,Pune,D2C,3039.15,33805,1455,124,46.7,23076.55
2026-02-19,Pune,B2B,536.1,2680,107,5,0.0,0.0
2026-02-19,Bengaluru,D2C,3982.27,33529,1547,157,43.7,17731.06
2026-02-19,Bengaluru,B2B,536.38,2681,107,5,0.0,0.0
2026-02-19,Chennai,D2C,17394.94,172185,8253,738,94.18,43121.32
2026-02-19,Chennai,B2B,476.4,2381,95,4,0.0,0.0
2026-02-19,Panaji,D2C,11204.94,116971,5570,337,64.09,28009.56
2026-02-19,Panaji,B2B,485.85,2429,97,4,0.0,0.0
2026-02-20,Mumbai,D2C,4389.24,36078,1739,184,54.95,23999.62
2026-02-20,Mumbai,B2B,581.72,2908,116,5,0.0,0.0
2026-02-20,Pune,D2C,13314.35,127578,5818,730,87.53,40020.22
2026-02-20,Pune,B2B,547.52,2737,109,5,0.0,0.0
2026-02-20,Bengaluru,D2C,5624.27,66691,3092,353,51.44,23754.74
2026-02-20,Bengaluru,B2B,614.49,3072,122,6,0.0,0.0
2026-02-20,Chennai,D2C,3109.76,29940,1114,103,35.23,16773.71
2026-02-20,Chennai,B2B,634.84,3174,126,6,0.0,0.0
2026-02-20,Panaji,D2C,4246.25,49000,2090,172,63.15,25743.39
2026-02-20,Panaji,B2B,505.49,2527,101,5,0.0,0.0
2026-02-21,Mumbai,D2C,4974.16,50519,2217,297,49.41,21889.1
2026-02-21,Mumbai,B2B,480.84,2404,96,4,0.0,0.0
2026-02-21,Pune,D2C,4435.64,45049,1169,121,39.39,17486.04
2026-02-21,Pune,B2B,518.3,2591,103,5,0.0,0.0
2026-02-21,Bengaluru,D2C,4820.9,52525,1344,166,51.36,22873.39
2026-02-21,Bengaluru,B2B,640.89,3204,128,6,0.0,0.0
2026-02-21,Chennai,D2C,16375.32,150402,6937,359,98.87,46744.02
2026-02-21,Chennai,B2B,577.23,2886,115,5,0.0,0.0
2026-02-21,Panaji,D2C,6347.16,68346,3051,349,55.86,24982.18
2026-02-21,Panaji,B2B,563.01,2815,112,5,0.0,0.0
2026-02-22,Mumbai,D2C,5650.74,52937,2536,273,44.31,20665.82
2026-02-22,Mumbai,B2B,537.48,2687,107,5,0.0,0.0
2026-02-22,Pune,D2C,4204.62,42479,1982,164,34.43,15412.26
2026-02-22,Pune,B2B,566.95,2834,113,5,0.0,0.0
2026-02-22,Bengaluru,D2C,5928.16,63810,2974,283,68.2,33031.18
2026-02-22,Bengaluru,B2B,400.74,2003,80,4,0.0,0.0
2026-02-22,Chennai,D2C,5068.46,54749,1510,197,69.42,30999.86
2026-02-22,Chennai,B2B,685.63,3428,137,6,0.0,0.0
2026-02-22,Panaji,D2C,6051.58,61656,2863,271,41.27,19994.75
2026-02-22,Panaji,B2B,589.2,2946,117,5,0.0,0.0
2026-02-23,Mumbai,D2C,5891.44,47856,2298,148,69.45,33497.47
2026-02-23,Mumbai,B2B,544.41,2722,108,5,0.0,0.0
2026-02-23,Pune,D2C,4291.76,49597,1625,148,47.26,19293.61
2026-02-23,Pune,B2B,540.09,2700,108,5,0.0,0.0
2026-02-23,Bengaluru,D2C,4235.45,44891,2111,280,63.08,30711.65
2026-02-23,Bengaluru,B2B,564.59,2822,112,5,0.0,0.0
2026-02-23,Chennai,D2C,5336.81,43900,1770,146,53.61,25100.19
2026-02-23,Chennai,B2B,608.42,3042,121,6,0.0,0.0
2026-02-23,Panaji,D2C,2829.84,26854,626,92,41.86,17280.33
2026-02-23,Panaji,B2B,404.46,2022,80,4,0.0,0.0
2026-02-24,Mumbai,D2C,5659.72,46081,2236,173,38.22,15581.95
2026-02-24,Mumbai,B2B,293.56,1467,58,2,0.0,0.0
2026-02-24,Pune,D2C,11799.7,112315,4344,265,71.33,31512.35
2026-02-24,Pune,B2B,523.62,2618,104,5,0.0,0.0
2026-02-24,Bengaluru,D2C,5022.1,41111,1463,109,38.81,17170.44
2026-02-24,Bengaluru,B2B,376.1,1880,75,3,0.0,0.0
2026-02-24,Chennai,D2C,5228.94,60068,2954,373,58.15,25386.32
2026-02-24,Chennai,B2B,542.39,2711,108,5,0.0,0.0
2026-02-24,Panaji,D2C,5557.47,54849,2287,227,53.37,23539.66
2026-02-24,Panaji,B2B,404.92,2024,80,4,0.0,0.0
2026-02-25,Mumbai,D2C,2701.06,31054,1443,105,49.27,21389.46
2026-02-25,Mumbai,B2B,507.99,2539,101,5,0.0,0.0
2026-02-25,Pune,D2C,6107.29,50152,1565,191,51.85,24004.43
2026-02-25,Pune,B2B,406.88,2034,81,4,0.0,0.0
2026-02-25,Bengaluru,D2C,6243.55,60751,1518,124,56.58,26672.21
2026-02-25,Bengaluru,B2B,585.19,2925,117,5,0.0,0.0
2026-02-25,Chennai,D2C,5677.0,63850,2777,328,54.24,27029.19
2026-02-25,Chennai,B2B,610.88,3054,122,6,0.0,0.0
2026-02-25,Panaji,D2C,3631.06,39121,1867,126,32.61,15918.75
2026-02-25,Panaji,B2B,531.81,2659,106,5,0.0,0.0
2026-02-26,Mumbai,D2C,4770.94,50766,1517,208,38.25,15445.83
2026-02-26,Mumbai,B2B,542.54,2712,108,5,0.0,0.0
2026-02-26,Pune,D2C,4326.37,35747,1525,101,62.94,27494.04
2026-02-26,Pune,B2B,408.2,2040,81,4,0.0,0.0
2026-02-26,Bengaluru,D2C,3878.15,39940,1470,186,54.73,25564.42
2026-02-26,Bengaluru,B2B,569.7,2848,113,5,0.0,0.0
2026-02-26,Chennai,D2C,5968.38,71386,3182,173,51.01,23321.78
2026-02-26,Chennai,B2B,487.39,2436,97,4,0.0,0.0
2026-02-26,Panaji,D2C,5393.77,49248,1256,69,57.77,27087.85
2026-02-26,Panaji,B2B,673.25,3366,134,6,0.0,0.0
2026-02-27,Mumbai,D2C,6025.41,50596,2077,180,64.87,31342.12
2026-02-27,Mumbai,B2B,343.05,1715,68,3,0.0,0.0
2026-02-27,Pune,D2C,4735.39,51784,2238,287,42.26,17716.67
2026-02-27,Pune,B2B,528.46,2642,105,5,0.0,0.0
2026-02-27,Bengaluru,D2C,6527.01,54949,2280,182,47.12,19542.08
2026-02-27,Bengaluru,B2B,557.01,2785,111,5,0.0,0.0
2026-02-27,Chennai,D2C,5840.92,47210,1081,85,63.42,25993.69
2026-02-27,Chennai,B2B,332.06,1660,66,3,0.0,0.0
2026-02-27,Panaji,D2C,3989.91,34667,763,89,46.22,22328.4
2026-02-27,Panaji,B2B,516.12,2580,103,5,0.0,0.0
2026-02-28,Mumbai,D2C,6046.65,58251,1692,98,75.41,34298.43
2026-02-28,Mumbai,B2B,423.81,2119,84,4,0.0,0.0
2026-02-28,Pune,D2C,5624.8,47016,1846,120,53.04,24552.08
2026-02-28,Pune,B2B,613.56,3067,122,6,0.0,0.0
2026-02-28,Bengaluru,D2C,5687.55,48891,1485,80,64.84,32111.52
2026-02-28,Bengaluru,B2B,604.86,3024,120,6,0.0,0.0
2026-02-28,Chennai,D2C,4606.95,52642,1924,105,67.0,32352.62
2026-02-28,Chennai,B2B,477.51,2387,95,4,0.0,0.0
2026-02-28,Panaji,D2C,2877.87,32630,1298,72,52.51,21779.42
2026-02-28,Panaji,B2B,418.31,2091,83,4,0.0,0.0
2026-03-01,Mumbai,D2C,5736.62,49810,2296,211,62.66,28222.15
2026-03-01,Mumbai,B2B,632.87,3164,126,6,0.0,0.0
2026-03-01,Pune,D2C,4838.99,45745,2093,202,42.21,20826.75
2026-03-01,Pune,B2B,676.35,3381,135,6,0.0,0.0
2026-03-01,Bengaluru,D2C,4523.02,50291,1366,103,43.95,20210.2
2026-03-01,Bengaluru,B2B,438.35,2191,87,4,0.0,0.0
2026-03-01,Chennai,D2C,6079.52,57483,1894,168,76.41,36433.59
2026-03-01,Chennai,B2B,569.18,2845,113,5,0.0,0.0
2026-03-01,Panaji,D2C,4497.03,47002,1600,209,59.27,26701.05
2026-03-01,Panaji,B2B,373.22,1866,74,3,0.0,0.0
2026-03-02,Mumbai,D2C,5433.73,64257,1798,138,69.62,33224.71
2026-03-02,Mumbai,B2B,561.22,2806,112,5,0.0,0.0
2026-03-02,Pune,D2C,4002.91,34517,822,42,51.57,22480.1
2026-03-02,Pune,B2B,535.85,2679,107,5,0.0,0.0
2026-03-02,Bengaluru,D2C,4688.78,55171,1633,136,62.99,29277.06
2026-03-02,Bengaluru,B2B,430.64,2153,86,4,0.0,0.0
2026-03-02,Chennai,D2C,5903.73,52118,2588,344,61.04,28461.43
2026-03-02,Chennai,B2B,639.66,3198,127,6,0.0,0.0
2026-03-02,Panaji,D2C,4497.11,53272,1919,168,59.08,26731.57
2026-03-02,Panaji,B2B,516.95,2584,103,5,0.0,0.0
2026-03-03,Mumbai,D2C,4256.64,37865,1277,78,52.3,22884.23
2026-03-03,Mumbai,B2B,551.55,2757,110,5,0.0,0.0
2026-03-03,Pune,D2C,18157.95,203219,7548,1121,107.09,43429.0
2026-03-03,Pune,B2B,452.73,2263,90,4,0.0,0.0
2026-03-03,Bengaluru,D2C,4557.23,45382,2224,322,66.96,32586.6
2026-03-03,Bengaluru,B2B,598.03,2990,119,5,0.0,0.0
2026-03-03,Chennai,D2C,4922.15,53333,2607,279,38.07,17500.74
2026-03-03,Chennai,B2B,511.28,2556,102,5,0.0,0.0
2026-03-03,Panaji,D2C,3951.85,41075,1282,112,35.62,17596.48
2026-03-03,Panaji,B2B,569.92,2849,113,5,0.0,0.0
2026-03-04,Mumbai,D2C,17325.43,164217,6273,597,117.01,51784.37
2026-03-04,Mumbai,B2B,585.86,2929,117,5,0.0,0.0
2026-03-04,Pune,D2C,5808.54,54112,1799,124,55.25,22969.76
2026-03-04,Pune,B2B,404.19,2020,80,4,0.0,0.0
2026-03-04,Bengaluru,D2C,6932.96,79621,2034,147,69.17,30908.4
2026-03-04,Bengaluru,B2B,569.67,2848,113,5,0.0,0.0
2026-03-04,Chennai,D2C,3911.65,40947,985,86,56.61,25863.45
2026-03-04,Chennai,B2B,499.82,2499,99,4,0.0,0.0
2026-03-04,Panaji,D2C,4727.12,47601,2156,201,49.27,24170.64
2026-03-04,Panaji,B2B,416.06,2080,83,4,0.0,0.0
2026-03-05,Mumbai,D2C,6659.33,69462,2589,232,81.23,39653.19
2026-03-05,Mumbai,B2B,690.99,3454,138,6,0.0,0.0
2026-03-05,Pune,D2C,5244.73,45836,1337,170,52.64,25700.56
2026-03-05,Pune,B2B,663.56,3317,132,6,0.0,0.0
2026-03-05,Bengaluru,D2C,5028.06,50619,2362,351,39.56,16338.62
2026-03-05,Bengaluru,B2B,381.64,1908,76,3,0.0,0.0
2026-03-05,Chennai,D2C,5388.02,58908,1894,213,64.96,29543.65
2026-03-05,Chennai,B2B,420.83,2104,84,4,0.0,0.0
2026-03-05,Panaji,D2C,4133.18,42088,1425,199,61.29,29551.24
2026-03-05,Panaji,B2B,508.32,2541,101,5,0.0,0.0
2026-03-06,Mumbai,D2C,6441.95,57529,1742,99,53.45,23840.62
2026-03-06,Mumbai,B2B,417.25,2086,83,4,0.0,0.0
2026-03-06,Pune,D2C,4905.04,43730,1125,114,58.57,23686.85
2026-03-06,Pune,B2B,523.18,2615,104,5,0.0,0.0
2026-03-06,Bengaluru,D2C,4762.83,51679,1826,120,65.37,28063.42
2026-03-06,Bengaluru,B2B,350.72,1753,70,3,0.0,0.0
2026-03-06,Chennai,D2C,5872.65,58691,2258,188,64.3,28700.52
2026-03-06,Chennai,B2B,572.06,2860,114,5,0.0,0.0
2026-03-06,Panaji,D2C,6124.8,70605,3216,323,58.31,25434.77
2026-03-06,Panaji,B2B,480.27,2401,96,4,0.0,0.0
2026-03-07,Mumbai,D2C,6701.42,74525,2929,180,56.23,23272.06
2026-03-07,Mumbai,B2B,584.49,2922,116,5,0.0,0.0
2026-03-07,Pune,D2C,5333.84,56586,1992,129,48.56,20087.16
2026-03-07,Pune,B2B,550.98,2754,110,5,0.0,0.0
2026-03-07,Bengaluru,D2C,4245.56,45720,1544,98,42.83,18505.07
2026-03-07,Bengaluru,B2B,549.94,2749,109,5,0.0,0.0
2026-03-07,Chennai,D2C,4338.27,47911,1226,149,54.95,26090.33
2026-03-07,Chennai,B2B,534.33,2671,106,5,0.0,0.0
2026-03-07,Panaji,D2C,4587.31,43411,1901,235,65.21,26464.34
2026-03-07,Panaji,B2B,462.51,2312,92,4,0.0,0.0
2026-03-08,Mumbai,D2C,4073.95,34260,1345,110,52.11,25188.1
2026-03-08,Mumbai,B2B,376.81,1884,75,3,0.0,0.0
2026-03-08,Pune,D2C,5809.74,60527,1943,247,61.2,27507.55
2026-03-08,Pune,B2B,505.88,2529,101,5,0.0,0.0
2026-03-08,Bengaluru,D2C,4779.99,49866,1930,181,51.39,25487.27
2026-03-08,Bengaluru,B2B,573.94,2869,114,5,0.0,0.0
2026-03-08,Chennai,D2C,4464.35,53136,2220,314,43.56,20655.23
2026-03-08,Chennai,B2B,532.01,2660,106,5,0.0,0.0
2026-03-08,Panaji,D2C,3999.3,42031,1447,192,57.96,28111.81
2026-03-08,Panaji,B2B,604.31,3021,120,6,0.0,0.0
2026-03-09,Mumbai,D2C,4944.57,55999,1943,145,53.0,21950.33
2026-03-09,Mumbai,B2B,641.13,3205,128,6,0.0,0.0
2026-03-09,Pune,D2C,3924.13,46406,2009,258,50.86,24610.74
2026-03-09,Pune,B2B,625.65,3128,125,6,0.0,0.0
2026-03-09,Bengaluru,D2C,5546.8,48625,2348,211,56.92,23464.64
2026-03-09,Bengaluru,B2B,643.47,3217,128,6,0.0,0.0
2026-03-09,Chennai,D2C,7259.28,86391,4232,359,84.83,37795.54
2026-03-09,Chennai,B2B,581.48,2907,116,5,0.0,0.0
2026-03-09,Panaji,D2C,4600.99,54586,2642,312,60.97,25465.11
2026-03-09,Panaji,B2B,549.49,2747,109,5,0.0,0.0
2026-03-10,Mumbai,D2C,5780.16,48857,1136,139,43.4,19390.31
2026-03-10,Mumbai,B2B,646.49,3232,129,6,0.0,0.0
2026-03-10,Pune,D2C,5727.35,61505,2181,210,52.89,25716.02
2026-03-10,Pune,B2B,294.03,1470,58,2,0.0,0.0
2026-03-10,Bengaluru,D2C,3808.18,35945,1632,135,52.51,21242.45
2026-03-10,Bengaluru,B2B,416.22,2081,83,4,0.0,0.0
2026-03-10,Chennai,D2C,3428.6,40691,1376,182,49.76,24718.81
2026-03-10,Chennai,B2B,385.29,1926,77,3,0.0,0.0
2026-03-10,Panaji,D2C,15901.98,143201,6823,973,113.42,56503.47
2026-03-10,Panaji,B2B,680.64,3403,136,6,0.0,0.0
2026-03-11,Mumbai,D2C,4872.37,55496,2544,283,67.3,30283.46
2026-03-11,Mumbai,B2B,481.58,2407,96,4,0.0,0.0
2026-03-11,Pune,D2C,4884.15,56976,1802,180,46.43,21651.82
2026-03-11,Pune,B2B,598.11,2990,119,5,0.0,0.0
2026-03-11,Bengaluru,D2C,3930.88,32242,1180,93,35.54,16958.43
2026-03-11,Bengaluru,B2B,456.2,2280,91,4,0.0,0.0
2026-03-11,Chennai,D2C,4321.96,44719,1779,92,40.82,18087.78
2026-03-11,Chennai,B2B,430.66,2153,86,4,0.0,0.0
2026-03-11,Panaji,D2C,5768.74,60592,1826,219,70.01,32170.35
2026-03-11,Panaji,B2B,466.38,2331,93,4,0.0,0.0
2026-03-12,Mumbai,D2C,5696.48,52685,2232,157,67.15,32264.19
2026-03-12,Mumbai,B2B,579.53,2897,115,5,0.0,0.0
2026-03-12,Pune,D2C,4889.35,41065,1737,240,57.72,23918.65
2026-03-12,Pune,B2B,631.61,3158,126,6,0.0,0.0
2026-03-12,Bengaluru,D2C,6978.71,76385,3745,230,66.03,30978.87
2026-03-12,Bengaluru,B2B,360.98,1804,72,3,0.0,0.0
2026-03-12,Chennai,D2C,5010.68,48649,1589,119,64.35,32085.22
2026-03-12,Chennai,B2B,542.26,2711,108,5,0.0,0.0
2026-03-12,Panaji,D2C,5446.16,49064,1085,107,40.05,17069.6
2026-03-12,Panaji,B2B,617.09,3085,123,6,0.0,0.0
2026-03-13,Mumbai,D2C,4679.02,55285,1567,147,64.94,30372.54
2026-03-13,Mumbai,B2B,456.48,2282,91,4,0.0,0.0
2026-03-13,Pune,D2C,6498.39,74800,2938,408,61.89,26470.53
2026-03-13,Pune,B2B,586.04,2930,117,5,0.0,0.0
2026-03-13,Bengaluru,D2C,5112.38,41720,1331,192,44.68,22076.58
2026-03-13,Bengaluru,B2B,602.99,3014,120,6,0.0,0.0
2026-03-13,Chennai,D2C,6958.15,77260,3005,445,70.31,34980.53
2026-03-13,Chennai,B2B,584.85,2924,116,5,0.0,0.0
2026-03-13,Panaji,D2C,2829.78,24456,1205,98,38.01,16246.72
2026-03-13,Panaji,B2B,408.49,2042,81,4,0.0,0.0
2026-03-14,Mumbai,D2C,4350.68,47784,1223,89,59.13,24204.63
2026-03-14,Mumbai,B2B,511.68,2558,102,5,0.0,0.0
2026-03-14,Pune,D2C,4609.87,49767,1129,156,64.82,26610.07
2026-03-14,Pune,B2B,494.89,2474,98,4,0.0,0.0
2026-03-14,Bengaluru,D2C,6750.84,76600,3178,270,71.25,35200.22
2026-03-14,Bengaluru,B2B,376.62,1883,75,3,0.0,0.0
2026-03-14,Chennai,D2C,4722.92,47191,1711,136,57.29,26611.68
2026-03-14,Chennai,B2B,441.85,2209,88,4,0.0,0.0
2026-03-14,Panaji,D2C,4043.0,38104,1323,188,47.07,18893.61
2026-03-14,Panaji,B2B,519.28,2596,103,5,0.0,0.0
2026-03-15,Mumbai,D2C,6282.85,63164,1736,167,61.97,30985.69
2026-03-15,Mumbai,B2B,475.53,2377,95,4,0.0,0.0
2026-03-15,Pune,D2C,6368.41,59977,2662,264,79.59,35474.42
2026-03-15,Pune,B2B,601.56,3007,120,6,0.0,0.0
2026-03-15,Bengaluru,D2C,15590.96,140349,4296,532,93.29,37582.41
2026-03-15,Bengaluru,B2B,453.39,2266,90,4,0.0,0.0
2026-03-15,Chennai,D2C,3661.95,36613,1510,108,53.28,25154.1
2026-03-15,Chennai,B2B,676.54,3382,135,6,0.0,0.0
2026-03-15,Panaji,D2C,6905.0,66580,3213,300,82.49,33464.83
2026-03-15,Panaji,B2B,444.18,2220,88,4,0.0,0.0
2026-03-16,Mumbai,D2C,5610.24,66668,1592,222,63.34,26975.73
2026-03-16,Mumbai,B2B,664.08,3320,132,6,0.0,0.0
2026-03-16,Pune,D2C,4843.5,46281,2107,239,39.71,18461.83
2026-03-16,Pune,B2B,588.9,2944,117,5,0.0,0.0
2026-03-16,Bengaluru,D2C,4634.62,37485,987,102,50.43,22701.45
2026-03-16,Bengaluru,B2B,371.96,1859,74,3,0.0,0.0
2026-03-16,Chennai,D2C,5809.93,54798,2544,291,65.29,27925.22
2026-03-16,Chennai,B2B,389.63,1948,77,3,0.0,0.0
2026-03-16,Panaji,D2C,4862.54,51763,2047,278,39.76,17611.9
2026-03-16,Panaji,B2B,511.76,2558,102,5,0.0,0.0
2026-03-17,Mumbai,D2C,14327.04,166094,5948,802,63.43,26816.03
2026-03-17,Mumbai,B2B,418.16,2090,83,4,0.0,0.0
2026-03-17,Pune,D2C,4323.03,41268,1078,60,35.49,16892.53
2026-03-17,Pune,B2B,356.24,1781,71,3,0.0,0.0
2026-03-17,Bengaluru,D2C,6698.69,57216,1389,174,70.44,30838.43
2026-03-17,Bengaluru,B2B,458.55,2292,91,4,0.0,0.0
2026-03-17,Chennai,D2C,4567.01,38441,1802,195,65.36,28406.47
2026-03-17,Chennai,B2B,354.81,1774,70,3,0.0,0.0
2026-03-17,Panaji,D2C,3952.66,33670,675,96,48.88,24082.04
2026-03-17,Panaji,B2B,562.83,2814,112,5,0.0,0.0
2026-03-18,Mumbai,D2C,3764.55,40748,1506,214,31.46,14811.25
2026-03-18,Mumbai,B2B,380.79,1903,76,3,0.0,0.0
2026-03-18,Pune,D2C,3995.96,40040,965,67,44.51,19622.55
2026-03-18,Pune,B2B,446.72,2233,89,4,0.0,0.0
2026-03-18,Bengaluru,D2C,12428.24,147659,7132,701,111.21,51973.94
2026-03-18,Bengaluru,B2B,455.5,2277,91,4,0.0,0.0
2026-03-18,Chennai,D2C,5220.88,60526,2023,110,42.93,17457.78
2026-03-18,Chennai,B2B,570.67,2853,114,5,0.0,0.0
2026-03-18,Panaji,D2C,4635.9,40179,1340,112,49.96,22130.16
2026-03-18,Panaji,B2B,373.33,1866,74,3,0.0,0.0
2026-03-19,Mumbai,D2C,5545.17,46563,2122,213,65.77,27724.18
2026-03-19,Mumbai,B2B,518.02,2590,103,5,0.0,0.0
2026-03-19,Pune,D2C,4192.89,46834,1991,106,58.24,24100.94
2026-03-19,Pune,B2B,527.75,2638,105,5,0.0,0.0
2026-03-19,Bengaluru,D2C,5397.51,57458,2197,133,60.83,29953.31
2026-03-19,Bengaluru,B2B,356.93,1784,71,3,0.0,0.0
2026-03-19,Chennai,D2C,5325.56,52395,1499,128,37.54,18702.32
2026-03-19,Chennai,B2B,386.33,1931,77,3,0.0,0.0
2026-03-19,Panaji,D2C,5013.32,50922,1599,137,51.83,22161.23
2026-03-19,Panaji,B2B,735.61,3678,147,7,0.0,0.0
2026-03-20,Mumbai,D2C,5228.76,45026,944,70,71.58,34562.77
2026-03-20,Mumbai,B2B,370.7,1853,74,3,0.0,0.0
2026-03-20,Pune,D2C,5698.98,68006,1964,145,61.83,27069.87
2026-03-20,Pune,B2B,515.61,2578,103,5,0.0,0.0
2026-03-20,Bengaluru,D2C,3530.76,32140,691,97,55.95,27811.72
2026-03-20,Bengaluru,B2B,595.21,2976,119,5,0.0,0.0
2026-03-20,Chennai,D2C,5972.13,50785,1304,102,73.04,30477.37
2026-03-20,Chennai,B2B,615.2,3075,123,6,0.0,0.0
2026-03-20,Panaji,D2C,5043.86,42575,1195,174,44.96,19317.61
2026-03-20,Panaji,B2B,581.39,2906,116,5,0.0,0.0
2026-03-21,Mumbai,D2C,4675.6,49417,1663,175,38.37,18427.03
2026-03-21,Mumbai,B2B,473.55,2367,94,4,0.0,0.0
2026-03-21,Pune,D2C,4351.66,47646,2242,165,48.03,20099.69
2026-03-21,Pune,B2B,482.49,2412,96,4,0.0,0.0
2026-03-21,Bengaluru,D2C,5394.37,58580,2126,282,46.7,22900.4
2026-03-21,Bengaluru,B2B,271.7,1358,54,2,0.0,0.0
2026-03-21,Chennai,D2C,5632.05,49340,1988,241,74.5,33832.05
2026-03-21,Chennai,B2B,556.23,2781,111,5,0.0,0.0
2026-03-21,Panaji,D2C,5914.91,51512,1534,159,45.0,18099.87
2026-03-21,Panaji,B2B,386.11,1930,77,3,0.0,0.0
2026-03-22,Mumbai,D2C,17587.07,170870,7324,1064,131.65,58216.62
2026-03-22,Mumbai,B2B,461.52,2307,92,4,0.0,0.0
2026-03-22,Pune,D2C,5754.31,57711,1378,189,51.5,23825.6
2026-03-22,Pune,B2B,629.95,3149,125,6,0.0,0.0
2026-03-22,Bengaluru,D2C,4577.74,50411,2463,196,39.4,17740.56
2026-03-22,Bengaluru,B2B,450.96,2254,90,4,0.0,0.0
2026-03-22,Chennai,D2C,3687.95,34840,891,74,47.48,22440.97
2026-03-22,Chennai,B2B,497.85,2489,99,4,0.0,0.0
2026-03-22,Panaji,D2C,7716.95,89970,4306,509,44.7,20279.6
2026-03-22,Panaji,B2B,307.77,1538,61,3,0.0,0.0
2026-03-23,Mumbai,D2C,6245.62,57951,1964,127,53.62,26048.46
2026-03-23,Mumbai,B2B,546.64,2733,109,5,0.0,0.0
2026-03-23,Pune,D2C,4746.88,41266,1005,142,64.83,26142.78
2026-03-23,Pune,B2B,402.1,2010,80,4,0.0,0.0
2026-03-23,Bengaluru,D2C,5761.34,57486,2859,155,46.85,20596.31
2026-03-23,Bengaluru,B2B,623.26,3116,124,6,0.0,0.0
2026-03-23,Chennai,D2C,5804.37,47482,1530,140,74.87,34435.04
2026-03-23,Chennai,B2B,490.41,2452,98,4,0.0,0.0
2026-03-23,Panaji,D2C,6393.86,67392,1827,251,69.25,32838.18
2026-03-23,Panaji,B2B,588.66,2943,117,5,0.0,0.0
2026-03-24,Mumbai,D2C,4992.18,46512,2101,265,60.79,30380.09
2026-03-24,Mumbai,B2B,380.02,1900,76,3,0.0,0.0
2026-03-24,Pune,D2C,5879.74,54399,1350,188,61.17,29513.8
2026-03-24,Pune,B2B,410.1,2050,82,4,0.0,0.0
2026-03-24,Bengaluru,D2C,3513.65,33471,1646,83,58.85,29310.61
2026-03-24,Bengaluru,B2B,524.07,2620,104,5,0.0,0.0
2026-03-24,Chennai,D2C,4992.33,47838,994,72,68.72,27584.14
2026-03-24,Chennai,B2B,516.25,2581,103,5,0.0,0.0
2026-03-24,Panaji,D2C,4209.4,35158,1609,175,61.7,28929.12
2026-03-24,Panaji,B2B,508.57,2542,101,5,0.0,0.0
2026-03-25,Mumbai,D2C,5010.23,51631,1782,239,58.2,27944.68
2026-03-25,Mumbai,B2B,548.76,2743,109,5,0.0,0.0
2026-03-25,Pune,D2C,4392.79,38650,1449,170,66.19,26676.74
2026-03-25,Pune,B2B,556.28,2781,111,5,0.0,0.0
2026-03-25,Bengaluru,D2C,6196.62,67840,3182,261,42.83,17380.67
2026-03-25,Bengaluru,B2B,462.18,2310,92,4,0.0,0.0
2026-03-25,Chennai,D2C,5454.69,51048,1602,233,39.28,18753.18
2026-03-25,Chennai,B2B,569.48,2847,113,5,0.0,0.0
2026-03-25,Panaji,D2C,4905.99,45741,1905,230,53.75,25678.55
2026-03-25,Panaji,B2B,496.12,2480,99,4,0.0,0.0
2026-03-26,Mumbai,D2C,3344.27,34635,705,98,44.69,21758.87
2026-03-26,Mumbai,B2B,562.89,2814,112,5,0.0,0.0
2026-03-26,Pune,D2C,4855.69,46920,1571,219,62.3,25708.84
2026-03-26,Pune,B2B,600.36,3001,120,6,0.0,0.0
2026-03-26,Bengaluru,D2C,6349.45,59692,1859,227,59.76,27314.6
2026-03-26,Bengaluru,B2B,545.1,2725,109,5,0.0,0.0
2026-03-26,Chennai,D2C,5948.43,51080,1468,147,51.76,23644.48
2026-03-26,Chennai,B2B,572.75,2863,114,5,0.0,0.0
2026-03-26,Panaji,D2C,5014.67,50842,1661,130,67.42,28213.29
2026-03-26,Panaji,B2B,432.83,2164,86,4,0.0,0.0
2026-03-27,Mumbai,D2C,5518.84,63497,1507,149,54.12,21692.11
2026-03-27,Mumbai,B2B,522.16,2610,104,5,0.0,0.0
2026-03-27,Pune,D2C,2945.25,34616,781,64,39.18,17457.55
2026-03-27,Pune,B2B,410.98,2054,82,4,0.0,0.0
2026-03-27,Bengaluru,D2C,14079.94,152632,7104,720,93.81,39050.97
2026-03-27,Bengaluru,B2B,648.89,3244,129,6,0.0,0.0
2026-03-27,Chennai,D2C,4296.31,50320,1794,124,41.49,18190.88
2026-03-27,Chennai,B2B,425.77,2128,85,4,0.0,0.0
2026-03-27,Panaji,D2C,4004.65,41083,1119,64,32.41,13779.88
2026-03-27,Panaji,B2B,704.59,3522,140,7,0.0,0.0
2026-03-28,Mumbai,D2C,4733.96,51435,1971,266,44.11,21545.8
2026-03-28,Mumbai,B2B,433.61,2168,86,4,0.0,0.0
2026-03-28,Pune,D2C,3423.56,28731,1415,90,39.23,16943.93
2026-03-28,Pune,B2B,339.72,1698,67,3,0.0,0.0
2026-03-28,Bengaluru,D2C,4621.61,48909,2440,178,43.49,21624.63
2026-03-28,Bengaluru,B2B,586.41,2932,117,5,0.0,0.0
2026-03-28,Chennai,D2C,5046.38,59191,2926,384,46.7,20564.17
2026-03-28,Chennai,B2B,367.14,1835,73,3,0.0,0.0
2026-03-28,Panaji,D2C,5428.84,52526,2085,138,52.86,24483.73
2026-03-28,Panaji,B2B,471.72,2358,94,4,0.0,0.0
2026-03-29,Mumbai,D2C,10310.94,115659,5398,793,87.29,39706.33
2026-03-29,Mumbai,B2B,374.22,1871,74,3,0.0,0.0
2026-03-29,Pune,D2C,6705.33,76313,1548,111,68.19,33380.99
2026-03-29,Pune,B2B,584.49,2922,116,5,0.0,0.0
2026-03-29,Bengaluru,D2C,4200.24,46000,1942,214,41.85,20611.52
2026-03-29,Bengaluru,B2B,671.34,3356,134,6,0.0,0.0
2026-03-29,Chennai,D2C,6429.73,60286,2787,153,60.63,27173.91
2026-03-29,Chennai,B2B,525.53,2627,105,5,0.0,0.0
2026-03-29,Panaji,D2C,4163.15,48727,1810,109,38.49,19239.89
2026-03-29,Panaji,B2B,596.39,2981,119,5,0.0,0.0
2026-03-30,Mumbai,D2C,5449.73,62902,2683,294,37.31,18205.31
2026-03-30,Mumbai,B2B,376.09,1880,75,3,0.0,0.0
2026-03-30,Pune,D2C,5739.62,61855,1365,169,50.68,22054.21
2026-03-30,Pune,B2B,490.52,2452,98,4,0.0,0.0
2026-03-30,Bengaluru,D2C,4445.8,42115,1757,102,53.04,23774.06
2026-03-30,Bengaluru,B2B,398.63,1993,79,3,0.0,0.0
2026-03-30,Chennai,D2C,6508.23,66705,1483,125,49.45,23333.77
2026-03-30,Chennai,B2B,475.24,2376,95,4,0.0,0.0
2026-03-30,Panaji,D2C,6657.74,55565,2337,311,77.66,35505.77
2026-03-30,Panaji,B2B,493.46,2467,98,4,0.0,0.0
2026-03-31,Mumbai,D2C,5816.49,50352,1114,91,56.19,28082.81
2026-03-31,Mumbai,B2B,582.15,2910,116,5,0.0,0.0
2026-03-31,Pune,D2C,6655.07,58683,1276,133,69.35,34665.01
2026-03-31,Pune,B2B,449.52,2247,89,4,0.0,0.0
2026-03-31,Bengaluru,D2C,5782.12,62201,2360,130,41.0,16485.31
2026-03-31,Bengaluru,B2B,472.1,2360,94,4,0.0,0.0
2026-03-31,Chennai,D2C,6357.78,66269,1899,246,71.7,34238.86
2026-03-31,Chennai,B2B,428.65,2143,85,4,0.0,0.0
2026-03-31,Panaji,D2C,3184.07,27842,798,54,47.24,22135.8
2026-03-31,Panaji,B2B,520.93,2604,104,5,0.0,0.0
2026-04-01,Mumbai,D2C,4005.89,46647,1643,149,50.28,21081.38
2026-04-01,Mumbai,B2B,679.64,3398,135,6,0.0,0.0
2026-04-01,Pune,D2C,4738.36,42536,1989,205,51.06,23943.47
2026-04-01,Pune,B2B,398.24,1991,79,3,0.0,0.0
2026-04-01,Bengaluru,D2C,5298.81,48688,1678,199,45.23,20509.68
2026-04-01,Bengaluru,B2B,618.62,3093,123,6,0.0,0.0
2026-04-01,Chennai,D2C,4476.19,51376,1752,258,35.98,14404.35
2026-04-01,Chennai,B2B,688.71,3443,137,6,0.0,0.0
2026-04-01,Panaji,D2C,6393.72,63334,1503,100,74.05,36046.66
2026-04-01,Panaji,B2B,335.49,1677,67,3,0.0,0.0
2026-04-02,Mumbai,D2C,6179.15,54448,1788,213,60.42,24280.19
2026-04-02,Mumbai,B2B,624.87,3124,124,6,0.0,0.0
2026-04-02,Pune,D2C,5694.34,47741,1675,160,53.21,25729.03
2026-04-02,Pune,B2B,357.23,1786,71,3,0.0,0.0
2026-04-02,Bengaluru,D2C,4389.6,35867,1157,140,39.88,18528.14
2026-04-02,Bengaluru,B2B,483.3,2416,96,4,0.0,0.0
2026-04-02,Chennai,D2C,3894.29,41822,1421,118,50.52,25148.58
2026-04-02,Chennai,B2B,584.5,2922,116,5,0.0,0.0
2026-04-02,Panaji,D2C,3080.32,25581,936,77,31.12,13898.92
2026-04-02,Panaji,B2B,370.28,1851,74,3,0.0,0.0
2026-04-03,Mumbai,D2C,5193.59,51802,1714,131,61.27,25283.32
2026-04-03,Mumbai,B2B,356.0,1779,71,3,0.0,0.0
2026-04-03,Pune,D2C,4981.34,49761,1647,147,52.92,23966.29
2026-04-03,Pune,B2B,710.04,3550,142,7,0.0,0.0
2026-04-03,Bengaluru,D2C,6108.53,58972,1840,190,56.79,27770.44
2026-04-03,Bengaluru,B2B,600.72,3003,120,6,0.0,0.0
2026-04-03,Chennai,D2C,5616.05,66741,2607,381,43.4,17586.47
2026-04-03,Chennai,B2B,530.34,2651,106,5,0.0,0.0
2026-04-03,Panaji,D2C,5281.6,46732,1665,191,47.79,22531.91
2026-04-03,Panaji,B2B,504.61,2523,100,5,0.0,0.0
2026-04-04,Mumbai,D2C,3999.45,38307,881,111,43.17,21067.57
2026-04-04,Mumbai,B2B,379.65,1898,75,3,0.0,0.0
2026-04-04,Pune,D2C,2596.76,24145,933,55,41.3,17659.28
2026-04-04,Pune,B2B,544.36,2721,108,5,0.0,0.0
2026-04-04,Bengaluru,D2C,5037.61,48896,1083,150,57.19,23536.35
2026-04-04,Bengaluru,B2B,465.58,2327,93,4,0.0,0.0
2026-04-04,Chennai,D2C,4051.12,42242,1869,233,38.28,18614.58
2026-04-04,Chennai,B2B,877.75,4388,175,8,0.0,0.0
2026-04-04,Panaji,D2C,5440.51,54104,2051,153,65.33,30226.73
2026-04-04,Panaji,B2B,484.47,2422,96,4,0.0,0.0
2026-04-05,Mumbai,D2C,5048.51,44346,2211,308,45.92,20851.78
2026-04-05,Mumbai,B2B,478.43,2392,95,4,0.0,0.0
2026-04-05,Pune,D2C,6069.02,57263,2529,252,54.4,26864.76
2026-04-05,Pune,B2B,428.8,2143,85,4,0.0,0.0
2026-04-05,Bengaluru,D2C,1879.75,17002,505,72,36.39,17562.8
2026-04-05,Bengaluru,B2B,599.62,2998,119,5,0.0,0.0
2026-04-05,Chennai,D2C,5328.36,49419,1226,123,50.65,21069.27
2026-04-05,Chennai,B2B,328.37,1641,65,3,0.0,0.0
2026-04-05,Panaji,D2C,6463.42,69830,1489,97,43.05,17263.05
2026-04-05,Panaji,B2B,536.54,2682,107,5,0.0,0.0
2026-04-06,Mumbai,D2C,4125.32,34068,1222,94,57.68,23117.86
2026-04-06,Mumbai,B2B,342.36,1711,68,3,0.0,0.0
2026-04-06,Pune,D2C,5986.69,52900,2636,335,66.8,29130.16
2026-04-06,Pune,B2B,591.27,2956,118,5,0.0,0.0
2026-04-06,Bengaluru,D2C,7043.04,76205,1712,146,60.17,25637.35
2026-04-06,Bengaluru,B2B,560.76,2803,112,5,0.0,0.0
2026-04-06,Chennai,D2C,4763.17,47506,1039,150,60.91,28817.87
2026-04-06,Chennai,B2B,478.53,2392,95,4,0.0,0.0
2026-04-06,Panaji,D2C,5371.03,64075,2718,292,67.82,28180.08
2026-04-06,Panaji,B2B,383.07,1915,76,3,0.0,0.0
2026-04-07,Mumbai,D2C,4135.64,48261,1423,102,35.58,14696.57
2026-04-07,Mumbai,B2B,592.17,2960,118,5,0.0,0.0
2026-04-07,Pune,D2C,3168.74,36380,1584,163,31.03,14613.98
2026-04-07,Pune,B2B,430.49,2152,86,4,0.0,0.0
2026-04-07,Bengaluru,D2C,4300.06,40217,1067,146,62.37,27060.47
2026-04-07,Bengaluru,B2B,476.83,2384,95,4,0.0,0.0
2026-04-07,Chennai,D2C,6010.94,49605,1875,272,48.93,24016.55
2026-04-07,Chennai,B2B,315.66,1578,63,3,0.0,0.0
2026-04-07,Panaji,D2C,4194.14,46931,1286,156,58.68,25575.23
2026-04-07,Panaji,B2B,578.42,2892,115,5,0.0,0.0
2026-04-08,Mumbai,D2C,5356.23,52187,1883,146,42.56,19075.84
2026-04-08,Mumbai,B2B,505.62,2528,101,5,0.0,0.0
2026-04-08,Pune,D2C,6616.64,68916,2630,165,81.2,38755.47
2026-04-08,Pune,B2B,230.94,1154,46,2,0.0,0.0
2026-04-08,Bengaluru,D2C,4775.52,48177,1244,147,65.75,27377.5
2026-04-08,Bengaluru,B2B,598.8,2994,119,5,0.0,0.0
2026-04-08,Chennai,D2C,5214.8,54731,2237,183,65.54,29820.19
2026-04-08,Chennai,B2B,462.7,2313,92,4,0.0,0.0
2026-04-08,Panaji,D2C,5363.74,43342,1183,69,52.81,25822.58
2026-04-08,Panaji,B2B,550.98,2754,110,5,0.0,0.0
2026-04-09,Mumbai,D2C,6183.54,57867,2712,251,70.37,29813.06
2026-04-09,Mumbai,B2B,489.01,2445,97,4,0.0,0.0
2026-04-09,Pune,D2C,5100.74,42632,1482,207,67.03,27125.19
2026-04-09,Pune,B2B,560.62,2803,112,5,0.0,0.0
2026-04-09,Bengaluru,D2C,4475.15,48868,1247,105,55.63,24935.59
2026-04-09,Bengaluru,B2B,318.23,1591,63,3,0.0,0.0
2026-04-09,Chennai,D2C,5352.04,51689,1084,68,48.28,20961.32
2026-04-09,Chennai,B2B,435.59,2177,87,4,0.0,0.0
2026-04-09,Panaji,D2C,5270.33,54791,1493,123,47.91,20727.41
2026-04-09,Panaji,B2B,544.67,2723,108,5,0.0,0.0
2026-04-10,Mumbai,D2C,5358.67,46065,951,68,40.54,19397.85
2026-04-10,Mumbai,B2B,701.37,3506,140,7,0.0,0.0
2026-04-10,Pune,D2C,5332.95,44228,1962,211,45.12,22085.79
2026-04-10,Pune,B2B,442.46,2212,88,4,0.0,0.0
2026-04-10,Bengaluru,D2C,5830.79,48092,2199,178,45.65,20616.78
2026-04-10,Bengaluru,B2B,600.01,3000,120,6,0.0,0.0
2026-04-10,Chennai,D2C,5406.16,59339,2906,211,42.04,20655.84
2026-04-10,Chennai,B2B,648.96,3244,129,6,0.0,0.0
2026-04-10,Panaji,D2C,4303.39,47261,2041,289,46.8,20093.42
2026-04-10,Panaji,B2B,689.79,3448,137,6,0.0,0.0
2026-04-11,Mumbai,D2C,3906.44,37814,929,90,52.84,25360.6
2026-04-11,Mumbai,B2B,681.24,3406,136,6,0.0,0.0
2026-04-11,Pune,D2C,3733.78,41613,1347,161,46.05,19530.36
2026-04-11,Pune,B2B,497.48,2487,99,4,0.0,0.0
2026-04-11,Bengaluru,D2C,3539.36,35435,1239,149,51.9,24537.14
2026-04-11,Bengaluru,B2B,512.49,2562,102,5,0.0,0.0
2026-04-11,Chennai,D2C,6761.01,65488,2483,359,49.04,24059.41
2026-04-11,Chennai,B2B,379.06,1895,75,3,0.0,0.0
2026-04-11,Panaji,D2C,4866.7,51126,1223,169,63.78,29671.56
2026-04-11,Panaji,B2B,468.94,2344,93,4,0.0,0.0
2026-04-12,Mumbai,D2C,5743.25,57416,2357,251,60.17,26059.7
2026-04-12,Mumbai,B2B,492.86,2464,98,4,0.0,0.0
2026-04-12,Pune,D2C,4188.73,45168,2195,321,50.34,23191.35
2026-04-12,Pune,B2B,492.71,2463,98,4,0.0,0.0
2026-04-12,Bengaluru,D2C,5579.21,50986,2042,165,39.21,18945.14
2026-04-12,Bengaluru,B2B,406.8,2033,81,4,0.0,0.0
2026-04-12,Chennai,D2C,4595.63,41393,1048,133,44.8,21524.66
2026-04-12,Chennai,B2B,482.45,2412,96,4,0.0,0.0
2026-04-12,Panaji,D2C,4971.47,52737,2005,285,43.31,19462.68
2026-04-12,Panaji,B2B,369.34,1846,73,3,0.0,0.0
2026-04-13,Mumbai,D2C,3645.26,35851,1376,103,39.27,18115.26
2026-04-13,Mumbai,B2B,575.05,2875,115,5,0.0,0.0
2026-04-13,Pune,D2C,5152.06,48775,1373,131,64.86,28901.81
2026-04-13,Pune,B2B,538.79,2693,107,5,0.0,0.0
2026-04-13,Bengaluru,D2C,4654.55,53446,1106,90,40.41,19929.55
2026-04-13,Bengaluru,B2B,395.31,1976,79,3,0.0,0.0
2026-04-13,Chennai,D2C,5628.21,56216,1519,105,45.87,21599.51
2026-04-13,Chennai,B2B,525.84,2629,105,5,0.0,0.0
2026-04-13,Panaji,D2C,6614.91,62759,2772,286,44.95,21565.31
2026-04-13,Panaji,B2B,622.94,3114,124,6,0.0,0.0
2026-04-14,Mumbai,D2C,4718.54,54125,1543,197,57.39,26388.94
2026-04-14,Mumbai,B2B,255.04,1275,51,2,0.0,0.0
2026-04-14,Pune,D2C,13267.33,118913,3610,481,78.69,37415.65
2026-04-14,Pune,B2B,436.34,2181,87,4,0.0,0.0
2026-04-14,Bengaluru,D2C,6438.21,57682,2645,296,72.91,33913.99
2026-04-14,Bengaluru,B2B,469.43,2347,93,4,0.0,0.0
2026-04-14,Chennai,D2C,3544.01,35943,1786,221,39.51,19072.05
2026-04-14,Chennai,B2B,459.28,2296,91,4,0.0,0.0
2026-04-14,Panaji,D2C,12709.58,107683,4987,666,73.01,31285.72
2026-04-14,Panaji,B2B,594.05,2970,118,5,0.0,0.0
2026-04-15,Mumbai,D2C,5508.28,55650,1502,196,51.47,24878.35
2026-04-15,Mumbai,B2B,634.38,3171,126,6,0.0,0.0
2026-04-15,Pune,D2C,6143.95,59968,2306,131,76.35,34921.07
2026-04-15,Pune,B2B,458.22,2291,91,4,0.0,0.0
2026-04-15,Bengaluru,D2C,6244.15,62997,3012,170,43.98,20218.29
2026-04-15,Bengaluru,B2B,502.87,2514,100,5,0.0,0.0
2026-04-15,Chennai,D2C,4477.87,43072,1924,210,66.83,31989.77
2026-04-15,Chennai,B2B,287.01,1435,57,2,0.0,0.0
2026-04-15,Panaji,D2C,4059.15,46164,961,70,60.68,28156.09
2026-04-15,Panaji,B2B,409.64,2048,81,4,0.0,0.0
2026-04-16,Mumbai,D2C,4291.92,49679,1375,126,60.09,28671.24
2026-04-16,Mumbai,B2B,431.13,2155,86,4,0.0,0.0
2026-04-16,Pune,D2C,5079.69,47260,1167,141,54.86,26630.5
2026-04-16,Pune,B2B,635.97,3179,127,6,0.0,0.0
2026-04-16,Bengaluru,D2C,17923.83,187094,7767,674,81.36,36917.95
2026-04-16,Bengaluru,B2B,369.91,1849,73,3,0.0,0.0
2026-04-16,Chennai,D2C,4502.69,41045,1989,170,33.67,16100.87
2026-04-16,Chennai,B2B,593.91,2969,118,5,0.0,0.0
2026-04-16,Panaji,D2C,4271.73,44563,1560,137,62.05,26332.59
2026-04-16,Panaji,B2B,539.07,2695,107,5,0.0,0.0
2026-04-17,Mumbai,D2C,4346.2,45123,1726,124,54.43,25937.06
2026-04-17,Mumbai,B2B,462.91,2314,92,4,0.0,0.0
2026-04-17,Pune,D2C,6152.54,67878,1426,149,77.24,38476.61
2026-04-17,Pune,B2B,445.65,2228,89,4,0.0,0.0
2026-04-17,Bengaluru,D2C,4537.8,52154,1932,171,37.48,18540.44
2026-04-17,Bengaluru,B2B,327.86,1639,65,3,0.0,0.0
2026-04-17,Chennai,D2C,3201.0,29073,1106,158,52.52,23427.45
2026-04-17,Chennai,B2B,525.04,2625,105,5,0.0,0.0
2026-04-17,Panaji,D2C,4710.33,56211,1636,134,68.28,28225.68
2026-04-17,Panaji,B2B,623.0,3114,124,6,0.0,0.0
2026-04-18,Mumbai,D2C,4861.83,41064,1333,171,50.16,22229.83
2026-04-18,Mumbai,B2B,500.33,2501,100,5,0.0,0.0
2026-04-18,Pune,D2C,7086.63,65433,2921,311,54.74,23511.8
2026-04-18,Pune,B2B,645.06,3225,129,6,0.0,0.0
2026-04-18,Bengaluru,D2C,6319.37,73818,2749,390,41.59,18061.65
2026-04-18,Bengaluru,B2B,350.68,1753,70,3,0.0,0.0
2026-04-18,Chennai,D2C,4005.19,45480,1759,217,42.69,21107.69
2026-04-18,Chennai,B2B,483.39,2416,96,4,0.0,0.0
2026-04-18,Panaji,D2C,4371.59,51037,1903,229,46.85,19786.22
2026-04-18,Panaji,B2B,668.16,3340,133,6,0.0,0.0
2026-04-19,Mumbai,D2C,5727.11,60112,1577,204,73.72,36055.35
2026-04-19,Mumbai,B2B,650.76,3253,130,6,0.0,0.0
2026-04-19,Pune,D2C,4112.6,42690,1555,221,49.25,22237.11
2026-04-19,Pune,B2B,331.42,1657,66,3,0.0,0.0
2026-04-19,Bengaluru,D2C,4168.31,43504,1665,132,59.2,24662.04
2026-04-19,Bengaluru,B2B,257.64,1288,51,2,0.0,0.0
2026-04-19,Chennai,D2C,4080.98,36203,1458,86,36.64,16521.72
2026-04-19,Chennai,B2B,401.95,2009,80,4,0.0,0.0
2026-04-19,Panaji,D2C,5076.08,53299,2061,133,54.99,24120.35
2026-04-19,Panaji,B2B,523.7,2618,104,5,0.0,0.0
2026-04-20,Mumbai,D2C,6097.3,57546,1260,186,43.67,18597.09
2026-04-20,Mumbai,B2B,232.83,1164,46,2,0.0,0.0
2026-04-20,Pune,D2C,4956.37,47268,1109,77,37.03,16435.75
2026-04-20,Pune,B2B,598.73,2993,119,5,0.0,0.0
2026-04-20,Bengaluru,D2C,5362.63,47203,1431,192,39.83,19350.03
2026-04-20,Bengaluru,B2B,629.34,3146,125,6,0.0,0.0
2026-04-20,Chennai,D2C,6252.2,58491,2488,319,48.61,24175.38
2026-04-20,Chennai,B2B,493.94,2469,98,4,0.0,0.0
2026-04-20,Panaji,D2C,6564.29,63147,1310,144,52.25,23160.28
2026-04-20,Panaji,B2B,567.07,2835,113,5,0.0,0.0
2026-04-21,Mumbai,D2C,4257.85,41323,1709,195,38.67,16264.71
2026-04-21,Mumbai,B2B,498.03,2490,99,4,0.0,0.0
2026-04-21,Pune,D2C,4280.02,51264,2028,224,46.12,19889.64
2026-04-21,Pune,B2B,444.16,2220,88,4,0.0,0.0
2026-04-21,Bengaluru,D2C,3136.53,26754,1149,151,31.5,15677.09
2026-04-21,Bengaluru,B2B,497.14,2485,99,4,0.0,0.0
2026-04-21,Chennai,D2C,3354.06,32466,849,78,48.18,19614.26
2026-04-21,Chennai,B2B,497.43,2487,99,4,0.0,0.0
2026-04-21,Panaji,D2C,5733.25,67990,1405,153,67.25,32199.41
2026-04-21,Panaji,B2B,630.03,3150,126,6,0.0,0.0
2026-04-22,Mumbai,D2C,5118.78,41868,1543,140,63.42,27928.67
2026-04-22,Mumbai,B2B,580.96,2904,116,5,0.0,0.0
2026-04-22,Pune,D2C,4343.81,37177,794,82,59.12,27255.85
2026-04-22,Pune,B2B,530.22,2651,106,5,0.0,0.0
2026-04-22,Bengaluru,D2C,6789.79,64148,1887,228,47.86,19206.21
2026-04-22,Bengaluru,B2B,574.27,2871,114,5,0.0,0.0
2026-04-22,Chennai,D2C,5615.96,62515,2512,250,64.39,31061.39
2026-04-22,Chennai,B2B,513.39,2566,102,5,0.0,0.0
2026-04-22,Panaji,D2C,4317.39,42347,1971,166,45.16,21947.46
2026-04-22,Panaji,B2B,385.34,1926,77,3,0.0,0.0
2026-04-23,Mumbai,D2C,7935.97,79059,3197,187,52.5,23122.39
2026-04-23,Mumbai,B2B,627.33,3136,125,6,0.0,0.0
2026-04-23,Pune,D2C,5532.63,63098,1859,272,62.83,27599.96
2026-04-23,Pune,B2B,499.41,2497,99,4,0.0,0.0
2026-04-23,Bengaluru,D2C,5248.74,49636,1738,244,59.1,25994.13
2026-04-23,Bengaluru,B2B,473.3,2366,94,4,0.0,0.0
2026-04-23,Chennai,D2C,4635.21,45190,1543,154,64.14,29528.28
2026-04-23,Chennai,B2B,432.85,2164,86,4,0.0,0.0
2026-04-23,Panaji,D2C,12326.85,144518,7005,1015,107.9,51956.57
2026-04-23,Panaji,B2B,656.06,3280,131,6,0.0,0.0
2026-04-24,Mumbai,D2C,5874.87,50156,1591,234,51.78,25206.01
2026-04-24,Mumbai,B2B,546.88,2734,109,5,0.0,0.0
2026-04-24,Pune,D2C,4728.37,38802,914,63,63.19,25675.42
2026-04-24,Pune,B2B,433.36,2166,86,4,0.0,0.0
2026-04-24,Bengaluru,D2C,5924.1,56264,1476,180,69.7,28845.72
2026-04-24,Bengaluru,B2B,650.27,3251,130,6,0.0,0.0
2026-04-24,Chennai,D2C,3344.98,36585,1322,94,37.88,18814.91
2026-04-24,Chennai,B2B,491.33,2456,98,4,0.0,0.0
2026-04-24,Panaji,D2C,7208.25,59906,1918,209,54.64,26489.29
2026-04-24,Panaji,B2B,428.68,2143,85,4,0.0,0.0
2026-04-25,Mumbai,D2C,4615.3,44396,940,72,47.58,21307.19
2026-04-25,Mumbai,B2B,398.98,1994,79,3,0.0,0.0
2026-04-25,Pune,D2C,3266.09,32778,966,128,44.17,19134.1
2026-04-25,Pune,B2B,533.67,2668,106,5,0.0,0.0
2026-04-25,Bengaluru,D2C,3547.47,42297,1641,226,39.58,17443.23
2026-04-25,Bengaluru,B2B,419.28,2096,83,4,0.0,0.0
2026-04-25,Chennai,D2C,5212.24,57850,1935,199,68.6,31226.43
2026-04-25,Chennai,B2B,533.57,2667,106,5,0.0,0.0
2026-04-25,Panaji,D2C,4579.75,38409,1625,99,47.54,22840.27
2026-04-25,Panaji,B2B,340.33,1701,68,3,0.0,0.0
2026-04-26,Mumbai,D2C,6219.73,73582,1934,104,73.83,35087.74
2026-04-26,Mumbai,B2B,488.43,2442,97,4,0.0,0.0
2026-04-26,Pune,D2C,5641.81,55783,1867,155,57.6,25646.57
2026-04-26,Pune,B2B,500.32,2501,100,5,0.0,0.0
2026-04-26,Bengaluru,D2C,5417.3,59886,2916,333,72.96,31459.65
2026-04-26,Bengaluru,B2B,467.42,2337,93,4,0.0,0.0
2026-04-26,Chennai,D2C,4617.94,53482,1968,155,59.21,26679.35
2026-04-26,Chennai,B2B,376.03,1880,75,3,0.0,0.0
2026-04-26,Panaji,D2C,5268.53,59905,2252,197,39.45,17632.31
2026-04-26,Panaji,B2B,381.89,1909,76,3,0.0,0.0
2026-04-27,Mumbai,D2C,4280.33,50189,2240,254,37.19,15413.51
2026-04-27,Mumbai,B2B,629.83,3149,125,6,0.0,0.0
2026-04-27,Pune,D2C,5245.21,59640,2969,257,52.64,24802.3
2026-04-27,Pune,B2B,416.34,2081,83,4,0.0,0.0
2026-04-27,Bengaluru,D2C,5804.41,58092,2522,181,71.28,28891.04
2026-04-27,Bengaluru,B2B,608.42,3042,121,6,0.0,0.0
2026-04-27,Chennai,D2C,5533.82,60228,2618,375,50.87,23839.71
2026-04-27,Chennai,B2B,630.07,3150,126,6,0.0,0.0
2026-04-27,Panaji,D2C,5594.79,44829,1275,132,44.07,21627.59
2026-04-27,Panaji,B2B,742.15,3710,148,7,0.0,0.0
2026-04-28,Mumbai,D2C,4674.1,45822,1684,84,46.68,19321.82
2026-04-28,Mumbai,B2B,717.48,3587,143,7,0.0,0.0
2026-04-28,Pune,D2C,4784.3,47227,1241,176,36.45,17734.89
2026-04-28,Pune,B2B,695.09,3475,139,6,0.0,0.0
2026-04-28,Bengaluru,D2C,7381.98,87600,2492,271,85.64,41799.57
2026-04-28,Bengaluru,B2B,522.75,2613,104,5,0.0,0.0
2026-04-28,Chennai,D2C,5257.76,46451,1494,124,48.73,23196.52
2026-04-28,Chennai,B2B,501.91,2509,100,5,0.0,0.0
2026-04-28,Panaji,D2C,4506.64,41403,2066,300,65.14,31337.47
2026-04-28,Panaji,B2B,509.0,2545,101,5,0.0,0.0
2026-04-29,Mumbai,D2C,5175.98,46784,1793,96,70.85,34846.65
2026-04-29,Mumbai,B2B,349.34,1746,69,3,0.0,0.0
2026-04-29,Pune,D2C,5306.29,61175,2487,193,52.7,23339.34
2026-04-29,Pune,B2B,263.21,1316,52,2,0.0,0.0
2026-04-29,Bengaluru,D2C,7129.16,59013,2235,114,55.94,27589.87
2026-04-29,Bengaluru,B2B,514.63,2573,102,5,0.0,0.0
2026-04-29,Chennai,D2C,5354.69,49575,1926,242,54.93,26818.73
2026-04-29,Chennai,B2B,484.2,2420,96,4,0.0,0.0
2026-04-29,Panaji,D2C,5225.67,59212,2377,160,69.33,29432.76
2026-04-29,Panaji,B2B,482.16,2410,96,4,0.0,0.0
2026-04-30,Mumbai,D2C,5711.13,50761,1782,237,43.36,19718.15
2026-04-30,Mumbai,B2B,442.09,2210,88,4,0.0,0.0
2026-04-30,Pune,D2C,5730.79,63832,2526,235,42.09,19825.4
2026-04-30,Pune,B2B,542.81,2714,108,5,0.0,0.0
2026-04-30,Bengaluru,D2C,4997.15,53762,2236,236,43.24,21370.07
2026-04-30,Bengaluru,B2B,463.14,2315,92,4,0.0,0.0
2026-04-30,Chennai,D2C,3961.77,46304,2158,195,32.68,13229.22
2026-04-30,Chennai,B2B,577.59,2887,115,5,0.0,0.0
2026-04-30,Panaji,D2C,5849.89,61630,2558,132,42.26,18423.61
2026-04-30,Panaji,B2B,357.77,1788,71,3,0.0,0.0
2026-05-01,Mumbai,D2C,6110.45,68853,2752,339,49.71,24818.77
2026-05-01,Mumbai,B2B,549.64,2748,109,5,0.0,0.0
2026-05-01,Pune,D2C,4466.12,53152,2638,341,54.43,24604.59
2026-05-01,Pune,B2B,440.75,2203,88,4,0.0,0.0
2026-05-01,Bengaluru,D2C,4850.21,55384,1356,196,52.49,25860.16
2026-05-01,Bengaluru,B2B,536.31,2681,107,5,0.0,0.0
2026-05-01,Chennai,D2C,6249.9,65669,2307,338,66.89,28435.28
2026-05-01,Chennai,B2B,405.54,2027,81,4,0.0,0.0
2026-05-01,Panaji,D2C,4735.69,39820,1871,147,43.32,21313.12
2026-05-01,Panaji,B2B,552.57,2762,110,5,0.0,0.0
2026-05-02,Mumbai,D2C,4630.06,53950,1206,159,52.65,24581.79
2026-05-02,Mumbai,B2B,531.49,2657,106,5,0.0,0.0
2026-05-02,Pune,D2C,20772.1,229548,4820,460,82.94,40007.49
2026-05-02,Pune,B2B,493.05,2465,98,4,0.0,0.0
2026-05-02,Bengaluru,D2C,4531.84,50258,1730,222,36.13,15145.79
2026-05-02,Bengaluru,B2B,309.97,1549,61,3,0.0,0.0
2026-05-02,Chennai,D2C,5644.58,46129,1139,129,52.55,25359.96
2026-05-02,Chennai,B2B,507.43,2537,101,5,0.0,0.0
2026-05-02,Panaji,D2C,5925.68,50349,2432,204,65.94,29831.95
2026-05-02,Panaji,B2B,353.93,1769,70,3,0.0,0.0
2026-05-03,Mumbai,D2C,5540.34,53100,1999,151,62.89,27099.81
2026-05-03,Mumbai,B2B,456.73,2283,91,4,0.0,0.0
2026-05-03,Pune,D2C,13703.3,124344,3199,322,70.45,33558.3
2026-05-03,Pune,B2B,552.62,2763,110,5,0.0,0.0
2026-05-03,Bengaluru,D2C,5801.85,69303,3464,474,67.03,29401.92
2026-05-03,Bengaluru,B2B,399.8,1999,79,3,0.0,0.0
2026-05-03,Chennai,D2C,5033.54,51500,1750,188,55.02,27289.72
2026-05-03,Chennai,B2B,457.83,2289,91,4,0.0,0.0
2026-05-03,Panaji,D2C,6180.43,60274,2056,160,54.24,24940.77
2026-05-03,Panaji,B2B,517.79,2588,103,5,0.0,0.0
2026-05-04,Mumbai,D2C,6849.37,63447,2433,153,51.85,20958.84
2026-05-04,Mumbai,B2B,608.69,3043,121,6,0.0,0.0
2026-05-04,Pune,D2C,14831.35,133209,5281,296,87.49,42982.72
2026-05-04,Pune,B2B,490.64,2453,98,4,0.0,0.0
2026-05-04,Bengaluru,D2C,4337.33,40417,896,133,61.58,27500.47
2026-05-04,Bengaluru,B2B,599.21,2996,119,5,0.0,0.0
2026-05-04,Chennai,D2C,6233.24,54853,1869,263,39.87,19067.83
2026-05-04,Chennai,B2B,619.83,3099,123,6,0.0,0.0
2026-05-04,Panaji,D2C,4965.8,53367,1160,106,55.81,22690.67
2026-05-04,Panaji,B2B,430.51,2152,86,4,0.0,0.0
2026-05-05,Mumbai,D2C,5386.77,46581,1679,237,37.27,17302.79
2026-05-05,Mumbai,B2B,413.76,2068,82,4,0.0,0.0
2026-05-05,Pune,D2C,4750.63,43359,1681,153,42.54,19202.73
2026-05-05,Pune,B2B,387.0,1934,77,3,0.0,0.0
2026-05-05,Bengaluru,D2C,5503.24,51478,2254,160,64.48,31907.92
2026-05-05,Bengaluru,B2B,545.02,2725,109,5,0.0,0.0
2026-05-05,Chennai,D2C,4965.22,53659,1356,199,56.91,23698.96
2026-05-05,Chennai,B2B,471.64,2358,94,4,0.0,0.0
2026-05-05,Panaji,D2C,6893.45,65998,2852,420,52.77,24816.7
2026-05-05,Panaji,B2B,636.89,3184,127,6,0.0,0.0
2026-05-06,Mumbai,D2C,5207.67,46322,1670,177,61.34,30652.63
2026-05-06,Mumbai,B2B,547.77,2738,109,5,0.0,0.0
2026-05-06,Pune,D2C,5161.99,54148,1610,154,43.67,21250.71
2026-05-06,Pune,B2B,471.86,2359,94,4,0.0,0.0
2026-05-06,Bengaluru,D2C,5618.05,47728,1199,178,64.67,26186.17
2026-05-06,Bengaluru,B2B,511.98,2559,102,5,0.0,0.0
2026-05-06,Chennai,D2C,4286.53,36933,1669,94,42.22,18183.18
2026-05-06,Chennai,B2B,665.54,3327,133,6,0.0,0.0
2026-05-06,Panaji,D2C,15090.19,138888,6667,540,83.56,37378.15
2026-05-06,Panaji,B2B,375.45,1877,75,3,0.0,0.0
2026-05-07,Mumbai,D2C,6333.96,72758,3108,379,43.25,17392.52
2026-05-07,Mumbai,B2B,526.66,2633,105,5,0.0,0.0
2026-05-07,Pune,D2C,6037.97,53453,1214,145,66.89,27911.96
2026-05-07,Pune,B2B,526.87,2634,105,5,0.0,0.0
2026-05-07,Bengaluru,D2C,4924.16,53299,2361,262,38.98,18251.1
2026-05-07,Bengaluru,B2B,460.99,2304,92,4,0.0,0.0
2026-05-07,Chennai,D2C,4610.41,52578,2121,159,66.33,29523.46
2026-05-07,Chennai,B2B,573.19,2865,114,5,0.0,0.0
2026-05-07,Panaji,D2C,4169.84,45707,2010,246,38.82,18204.56
2026-05-07,Panaji,B2B,696.6,3483,139,6,0.0,0.0
2026-05-08,Mumbai,D2C,6142.67,49418,1510,150,76.38,37738.04
2026-05-08,Mumbai,B2B,465.51,2327,93,4,0.0,0.0
2026-05-08,Pune,D2C,4535.95,50601,1021,64,51.79,21998.28
2026-05-08,Pune,B2B,452.97,2264,90,4,0.0,0.0
2026-05-08,Bengaluru,D2C,4749.57,47706,2355,147,47.3,23329.37
2026-05-08,Bengaluru,B2B,427.14,2135,85,4,0.0,0.0
2026-05-08,Chennai,D2C,4732.7,39524,1635,240,52.89,23790.47
2026-05-08,Chennai,B2B,595.28,2976,119,5,0.0,0.0
2026-05-08,Panaji,D2C,5488.4,58219,1209,126,59.08,24857.82
2026-05-08,Panaji,B2B,385.85,1929,77,3,0.0,0.0
2026-05-09,Mumbai,D2C,4324.84,45086,2045,162,62.87,29824.72
2026-05-09,Mumbai,B2B,412.0,2060,82,4,0.0,0.0
2026-05-09,Pune,D2C,4181.38,49453,1449,120,38.46,18487.89
2026-05-09,Pune,B2B,478.77,2393,95,4,0.0,0.0
2026-05-09,Bengaluru,D2C,4084.92,39766,1286,129,57.99,27945.01
2026-05-09,Bengaluru,B2B,379.05,1895,75,3,0.0,0.0
2026-05-09,Chennai,D2C,4900.88,41564,986,142,63.68,28991.85
2026-05-09,Chennai,B2B,507.41,2537,101,5,0.0,0.0
2026-05-09,Panaji,D2C,6532.83,58328,1459,183,54.35,22474.76
2026-05-09,Panaji,B2B,650.22,3251,130,6,0.0,0.0
2026-05-10,Mumbai,D2C,3939.12,42510,1527,224,59.72,26946.93
2026-05-10,Mumbai,B2B,361.07,1805,72,3,0.0,0.0
2026-05-10,Pune,D2C,4804.13,42904,1710,171,57.49,26941.39
2026-05-10,Pune,B2B,583.04,2915,116,5,0.0,0.0
2026-05-10,Bengaluru,D2C,3628.06,37037,1391,111,49.39,23851.25
2026-05-10,Bengaluru,B2B,514.51,2572,102,5,0.0,0.0
2026-05-10,Chennai,D2C,3649.68,42886,1130,85,34.71,16439.88
2026-05-10,Chennai,B2B,525.33,2626,105,5,0.0,0.0
2026-05-10,Panaji,D2C,4346.45,44467,1331,112,42.53,18949.86
2026-05-10,Panaji,B2B,486.04,2430,97,4,0.0,0.0
2026-05-11,Mumbai,D2C,5586.56,59764,1723,177,68.77,27976.46
2026-05-11,Mumbai,B2B,300.64,1503,60,3,0.0,0.0
2026-05-11,Pune,D2C,5106.12,45166,1913,219,68.72,28647.55
2026-05-11,Pune,B2B,420.33,2101,84,4,0.0,0.0
2026-05-11,Bengaluru,D2C,4715.21,48130,1523,204,34.48,15587.27
2026-05-11,Bengaluru,B2B,517.19,2585,103,5,0.0,0.0
2026-05-11,Chennai,D2C,17116.89,193869,8751,1166,75.4,34911.49
2026-05-11,Chennai,B2B,418.03,2090,83,4,0.0,0.0
2026-05-11,Panaji,D2C,5247.2,43957,1576,124,71.45,34702.11
2026-05-11,Panaji,B2B,676.93,3384,135,6,0.0,0.0
2026-05-12,Mumbai,D2C,5216.57,60530,1801,222,62.71,25197.89
2026-05-12,Mumbai,B2B,511.65,2558,102,5,0.0,0.0
2026-05-12,Pune,D2C,6443.28,64047,2448,161,71.38,30689.69
2026-05-12,Pune,B2B,521.27,2606,104,5,0.0,0.0
2026-05-12,Bengaluru,D2C,5287.44,61763,2865,281,49.42,21376.39
2026-05-12,Bengaluru,B2B,357.5,1787,71,3,0.0,0.0
2026-05-12,Chennai,D2C,5325.58,49224,1265,123,39.01,18338.39
2026-05-12,Chennai,B2B,330.12,1650,66,3,0.0,0.0
2026-05-12,Panaji,D2C,4297.71,49933,1134,155,45.13,22024.43
2026-05-12,Panaji,B2B,855.65,4278,171,8,0.0,0.0
2026-05-13,Mumbai,D2C,4481.86,48084,1008,63,54.75,25527.72
2026-05-13,Mumbai,B2B,529.94,2649,105,5,0.0,0.0
2026-05-13,Pune,D2C,5856.57,64802,2414,183,73.18,29403.44
2026-05-13,Pune,B2B,595.93,2979,119,5,0.0,0.0
2026-05-13,Bengaluru,D2C,6376.98,51649,1135,130,78.45,35710.78
2026-05-13,Bengaluru,B2B,419.72,2098,83,4,0.0,0.0
2026-05-13,Chennai,D2C,2989.73,24168,681,64,32.75,13386.46
2026-05-13,Chennai,B2B,507.48,2537,101,5,0.0,0.0
2026-05-13,Panaji,D2C,5564.2,58268,1257,155,41.4,19334.15
2026-05-13,Panaji,B2B,531.13,2655,106,5,0.0,0.0
2026-05-14,Mumbai,D2C,5722.98,62681,2557,194,72.8,30429.07
2026-05-14,Mumbai,B2B,589.42,2947,117,5,0.0,0.0
2026-05-14,Pune,D2C,4716.46,53327,1070,142,43.35,21173.1
2026-05-14,Pune,B2B,561.28,2806,112,5,0.0,0.0
2026-05-14,Bengaluru,D2C,6080.29,50087,2249,150,53.5,24612.72
2026-05-14,Bengaluru,B2B,624.47,3122,124,6,0.0,0.0
2026-05-14,Chennai,D2C,3581.7,30419,1395,74,59.16,24838.27
2026-05-14,Chennai,B2B,491.65,2458,98,4,0.0,0.0
2026-05-14,Panaji,D2C,5185.93,53984,2457,134,64.81,28479.44
2026-05-14,Panaji,B2B,405.87,2029,81,4,0.0,0.0
2026-05-15,Mumbai,D2C,4656.87,39315,1808,188,35.45,15828.01
2026-05-15,Mumbai,B2B,463.93,2319,92,4,0.0,0.0
2026-05-15,Pune,D2C,5579.13,63826,1506,212,68.96,32467.63
2026-05-15,Pune,B2B,581.27,2906,116,5,0.0,0.0
2026-05-15,Bengaluru,D2C,5181.86,53074,1627,173,45.26,20096.45
2026-05-15,Bengaluru,B2B,631.94,3159,126,6,0.0,0.0
2026-05-15,Chennai,D2C,4361.18,49752,1563,195,38.8,17168.77
2026-05-15,Chennai,B2B,462.86,2314,92,4,0.0,0.0
2026-05-15,Panaji,D2C,6444.55,63786,2927,197,40.91,19031.34
2026-05-15,Panaji,B2B,657.83,3289,131,6,0.0,0.0
2026-05-16,Mumbai,D2C,4365.14,44927,1020,145,53.7,22468.98
2026-05-16,Mumbai,B2B,735.09,3675,147,7,0.0,0.0
2026-05-16,Pune,D2C,11784.36,123995,4892,530,64.24,29571.05
2026-05-16,Pune,B2B,518.29,2591,103,5,0.0,0.0
2026-05-16,Bengaluru,D2C,5143.89,54633,2560,345,71.03,35344.82
2026-05-16,Bengaluru,B2B,441.58,2207,88,4,0.0,0.0
2026-05-16,Chennai,D2C,5402.52,44280,1998,197,66.69,28762.19
2026-05-16,Chennai,B2B,564.96,2824,112,5,0.0,0.0
2026-05-16,Panaji,D2C,6592.0,55050,2523,326,53.41,23259.07
2026-05-16,Panaji,B2B,418.61,2093,83,4,0.0,0.0
2026-05-17,Mumbai,D2C,4084.0,46504,1726,195,37.94,18321.7
2026-05-17,Mumbai,B2B,494.79,2473,98,4,0.0,0.0
2026-05-17,Pune,D2C,5069.83,57691,2419,298,39.35,16807.25
2026-05-17,Pune,B2B,610.16,3050,122,6,0.0,0.0
2026-05-17,Bengaluru,D2C,3572.63,31711,1570,211,30.67,15174.77
2026-05-17,Bengaluru,B2B,552.85,2764,110,5,0.0,0.0
2026-05-17,Chennai,D2C,4579.74,48488,1288,162,36.78,16513.47
2026-05-17,Chennai,B2B,522.25,2611,104,5,0.0,0.0
2026-05-17,Panaji,D2C,4345.79,37557,1614,90,60.66,29980.44
2026-05-17,Panaji,B2B,548.24,2741,109,5,0.0,0.0
2026-05-18,Mumbai,D2C,3930.21,38944,1485,173,48.72,21198.72
2026-05-18,Mumbai,B2B,565.83,2829,113,5,0.0,0.0
2026-05-18,Pune,D2C,6522.7,70584,3147,365,40.9,17098.44
2026-05-18,Pune,B2B,481.35,2406,96,4,0.0,0.0
2026-05-18,Bengaluru,D2C,3808.91,40398,1167,166,53.71,23013.29
2026-05-18,Bengaluru,B2B,429.38,2146,85,4,0.0,0.0
2026-05-18,Chennai,D2C,3778.35,38044,1783,150,57.19,23184.74
2026-05-18,Chennai,B2B,450.77,2253,90,4,0.0,0.0
2026-05-18,Panaji,D2C,6250.79,72540,2119,204,73.73,35230.19
2026-05-18,Panaji,B2B,437.72,2188,87,4,0.0,0.0
2026-05-19,Mumbai,D2C,18261.84,203221,5324,418,100.89,44895.08
2026-05-19,Mumbai,B2B,466.5,2332,93,4,0.0,0.0
2026-05-19,Pune,D2C,7766.5,67575,2909,261,66.35,30819.04
2026-05-19,Pune,B2B,627.09,3135,125,6,0.0,0.0
2026-05-19,Bengaluru,D2C,15791.01,179294,8907,866,123.75,56273.92
2026-05-19,Bengaluru,B2B,552.04,2760,110,5,0.0,0.0
2026-05-19,Chennai,D2C,2998.26,26742,619,32,35.38,15553.58
2026-05-19,Chennai,B2B,452.05,2260,90,4,0.0,0.0
2026-05-19,Panaji,D2C,3211.61,29440,978,59,35.72,14460.86
2026-05-19,Panaji,B2B,544.94,2724,108,5,0.0,0.0
2026-05-20,Mumbai,D2C,6582.88,62350,1278,171,72.21,29340.2
2026-05-20,Mumbai,B2B,537.52,2687,107,5,0.0,0.0
2026-05-20,Pune,D2C,5434.97,54919,1683,184,72.92,36440.34
2026-05-20,Pune,B2B,487.09,2435,97,4,0.0,0.0
2026-05-20,Bengaluru,D2C,4515.84,42570,2110,254,48.68,19532.62
2026-05-20,Bengaluru,B2B,639.0,3194,127,6,0.0,0.0
2026-05-20,Chennai,D2C,5356.2,46758,966,82,70.19,35072.7
2026-05-20,Chennai,B2B,501.51,2507,100,5,0.0,0.0
2026-05-20,Panaji,D2C,7086.01,76728,2498,292,47.21,20137.39
2026-05-20,Panaji,B2B,633.74,3168,126,6,0.0,0.0
2026-05-21,Mumbai,D2C,4504.1,48681,1578,173,47.98,21423.79
2026-05-21,Mumbai,B2B,504.13,2520,100,5,0.0,0.0
2026-05-21,Pune,D2C,4158.02,33451,897,74,33.26,15325.5
2026-05-21,Pune,B2B,455.58,2277,91,4,0.0,0.0
2026-05-21,Bengaluru,D2C,4115.27,49361,2385,119,57.59,25071.13
2026-05-21,Bengaluru,B2B,515.11,2575,103,5,0.0,0.0
2026-05-21,Chennai,D2C,4836.37,48813,1944,242,43.32,18723.02
2026-05-21,Chennai,B2B,465.0,2325,93,4,0.0,0.0
2026-05-21,Panaji,D2C,3990.0,44336,2183,260,44.41,19496.87
2026-05-21,Panaji,B2B,359.01,1795,71,3,0.0,0.0
2026-05-22,Mumbai,D2C,2352.89,23199,669,85,44.98,19881.23
2026-05-22,Mumbai,B2B,463.64,2318,92,4,0.0,0.0
2026-05-22,Pune,D2C,4551.5,37230,777,86,43.96,20850.39
2026-05-22,Pune,B2B,517.06,2585,103,5,0.0,0.0
2026-05-22,Bengaluru,D2C,5115.34,54255,2077,210,68.89,31146.69
2026-05-22,Bengaluru,B2B,678.35,3391,135,6,0.0,0.0
2026-05-22,Chennai,D2C,5005.18,49460,1259,138,59.89,26762.48
2026-05-22,Chennai,B2B,527.55,2637,105,5,0.0,0.0
2026-05-22,Panaji,D2C,4928.03,52870,2311,337,40.32,18276.05
2026-05-22,Panaji,B2B,407.68,2038,81,4,0.0,0.0
2026-05-23,Mumbai,D2C,5779.68,49601,1641,189,64.63,31430.71
2026-05-23,Mumbai,B2B,512.46,2562,102,5,0.0,0.0
2026-05-23,Pune,D2C,5403.3,44797,951,57,39.96,18173.31
2026-05-23,Pune,B2B,590.03,2950,118,5,0.0,0.0
2026-05-23,Bengaluru,D2C,5458.8,58856,2329,190,45.92,19942.68
2026-05-23,Bengaluru,B2B,463.76,2318,92,4,0.0,0.0
2026-05-23,Chennai,D2C,5387.53,60724,1314,157,52.81,24988.24
2026-05-23,Chennai,B2B,633.25,3166,126,6,0.0,0.0
2026-05-23,Panaji,D2C,5099.0,43871,1938,186,38.39,18117.66
2026-05-23,Panaji,B2B,516.92,2584,103,5,0.0,0.0
2026-05-24,Mumbai,D2C,4854.88,48220,1370,166,65.7,26282.81
2026-05-24,Mumbai,B2B,493.3,2466,98,4,0.0,0.0
2026-05-24,Pune,D2C,6067.96,60427,1370,170,71.96,29560.76
2026-05-24,Pune,B2B,575.13,2875,115,5,0.0,0.0
2026-05-24,Bengaluru,D2C,5554.88,59776,1195,171,57.78,26694.41
2026-05-24,Bengaluru,B2B,564.66,2823,112,5,0.0,0.0
2026-05-24,Chennai,D2C,5714.25,59649,2817,304,44.26,21749.46
2026-05-24,Chennai,B2B,691.64,3458,138,6,0.0,0.0
2026-05-24,Panaji,D2C,6161.61,51146,1680,124,63.99,30759.22
2026-05-24,Panaji,B2B,605.89,3029,121,6,0.0,0.0
2026-05-25,Mumbai,D2C,4950.57,57764,2339,173,56.56,28112.31
2026-05-25,Mumbai,B2B,550.77,2753,110,5,0.0,0.0
2026-05-25,Pune,D2C,4821.09,56944,1369,94,49.32,22634.56
2026-05-25,Pune,B2B,523.11,2615,104,5,0.0,0.0
2026-05-25,Bengaluru,D2C,3434.03,40042,1271,118,49.88,23260.74
2026-05-25,Bengaluru,B2B,578.15,2890,115,5,0.0,0.0
2026-05-25,Chennai,D2C,3691.96,33011,1113,132,52.92,25290.89
2026-05-25,Chennai,B2B,320.47,1602,64,3,0.0,0.0
2026-05-25,Panaji,D2C,18967.26,187931,8234,930,101.51,47145.55
2026-05-25,Panaji,B2B,437.4,2187,87,4,0.0,0.0
2026-05-26,Mumbai,D2C,5141.38,61300,2523,270,37.2,16271.15
2026-05-26,Mumbai,B2B,586.67,2933,117,5,0.0,0.0
2026-05-26,Pune,D2C,6376.3,75496,2125,264,56.66,25415.84
2026-05-26,Pune,B2B,530.31,2651,106,5,0.0,0.0
2026-05-26,Bengaluru,D2C,4372.43,44078,1580,204,65.08,26390.64
2026-05-26,Bengaluru,B2B,593.16,2965,118,5,0.0,0.0
2026-05-26,Chennai,D2C,6693.75,78787,3259,333,47.52,20831.52
2026-05-26,Chennai,B2B,585.67,2928,117,5,0.0,0.0
2026-05-26,Panaji,D2C,6599.35,71645,2355,289,46.46,19338.0
2026-05-26,Panaji,B2B,560.45,2802,112,5,0.0,0.0
2026-05-27,Mumbai,D2C,4814.32,49798,1309,102,66.63,29496.0
2026-05-27,Mumbai,B2B,343.3,1716,68,3,0.0,0.0
2026-05-27,Pune,D2C,3924.31,34899,1416,172,39.93,19123.55
2026-05-27,Pune,B2B,733.53,3667,146,7,0.0,0.0
2026-05-27,Bengaluru,D2C,4504.34,39611,796,109,44.51,19649.77
2026-05-27,Bengaluru,B2B,414.36,2071,82,4,0.0,0.0
2026-05-27,Chennai,D2C,6169.22,71372,2748,282,52.06,22092.67
2026-05-27,Chennai,B2B,481.98,2409,96,4,0.0,0.0
2026-05-27,Panaji,D2C,4099.26,40855,1444,132,57.28,25345.13
2026-05-27,Panaji,B2B,710.42,3552,142,7,0.0,0.0
2026-05-28,Mumbai,D2C,5658.76,58658,2248,273,49.39,19922.19
2026-05-28,Mumbai,B2B,458.03,2290,91,4,0.0,0.0
2026-05-28,Pune,D2C,4722.72,39336,1229,69,52.3,24338.14
2026-05-28,Pune,B2B,523.21,2616,104,5,0.0,0.0
2026-05-28,Bengaluru,D2C,4570.13,44648,1967,280,66.74,32689.23
2026-05-28,Bengaluru,B2B,389.97,1949,77,3,0.0,0.0
2026-05-28,Chennai,D2C,5136.71,58294,1192,173,63.72,30380.81
2026-05-28,Chennai,B2B,494.6,2473,98,4,0.0,0.0
2026-05-28,Panaji,D2C,4911.43,49127,1568,210,38.1,16829.11
2026-05-28,Panaji,B2B,486.14,2430,97,4,0.0,0.0
2026-05-29,Mumbai,D2C,3504.75,30983,780,88,56.81,25617.01
2026-05-29,Mumbai,B2B,376.22,1881,75,3,0.0,0.0
2026-05-29,Pune,D2C,4170.14,49566,1510,119,51.71,24693.0
2026-05-29,Pune,B2B,450.81,2254,90,4,0.0,0.0
2026-05-29,Bengaluru,D2C,7149.56,84667,2112,316,58.86,27799.31
2026-05-29,Bengaluru,B2B,426.3,2131,85,4,0.0,0.0
2026-05-29,Chennai,D2C,4498.83,43112,1025,101,51.04,21446.49
2026-05-29,Chennai,B2B,772.23,3861,154,7,0.0,0.0
2026-05-29,Panaji,D2C,3876.49,35782,1240,89,32.8,15678.15
2026-05-29,Panaji,B2B,470.45,2352,94,4,0.0,0.0
2026-05-30,Mumbai,D2C,10848.62,124350,3120,446,77.0,33422.2
2026-05-30,Mumbai,B2B,622.59,3112,124,6,0.0,0.0
2026-05-30,Pune,D2C,5559.41,53533,1766,251,63.1,26802.65
2026-05-30,Pune,B2B,535.89,2679,107,5,0.0,0.0
2026-05-30,Bengaluru,D2C,4437.3,39583,1573,96,46.21,21371.49
2026-05-30,Bengaluru,B2B,434.26,2171,86,4,0.0,0.0
2026-05-30,Chennai,D2C,4658.99,39619,1785,206,36.33,15952.95
2026-05-30,Chennai,B2B,483.59,2417,96,4,0.0,0.0
2026-05-30,Panaji,D2C,5578.07,55359,1629,103,65.07,31751.27
2026-05-30,Panaji,B2B,335.99,1679,67,3,0.0,0.0
2026-05-31,Mumbai,D2C,5885.24,53035,2241,124,62.57,27223.58
2026-05-31,Mumbai,B2B,593.76,2968,118,5,0.0,0.0
2026-05-31,Pune,D2C,5510.71,55671,1309,120,50.51,21128.51
2026-05-31,Pune,B2B,537.8,2689,107,5,0.0,0.0
2026-05-31,Bengaluru,D2C,5825.45,65087,1645,216,48.72,23980.29
2026-05-31,Bengaluru,B2B,528.72,2643,105,5,0.0,0.0
2026-05-31,Chennai,D2C,5949.12,61460,2743,373,39.67,19593.38
2026-05-31,Chennai,B2B,569.57,2847,113,5,0.0,0.0
2026-05-31,Panaji,D2C,5119.33,43152,925,118,49.54,20345.1
2026-05-31,Panaji,B2B,452.41,2262,90,4,0.0,0.0
2026-06-01,Mumbai,D2C,5586.87,48298,988,118,57.93,26943.4
2026-06-01,Mumbai,B2B,544.15,2720,108,5,0.0,0.0
2026-06-01,Pune,D2C,4725.41,55570,2020,225,66.45,32771.82
2026-06-01,Pune,B2B,630.75,3153,126,6,0.0,0.0
2026-06-01,Bengaluru,D2C,3268.44,35048,1130,119,40.47,19783.86
2026-06-01,Bengaluru,B2B,561.68,2808,112,5,0.0,0.0
2026-06-01,Chennai,D2C,6315.44,71347,2972,402,55.12,22680.59
2026-06-01,Chennai,B2B,492.88,2464,98,4,0.0,0.0
2026-06-01,Panaji,D2C,4993.42,42250,1046,130,60.45,25411.29
2026-06-01,Panaji,B2B,623.04,3115,124,6,0.0,0.0
2026-06-02,Mumbai,D2C,4525.18,45049,1889,166,45.31,21936.53
2026-06-02,Mumbai,B2B,575.32,2876,115,5,0.0,0.0
2026-06-02,Pune,D2C,4121.67,34996,1239,184,39.65,18724.91
2026-06-02,Pune,B2B,692.77,3463,138,6,0.0,0.0
2026-06-02,Bengaluru,D2C,6933.07,68511,3384,235,68.13,31173.24
2026-06-02,Bengaluru,B2B,417.55,2087,83,4,0.0,0.0
2026-06-02,Chennai,D2C,7008.14,56539,2657,352,49.15,21690.14
2026-06-02,Chennai,B2B,613.47,3067,122,6,0.0,0.0
2026-06-02,Panaji,D2C,4704.52,46290,1837,139,35.08,14528.16
2026-06-02,Panaji,B2B,590.88,2954,118,5,0.0,0.0
2026-06-03,Mumbai,D2C,3281.8,27654,1314,183,54.67,25913.08
2026-06-03,Mumbai,B2B,452.8,2264,90,4,0.0,0.0
2026-06-03,Pune,D2C,4851.32,57977,1738,188,61.97,30492.38
2026-06-03,Pune,B2B,405.55,2027,81,4,0.0,0.0
2026-06-03,Bengaluru,D2C,5781.26,60249,1375,190,58.69,23711.65
2026-06-03,Bengaluru,B2B,614.41,3072,122,6,0.0,0.0
2026-06-03,Chennai,D2C,4978.74,56894,2530,142,44.0,21450.76
2026-06-03,Chennai,B2B,583.46,2917,116,5,0.0,0.0
2026-06-03,Panaji,D2C,4901.91,42649,2092,149,41.69,19431.01
2026-06-03,Panaji,B2B,593.33,2966,118,5,0.0,0.0
2026-06-04,Mumbai,D2C,1459.04,14558,470,65,19.28,9591.97
2026-06-04,Mumbai,B2B,644.66,3223,128,6,0.0,0.0
2026-06-04,Pune,D2C,11895.56,120768,3266,261,67.9,31575.25
2026-06-04,Pune,B2B,536.97,2684,107,5,0.0,0.0
2026-06-04,Bengaluru,D2C,4202.49,46919,1052,146,51.16,25326.48
2026-06-04,Bengaluru,B2B,510.12,2550,102,5,0.0,0.0
2026-06-04,Chennai,D2C,5906.44,47810,2303,263,41.95,16866.92
2026-06-04,Chennai,B2B,693.76,3468,138,6,0.0,0.0
2026-06-04,Panaji,D2C,5132.41,51317,1498,154,54.31,21831.29
2026-06-04,Panaji,B2B,445.63,2228,89,4,0.0,0.0
2026-06-05,Mumbai,D2C,4859.43,52972,2642,211,65.47,30138.14
2026-06-05,Mumbai,B2B,493.16,2465,98,4,0.0,0.0
2026-06-05,Pune,D2C,3504.65,40711,1101,74,50.21,24988.51
2026-06-05,Pune,B2B,474.73,2373,94,4,0.0,0.0
2026-06-05,Bengaluru,D2C,4158.28,39658,1806,229,51.23,21901.6
2026-06-05,Bengaluru,B2B,597.67,2988,119,5,0.0,0.0
2026-06-05,Chennai,D2C,5180.5,53465,2386,313,48.13,23890.64
2026-06-05,Chennai,B2B,551.57,2757,110,5,0.0,0.0
2026-06-05,Panaji,D2C,4920.36,50428,2160,295,56.22,27076.46
2026-06-05,Panaji,B2B,523.02,2615,104,5,0.0,0.0
2026-06-06,Mumbai,D2C,3939.69,42197,1080,127,43.75,20981.36
2026-06-06,Mumbai,B2B,426.67,2133,85,4,0.0,0.0
2026-06-06,Pune,D2C,5082.78,59792,2475,320,67.89,31740.14
2026-06-06,Pune,B2B,477.18,2385,95,4,0.0,0.0
2026-06-06,Bengaluru,D2C,5700.37,55280,2283,312,74.58,36935.45
2026-06-06,Bengaluru,B2B,460.25,2301,92,4,0.0,0.0
2026-06-06,Chennai,D2C,4198.32,37743,1754,150,52.5,24496.98
2026-06-06,Chennai,B2B,321.18,1605,64,3,0.0,0.0
2026-06-06,Panaji,D2C,4394.28,43034,1331,197,60.82,27244.81
2026-06-06,Panaji,B2B,553.82,2769,110,5,0.0,0.0
2026-06-07,Mumbai,D2C,4665.31,41496,1791,171,37.82,16162.67
2026-06-07,Mumbai,B2B,583.32,2916,116,5,0.0,0.0
2026-06-07,Pune,D2C,6471.49,68844,2855,329,70.82,29589.38
2026-06-07,Pune,B2B,442.32,2211,88,4,0.0,0.0
2026-06-07,Bengaluru,D2C,5639.16,58902,2479,206,63.85,31389.19
2026-06-07,Bengaluru,B2B,512.62,2563,102,5,0.0,0.0
2026-06-07,Chennai,D2C,4767.81,53855,2518,362,49.96,23264.4
2026-06-07,Chennai,B2B,351.77,1758,70,3,0.0,0.0
2026-06-07,Panaji,D2C,3392.73,37226,1304,171,50.83,20434.88
2026-06-07,Panaji,B2B,382.08,1910,76,3,0.0,0.0
2026-06-08,Mumbai,D2C,4025.31,45379,1653,229,54.33,24737.76
2026-06-08,Mumbai,B2B,700.13,3500,140,7,0.0,0.0
2026-06-08,Pune,D2C,3480.37,35392,1411,109,38.99,16903.73
2026-06-08,Pune,B2B,464.14,2320,92,4,0.0,0.0
2026-06-08,Bengaluru,D2C,4749.21,49239,2120,125,61.23,27938.97
2026-06-08,Bengaluru,B2B,689.55,3447,137,6,0.0,0.0
2026-06-08,Chennai,D2C,3781.85,33751,1666,166,61.38,27556.57
2026-06-08,Chennai,B2B,619.45,3097,123,6,0.0,0.0
2026-06-08,Panaji,D2C,15121.32,175695,7828,959,98.98,45330.84
2026-06-08,Panaji,B2B,347.93,1739,69,3,0.0,0.0
2026-06-09,Mumbai,D2C,5410.83,61203,3057,332,44.3,19952.3
2026-06-09,Mumbai,B2B,641.15,3205,128,6,0.0,0.0
2026-06-09,Pune,D2C,17883.26,179192,4848,666,77.09,35972.8
2026-06-09,Pune,B2B,573.95,2869,114,5,0.0,0.0
2026-06-09,Bengaluru,D2C,4190.17,37551,858,48,48.7,22604.22
2026-06-09,Bengaluru,B2B,367.94,1839,73,3,0.0,0.0
2026-06-09,Chennai,D2C,6208.26,70956,3157,468,76.29,33233.88
2026-06-09,Chennai,B2B,390.32,1951,78,3,0.0,0.0
2026-06-09,Panaji,D2C,6471.26,59898,1410,134,62.42,26288.1
2026-06-09,Panaji,B2B,439.75,2198,87,4,0.0,0.0
2026-06-10,Mumbai,D2C,5670.6,46718,1596,162,69.83,33046.91
2026-06-10,Mumbai,B2B,386.1,1930,77,3,0.0,0.0
2026-06-10,Pune,D2C,4287.86,51185,1813,225,55.1,26723.44
2026-06-10,Pune,B2B,465.08,2325,93,4,0.0,0.0
2026-06-10,Bengaluru,D2C,5694.12,49459,1503,220,67.19,28774.12
2026-06-10,Bengaluru,B2B,422.26,2111,84,4,0.0,0.0
2026-06-10,Chennai,D2C,2984.6,28116,797,93,48.58,23678.75
2026-06-10,Chennai,B2B,634.7,3173,126,6,0.0,0.0
2026-06-10,Panaji,D2C,5326.63,51718,2432,232,43.68,18171.6
2026-06-10,Panaji,B2B,465.13,2325,93,4,0.0,0.0
2026-06-11,Mumbai,D2C,6589.66,73472,3402,424,76.93,31359.99
2026-06-11,Mumbai,B2B,483.65,2418,96,4,0.0,0.0
2026-06-11,Pune,D2C,4835.85,40151,1664,205,69.43,33111.52
2026-06-11,Pune,B2B,568.13,2840,113,5,0.0,0.0
2026-06-11,Bengaluru,D2C,6015.38,52839,1450,104,60.06,29467.48
2026-06-11,Bengaluru,B2B,291.73,1458,58,2,0.0,0.0
2026-06-11,Chennai,D2C,4863.15,40751,1289,140,55.03,25001.39
2026-06-11,Chennai,B2B,477.44,2387,95,4,0.0,0.0
2026-06-11,Panaji,D2C,6266.84,58814,1327,105,45.02,20111.59
2026-06-11,Panaji,B2B,401.01,2005,80,4,0.0,0.0
2026-06-12,Mumbai,D2C,4869.74,53347,1111,117,40.81,16326.25
2026-06-12,Mumbai,B2B,379.38,1896,75,3,0.0,0.0
2026-06-12,Pune,D2C,5382.05,57352,2199,214,52.06,25442.15
2026-06-12,Pune,B2B,582.23,2911,116,5,0.0,0.0
2026-06-12,Bengaluru,D2C,4425.84,49059,2330,314,59.8,29819.96
2026-06-12,Bengaluru,B2B,356.11,1780,71,3,0.0,0.0
2026-06-12,Chennai,D2C,6053.74,48599,1896,234,74.61,36437.87
2026-06-12,Chennai,B2B,582.75,2913,116,5,0.0,0.0
2026-06-12,Panaji,D2C,14370.47,146270,4835,459,83.94,41278.45
2026-06-12,Panaji,B2B,501.59,2507,100,5,0.0,0.0
2026-06-13,Mumbai,D2C,5960.04,59588,1990,250,65.93,28537.51
2026-06-13,Mumbai,B2B,462.05,2310,92,4,0.0,0.0
2026-06-13,Pune,D2C,4712.91,43259,1204,136,67.09,31436.06
2026-06-13,Pune,B2B,451.48,2257,90,4,0.0,0.0
2026-06-13,Bengaluru,D2C,4401.45,50111,2363,224,33.47,16041.74
2026-06-13,Bengaluru,B2B,658.71,3293,131,6,0.0,0.0
2026-06-13,Chennai,D2C,5080.03,59226,2146,215,46.0,19801.97
2026-06-13,Chennai,B2B,640.16,3200,128,6,0.0,0.0
2026-06-13,Panaji,D2C,4758.56,39867,1362,131,57.03,25498.35
2026-06-13,Panaji,B2B,640.47,3202,128,6,0.0,0.0
2026-06-14,Mumbai,D2C,5025.44,43408,1766,193,61.98,25724.97
2026-06-14,Mumbai,B2B,383.76,1918,76,3,0.0,0.0
2026-06-14,Pune,D2C,5156.76,46340,1954,250,50.18,21996.62
2026-06-14,Pune,B2B,557.23,2786,111,5,0.0,0.0
2026-06-14,Bengaluru,D2C,4310.77,35225,905,105,36.06,17926.48
2026-06-14,Bengaluru,B2B,526.75,2633,105,5,0.0,0.0
2026-06-14,Chennai,D2C,5324.24,61496,1708,230,43.59,19237.97
2026-06-14,Chennai,B2B,594.57,2972,118,5,0.0,0.0
2026-06-14,Panaji,D2C,20220.97,185265,7087,607,126.2,58706.03
2026-06-14,Panaji,B2B,547.4,2737,109,5,0.0,0.0
2026-06-15,Mumbai,D2C,4441.39,43533,1091,90,43.42,17837.5
2026-06-15,Mumbai,B2B,458.1,2290,91,4,0.0,0.0
2026-06-15,Pune,D2C,6555.95,74116,1765,165,65.16,30467.07
2026-06-15,Pune,B2B,527.68,2638,105,5,0.0,0.0
2026-06-15,Bengaluru,D2C,6081.95,50947,2081,254,77.73,36482.73
2026-06-15,Bengaluru,B2B,592.52,2962,118,5,0.0,0.0
2026-06-15,Chennai,D2C,5156.59,61813,2680,298,38.74,18311.18
2026-06-15,Chennai,B2B,697.5,3487,139,6,0.0,0.0
2026-06-15,Panaji,D2C,5969.18,63362,1829,230,47.92,22443.73
2026-06-15,Panaji,B2B,573.35,2866,114,5,0.0,0.0
2026-06-16,Mumbai,D2C,4152.95,48599,2385,175,58.3,25380.01
2026-06-16,Mumbai,B2B,529.21,2646,105,5,0.0,0.0
2026-06-16,Pune,D2C,5138.82,49479,1490,191,50.55,23679.93
2026-06-16,Pune,B2B,519.34,2596,103,5,0.0,0.0
2026-06-16,Bengaluru,D2C,5322.93,51689,2155,286,69.27,28179.91
2026-06-16,Bengaluru,B2B,506.95,2534,101,5,0.0,0.0
2026-06-16,Chennai,D2C,3936.12,34153,1191,138,46.97,21915.77
2026-06-16,Chennai,B2B,382.87,1914,76,3,0.0,0.0
2026-06-16,Panaji,D2C,5159.99,43992,1932,119,50.57,21865.91
2026-06-16,Panaji,B2B,559.58,2797,111,5,0.0,0.0
2026-06-17,Mumbai,D2C,3318.19,31421,1439,163,35.0,15177.68
2026-06-17,Mumbai,B2B,572.52,2862,114,5,0.0,0.0
2026-06-17,Pune,D2C,4652.28,49294,1500,119,50.31,21205.82
2026-06-17,Pune,B2B,606.42,3032,121,6,0.0,0.0
2026-06-17,Bengaluru,D2C,4722.76,43840,2141,233,61.42,24845.32
2026-06-17,Bengaluru,B2B,486.34,2431,97,4,0.0,0.0
2026-06-17,Chennai,D2C,3815.16,38741,1755,98,49.31,23260.82
2026-06-17,Chennai,B2B,547.37,2736,109,5,0.0,0.0
2026-06-17,Panaji,D2C,5956.13,65034,2900,407,42.39,17398.53
2026-06-17,Panaji,B2B,397.91,1989,79,3,0.0,0.0
2026-06-18,Mumbai,D2C,4348.45,41766,1862,116,55.12,22069.12
2026-06-18,Mumbai,B2B,577.99,2889,115,5,0.0,0.0
2026-06-18,Pune,D2C,4697.4,53473,2455,308,42.58,19259.2
2026-06-18,Pune,B2B,420.82,2104,84,4,0.0,0.0
2026-06-18,Bengaluru,D2C,4415.41,48304,1103,87,64.01,28351.08
2026-06-18,Bengaluru,B2B,415.59,2077,83,4,0.0,0.0
2026-06-18,Chennai,D2C,3170.1,27380,754,96,40.36,16957.29
2026-06-18,Chennai,B2B,523.02,2615,104,5,0.0,0.0
2026-06-18,Panaji,D2C,6287.07,57262,1525,134,69.91,32954.8
2026-06-18,Panaji,B2B,583.57,2917,116,5,0.0,0.0
2026-06-19,Mumbai,D2C,4612.86,39604,1279,73,59.43,28452.97
2026-06-19,Mumbai,B2B,449.93,2249,89,4,0.0,0.0
2026-06-19,Pune,D2C,4161.31,49363,1286,154,59.41,26971.25
2026-06-19,Pune,B2B,515.18,2575,103,5,0.0,0.0
2026-06-19,Bengaluru,D2C,4755.11,45661,2186,271,42.8,19625.45
2026-06-19,Bengaluru,B2B,298.21,1491,59,2,0.0,0.0
2026-06-19,Chennai,D2C,4193.19,48734,1803,129,36.35,16425.05
2026-06-19,Chennai,B2B,542.31,2711,108,5,0.0,0.0
2026-06-19,Panaji,D2C,3016.37,24959,607,63,29.16,14231.87
2026-06-19,Panaji,B2B,557.13,2785,111,5,0.0,0.0
2026-06-20,Mumbai,D2C,5417.86,52006,2233,223,63.51,28612.21
2026-06-20,Mumbai,B2B,414.02,2070,82,4,0.0,0.0
2026-06-20,Pune,D2C,6448.82,67470,2946,426,55.28,25301.52
2026-06-20,Pune,B2B,551.63,2758,110,5,0.0,0.0
2026-06-20,Bengaluru,D2C,4763.26,54019,1912,235,35.16,15698.98
2026-06-20,Bengaluru,B2B,430.63,2153,86,4,0.0,0.0
2026-06-20,Chennai,D2C,14446.16,140613,5783,551,87.74,40972.39
2026-06-20,Chennai,B2B,526.87,2634,105,5,0.0,0.0
2026-06-20,Panaji,D2C,5848.97,56050,2224,295,68.51,32346.79
2026-06-20,Panaji,B2B,417.22,2086,83,4,0.0,0.0
2026-06-21,Mumbai,D2C,4130.39,47331,2163,313,34.58,15686.42
2026-06-21,Mumbai,B2B,467.56,2337,93,4,0.0,0.0
2026-06-21,Pune,D2C,6329.73,70133,2158,146,47.92,19224.64
2026-06-21,Pune,B2B,593.85,2969,118,5,0.0,0.0
2026-06-21,Bengaluru,D2C,4298.27,45187,2116,283,41.06,16975.95
2026-06-21,Bengaluru,B2B,474.27,2371,94,4,0.0,0.0
2026-06-21,Chennai,D2C,3685.98,35314,1658,126,42.29,19052.71
2026-06-21,Chennai,B2B,520.48,2602,104,5,0.0,0.0
2026-06-21,Panaji,D2C,3564.85,42430,1622,207,43.28,19615.93
2026-06-21,Panaji,B2B,538.35,2691,107,5,0.0,0.0
2026-06-22,Mumbai,D2C,6734.15,67539,2325,195,48.3,23855.27
2026-06-22,Mumbai,B2B,439.28,2196,87,4,0.0,0.0
2026-06-22,Pune,D2C,6008.82,67080,3226,362,73.56,30658.12
2026-06-22,Pune,B2B,438.3,2191,87,4,0.0,0.0
2026-06-22,Bengaluru,D2C,6294.63,69008,2991,398,52.08,24382.38
2026-06-22,Bengaluru,B2B,560.25,2801,112,5,0.0,0.0
2026-06-22,Chennai,D2C,6073.61,63105,2049,135,45.9,18717.63
2026-06-22,Chennai,B2B,412.08,2060,82,4,0.0,0.0
2026-06-22,Panaji,D2C,18145.09,149968,5057,625,77.97,33307.68
2026-06-22,Panaji,B2B,535.5,2677,107,5,0.0,0.0
2026-06-23,Mumbai,D2C,4473.69,42099,1762,195,36.16,16769.06
2026-06-23,Mumbai,B2B,360.28,1801,72,3,0.0,0.0
2026-06-23,Pune,D2C,5744.28,62639,2626,189,72.12,32392.04
2026-06-23,Pune,B2B,496.07,2480,99,4,0.0,0.0
2026-06-23,Bengaluru,D2C,4141.48,42841,1266,126,44.21,20516.62
2026-06-23,Bengaluru,B2B,543.37,2716,108,5,0.0,0.0
2026-06-23,Chennai,D2C,4811.11,46612,1410,83,42.32,17876.58
2026-06-23,Chennai,B2B,499.51,2497,99,4,0.0,0.0
2026-06-23,Panaji,D2C,14673.06,125531,2808,305,71.87,32330.75
2026-06-23,Panaji,B2B,570.31,2851,114,5,0.0,0.0
2026-06-24,Mumbai,D2C,6183.26,60800,2531,236,70.5,32866.55
2026-06-24,Mumbai,B2B,449.4,2247,89,4,0.0,0.0
2026-06-24,Pune,D2C,5116.61,54473,2568,174,53.05,26039.62
2026-06-24,Pune,B2B,237.98,1189,47,2,0.0,0.0
2026-06-24,Bengaluru,D2C,4228.21,38086,787,50,53.94,26851.16
2026-06-24,Bengaluru,B2B,490.08,2450,98,4,0.0,0.0
2026-06-24,Chennai,D2C,4903.03,53835,1267,93,41.89,19069.21
2026-06-24,Chennai,B2B,400.99,2004,80,4,0.0,0.0
2026-06-24,Panaji,D2C,5032.11,51597,2266,143,38.05,15933.62
2026-06-24,Panaji,B2B,608.04,3040,121,6,0.0,0.0
2026-06-25,Mumbai,D2C,5560.3,50031,1499,219,46.26,22672.61
2026-06-25,Mumbai,B2B,650.39,3251,130,6,0.0,0.0
2026-06-25,Pune,D2C,4001.19,47190,1536,209,39.74,18163.77
2026-06-25,Pune,B2B,521.35,2606,104,5,0.0,0.0
2026-06-25,Bengaluru,D2C,21727.29,195825,5553,329,94.31,40754.52
2026-06-25,Bengaluru,B2B,477.24,2386,95,4,0.0,0.0
2026-06-25,Chennai,D2C,5041.04,60251,1481,144,58.47,23713.37
2026-06-25,Chennai,B2B,511.41,2557,102,5,0.0,0.0
2026-06-25,Panaji,D2C,4461.26,38539,1844,218,55.29,25185.14
2026-06-25,Panaji,B2B,529.22,2646,105,5,0.0,0.0
2026-06-26,Mumbai,D2C,5863.78,50321,2047,128,45.59,21962.89
2026-06-26,Mumbai,B2B,351.96,1759,70,3,0.0,0.0
2026-06-26,Pune,D2C,6189.68,59328,2415,299,59.41,29521.25
2026-06-26,Pune,B2B,645.42,3227,129,6,0.0,0.0
2026-06-26,Bengaluru,D2C,4896.88,49816,1761,97,55.07,26988.26
2026-06-26,Bengaluru,B2B,553.66,2768,110,5,0.0,0.0
2026-06-26,Chennai,D2C,5673.16,53519,1444,117,59.49,25964.24
2026-06-26,Chennai,B2B,565.86,2829,113,5,0.0,0.0
2026-06-26,Panaji,D2C,3113.98,26100,1220,62,27.95,13489.75
2026-06-26,Panaji,B2B,686.15,3430,137,6,0.0,0.0
2026-06-27,Mumbai,D2C,10455.32,84515,3241,169,101.93,42639.39
2026-06-27,Mumbai,B2B,538.46,2692,107,5,0.0,0.0
2026-06-27,Pune,D2C,4212.88,35061,1507,163,35.25,17091.14
2026-06-27,Pune,B2B,548.08,2740,109,5,0.0,0.0
2026-06-27,Bengaluru,D2C,5805.9,67824,1514,94,75.73,33983.74
2026-06-27,Bengaluru,B2B,508.99,2544,101,5,0.0,0.0
2026-06-27,Chennai,D2C,5766.71,62908,2838,364,48.37,21292.78
2026-06-27,Chennai,B2B,425.57,2127,85,4,0.0,0.0
2026-06-27,Panaji,D2C,4735.43,46454,1640,169,62.62,28286.53
2026-06-27,Panaji,B2B,237.01,1185,47,2,0.0,0.0
2026-06-28,Mumbai,D2C,5705.04,52928,2083,134,50.68,24879.44
2026-06-28,Mumbai,B2B,383.65,1918,76,3,0.0,0.0
2026-06-28,Pune,D2C,5152.33,58819,2867,283,56.04,24747.35
2026-06-28,Pune,B2B,583.18,2915,116,5,0.0,0.0
2026-06-28,Bengaluru,D2C,4867.44,54610,2554,140,53.27,21881.29
2026-06-28,Bengaluru,B2B,426.5,2132,85,4,0.0,0.0
2026-06-28,Chennai,D2C,5037.34,55582,1218,111,59.41,24558.19
2026-06-28,Chennai,B2B,497.21,2486,99,4,0.0,0.0
2026-06-28,Panaji,D2C,4530.18,53834,2412,355,62.11,30155.96
2026-06-28,Panaji,B2B,481.21,2406,96,4,0.0,0.0
2026-06-29,Mumbai,D2C,5624.6,63402,1614,89,73.04,29244.97
2026-06-29,Mumbai,B2B,764.1,3820,152,7,0.0,0.0
2026-06-29,Pune,D2C,6215.51,55824,2407,313,49.25,19905.93
2026-06-29,Pune,B2B,394.62,1973,78,3,0.0,0.0
2026-06-29,Bengaluru,D2C,4409.7,48083,1509,208,41.58,18514.57
2026-06-29,Bengaluru,B2B,441.66,2208,88,4,0.0,0.0
2026-06-29,Chennai,D2C,5875.33,55780,2566,207,41.37,18388.82
2026-06-29,Chennai,B2B,532.24,2661,106,5,0.0,0.0
2026-06-29,Panaji,D2C,6729.05,61542,1745,164,55.65,26359.84
2026-06-29,Panaji,B2B,657.2,3285,131,6,0.0,0.0
2026-06-30,Mumbai,D2C,6273.54,73349,2415,358,48.14,22696.66
2026-06-30,Mumbai,B2B,569.72,2848,113,5,0.0,0.0
2026-06-30,Pune,D2C,6334.42,70538,3379,416,70.68,28746.32
2026-06-30,Pune,B2B,514.32,2571,102,5,0.0,0.0
2026-06-30,Bengaluru,D2C,5576.0,45598,1416,141,45.23,18875.7
2026-06-30,Bengaluru,B2B,681.09,3405,136,6,0.0,0.0
2026-06-30,Chennai,D2C,7638.1,79050,3716,361,81.16,39991.93
2026-06-30,Chennai,B2B,525.85,2629,105,5,0.0,0.0
2026-06-30,Panaji,D2C,7516.65,69948,2744,137,85.31,36105.81
2026-06-30,Panaji,B2B,431.57,2157,86,4,0.0,0.0
